Athlete Name,Athlete Position,Athlete Groups,Start Date,Session Type,Segment Name,Duration (mins),Session Load,Distance (m),Metres per Minute (m),High Intensity Running (m),No. of High Intensity Events,Sprint Distance (m),No. of Sprints,Top Speed (m/s),Percentage of Max Speed,Avg Speed (m/s),Accelerations,Decelerations
Sami Lachekar,Centre Back,"Defense, UNCG",2025-08-05,Training Session,Whole Session,85.0,547.0,4460.0,52.0,0.0,0.0,0.0,0.0,5.4,0.0,0.9,42.0,30.0
Ben,Centre Back,"Defense, UNCG",2025-08-05,Training Session,Whole Session,85.0,509.0,4437.0,52.0,23.0,2.0,0.0,0.0,6.7,0.0,0.9,43.0,34.0
Mason Dancy,Centre Back,"Defense, UNCG",2025-08-05,Training Session,Whole Session,85.0,603.0,4414.0,52.0,41.0,4.0,0.0,0.0,6.4,0.0,0.9,47.0,37.0
Mohammed Sumaila,Centre Back,"Defense, UNCG",2025-08-05,Training Session,Whole Session,85.0,651.0,4632.0,55.0,65.0,7.0,0.0,0.0,6.5,0.0,0.9,93.0,65.0
Jason Wynia,Centre Back,"Defense, UNCG",2025-08-05,Training Session,Whole Session,85.0,629.0,5174.0,61.0,100.0,9.0,7.0,1.0,6.9,0.0,1.0,53.0,51.0
Jason Wynia,Centre Back,"Defense, UNCG",2025-08-05,Training Session,Whole Session,60.0,414.0,3030.0,50.0,5.0,1.0,0.0,0.0,5.9,85.6,0.8,60.0,25.0
Mohammed Sumaila,Centre Back,"Defense, UNCG",2025-08-05,Training Session,Whole Session,60.0,447.0,3108.0,52.0,32.0,4.0,0.0,0.0,6.3,96.8,0.9,81.0,41.0
Sami Lachekar,Centre Back,"Defense, UNCG",2025-08-05,Training Session,Whole Session,60.0,411.0,3218.0,54.0,19.0,1.0,0.0,0.0,6.8,126.3,0.9,28.0,7.0
Mason Dancy,Centre Back,"Defense, UNCG",2025-08-05,Training Session,Whole Session,60.0,470.0,3336.0,56.0,18.0,2.0,0.0,0.0,6.2,96.5,0.9,52.0,24.0
Ben,Centre Back,"Defense, UNCG",2025-08-05,Training Session,Whole Session,60.0,379.0,2962.0,49.0,6.0,1.0,0.0,0.0,5.6,83.6,0.8,37.0,18.0
Téva Lossec,Left Back,"Defense, UNCG",2025-08-05,Training Session,Whole Session,85.0,757.0,4848.0,57.0,120.0,13.0,29.0,1.0,8.4,0.0,0.9,72.0,59.0
bautista schmidt,Left Back,"Defense, UNCG",2025-08-05,Training Session,Whole Session,85.0,562.0,4269.0,50.0,70.0,9.0,0.0,0.0,6.1,0.0,0.8,70.0,51.0
bautista schmidt,Left Back,"Defense, UNCG",2025-08-05,Training Session,Whole Session,60.0,435.0,3328.0,55.0,89.0,5.0,0.0,0.0,6.8,111.3,0.9,74.0,40.0
Téva Lossec,Left Back,"Defense, UNCG",2025-08-05,Training Session,Whole Session,60.0,508.0,3131.0,52.0,63.0,4.0,17.0,1.0,8.2,97.9,0.9,64.0,30.0
Trym Linberg,Right Back,"Defense, UNCG",2025-08-05,Training Session,Whole Session,85.0,649.0,4672.0,55.0,73.0,9.0,10.0,1.0,7.0,0.0,0.9,80.0,55.0
Kimito Fritz,Right Back,"Defense, UNCG",2025-08-05,Training Session,Whole Session,85.0,680.0,4867.0,57.0,72.0,9.0,0.0,0.0,6.5,0.0,1.0,83.0,60.0
Trym Linberg,Right Back,"Defense, UNCG",2025-08-05,Training Session,Whole Session,60.0,476.0,3270.0,55.0,28.0,3.0,20.0,1.0,7.6,108.9,0.9,89.0,34.0
Kimito Fritz,Right Back,"Defense, UNCG",2025-08-05,Training Session,Whole Session,60.0,520.0,3489.0,58.0,78.0,6.0,30.0,2.0,8.5,130.8,1.0,55.0,27.0
Pablo Torre,Centre Forward,"FORWARDS, UNCG",2025-08-05,Training Session,Whole Session,60.0,496.0,3431.0,57.0,37.0,4.0,0.0,0.0,6.9,0.0,1.0,51.0,20.0
Mason Poveromo,Left Winger,"FORWARDS, UNCG",2025-08-05,Training Session,Whole Session,85.0,784.0,5165.0,61.0,76.0,9.0,0.0,0.0,6.5,0.0,1.0,68.0,63.0
Mason Poveromo,Left Winger,"FORWARDS, UNCG",2025-08-05,Training Session,Whole Session,60.0,509.0,3469.0,58.0,75.0,5.0,21.0,1.0,7.7,117.9,1.0,59.0,22.0
Ethan lam,Centre Attacking Midfielder,"MIDS, UNCG",2025-08-05,Training Session,Whole Session,85.0,616.0,4727.0,56.0,73.0,8.0,0.0,0.0,6.8,0.0,0.9,64.0,49.0
Ethan lam,Centre Attacking Midfielder,"MIDS, UNCG",2025-08-05,Training Session,Whole Session,60.0,491.0,3500.0,58.0,50.0,6.0,15.0,1.0,7.6,111.8,1.0,66.0,22.0
Sigurd,Centre Midfielder,"MIDS, UNCG",2025-08-05,Training Session,Whole Session,85.0,903.0,5647.0,66.0,63.0,6.0,0.0,0.0,6.8,0.0,1.1,77.0,64.0
Sigurd,Centre Midfielder,"MIDS, UNCG",2025-08-05,Training Session,Whole Session,60.0,604.0,3633.0,61.0,11.0,2.0,0.0,0.0,5.7,85.2,1.0,74.0,28.0
Issah Haruna,Centre Attacking Midfielder,UNCG,2025-08-05,Training Session,Whole Session,85.0,693.0,4407.0,52.0,74.0,9.0,4.0,1.0,7.1,0.0,0.9,56.0,64.0
Issah Haruna,Centre Attacking Midfielder,UNCG,2025-08-05,Training Session,Whole Session,60.0,513.0,3191.0,53.0,73.0,8.0,44.0,2.0,8.0,112.2,0.9,71.0,25.0
Magnus Kjoeller,Centre Defensive Midfielder,UNCG,2025-08-05,Training Session,Whole Session,85.0,728.0,5544.0,65.0,25.0,3.0,22.0,1.0,7.6,0.0,1.1,77.0,56.0
Robert elliott,Centre Defensive Midfielder,UNCG,2025-08-05,Training Session,Whole Session,85.0,648.0,4740.0,56.0,26.0,4.0,0.0,0.0,6.4,0.0,0.9,69.0,62.0
julien le bourdoulous,Centre Defensive Midfielder,UNCG,2025-08-05,Training Session,Whole Session,85.0,142.0,1537.0,18.0,0.0,0.0,0.0,0.0,4.5,0.0,0.3,6.0,0.0
Magnus Kjoeller,Centre Defensive Midfielder,UNCG,2025-08-05,Training Session,Whole Session,60.0,452.0,3497.0,58.0,27.0,3.0,0.0,0.0,6.0,79.8,1.0,59.0,29.0
Robert elliott,Centre Defensive Midfielder,UNCG,2025-08-05,Training Session,Whole Session,60.0,469.0,3381.0,56.0,21.0,3.0,0.0,0.0,6.1,95.6,0.9,69.0,16.0
julien le bourdoulous,Centre Defensive Midfielder,UNCG,2025-08-05,Training Session,Whole Session,60.0,279.0,2096.0,35.0,0.0,0.0,0.0,0.0,4.5,100.5,0.6,15.0,2.0
Arnaud Tattevin,Centre Forward,UNCG,2025-08-05,Training Session,Whole Session,85.0,655.0,4356.0,51.0,86.0,9.0,0.0,0.0,7.0,0.0,0.9,55.0,43.0
Colton Sessoms,Centre Forward,UNCG,2025-08-05,Training Session,Whole Session,85.0,567.0,4457.0,52.0,52.0,9.0,0.0,0.0,6.5,0.0,0.9,58.0,40.0
Arnaud Tattevin,Centre Forward,UNCG,2025-08-05,Training Session,Whole Session,60.0,301.0,1893.0,32.0,0.0,0.0,0.0,0.0,5.5,77.8,0.5,27.0,6.0
Colton Sessoms,Centre Forward,UNCG,2025-08-05,Training Session,Whole Session,60.0,398.0,3162.0,53.0,14.0,1.0,0.0,0.0,6.3,98.0,0.9,58.0,17.0
Xavi Wences,Centre Midfielder,UNCG,2025-08-05,Training Session,Whole Session,85.0,660.0,4722.0,56.0,41.0,6.0,0.0,0.0,6.6,0.0,0.9,62.0,56.0
Daniel Longo,Centre Midfielder,UNCG,2025-08-05,Training Session,Whole Session,85.0,903.0,5840.0,69.0,52.0,5.0,0.0,0.0,6.8,0.0,1.1,63.0,44.0
Xavi Wences,Centre Midfielder,UNCG,2025-08-05,Training Session,Whole Session,60.0,477.0,3363.0,56.0,50.0,5.0,9.0,1.0,7.1,106.8,0.9,76.0,21.0
Daniel Longo,Centre Midfielder,UNCG,2025-08-05,Training Session,Whole Session,60.0,544.0,3545.0,59.0,26.0,4.0,0.0,0.0,5.8,85.6,1.0,60.0,26.0
Steven Hernandez,Left Winger,UNCG,2025-08-05,Training Session,Whole Session,85.0,0.0,0.0,0.0,0.0,0.0,0.0,0.0,0.0,0.0,0.0,0.0,0.0
Steven Hernandez,Left Winger,UNCG,2025-08-05,Training Session,Whole Session,60.0,353.0,2414.0,40.0,7.0,1.0,0.0,0.0,5.9,0.0,0.7,30.0,6.0
Enzo Dovlo,Right Winger,UNCG,2025-08-05,Training Session,Whole Session,85.0,627.0,4481.0,53.0,68.0,8.0,23.0,1.0,7.9,0.0,0.9,56.0,45.0
Adam Rustami,Right Winger,UNCG,2025-08-05,Training Session,Whole Session,85.0,673.0,4298.0,51.0,39.0,8.0,0.0,0.0,5.9,0.0,0.8,67.0,58.0
Adam Rustami,Right Winger,UNCG,2025-08-05,Training Session,Whole Session,60.0,475.0,3063.0,51.0,51.0,5.0,0.0,0.0,6.6,111.8,0.8,53.0,22.0
Enzo Dovlo,Right Winger,UNCG,2025-08-05,Training Session,Whole Session,60.0,476.0,3188.0,53.0,83.0,7.0,6.0,1.0,6.9,86.7,0.9,72.0,15.0
Mohammed Sumaila,Centre Back,"Defense, UNCG",2025-08-06,Training Session,Whole Session,100.0,1026.0,7362.0,74.0,243.0,21.0,61.0,5.0,7.6,116.8,1.2,74.0,43.0
Sami Lachekar,Centre Back,"Defense, UNCG",2025-08-06,Training Session,Whole Session,100.0,989.0,7000.0,70.0,107.0,10.0,0.0,0.0,6.9,101.1,1.2,46.0,29.0
Mason Dancy,Centre Back,"Defense, UNCG",2025-08-06,Training Session,Whole Session,100.0,1121.0,6995.0,70.0,203.0,24.0,93.0,7.0,8.0,124.8,1.2,50.0,50.0
Jason Wynia,Centre Back,"Defense, UNCG",2025-08-06,Training Session,Whole Session,100.0,907.0,6219.0,62.0,146.0,20.0,138.0,8.0,8.3,120.0,1.0,42.0,43.0
Ben,Centre Back,"Defense, UNCG",2025-08-06,Training Session,Whole Session,100.0,1224.0,7882.0,79.0,102.0,8.0,18.0,1.0,7.8,115.9,1.3,27.0,32.0
Ben,Centre Back,"Defense, UNCG",2025-08-06,Training Session,Whole Session,80.0,412.0,3402.0,43.0,18.0,2.0,0.0,0.0,6.3,93.6,0.7,42.0,17.0
Sami Lachekar,Centre Back,"Defense, UNCG",2025-08-06,Training Session,Whole Session,80.0,465.0,3624.0,45.0,0.0,0.0,0.0,0.0,5.3,77.1,0.8,22.0,7.0
Mason Dancy,Centre Back,"Defense, UNCG",2025-08-06,Training Session,Whole Session,80.0,507.0,3740.0,47.0,0.0,0.0,0.0,0.0,5.7,88.3,0.8,45.0,18.0
Jason Wynia,Centre Back,"Defense, UNCG",2025-08-06,Training Session,Whole Session,80.0,358.0,3294.0,41.0,13.0,2.0,0.0,0.0,6.3,91.6,0.7,31.0,14.0
Mohammed Sumaila,Centre Back,"Defense, UNCG",2025-08-06,Training Session,Whole Session,80.0,480.0,3666.0,46.0,29.0,3.0,0.0,0.0,6.5,100.8,0.8,49.0,31.0
bautista schmidt,Left Back,"Defense, UNCG",2025-08-06,Training Session,Whole Session,100.0,822.0,5300.0,53.0,255.0,20.0,53.0,5.0,7.7,113.1,0.9,55.0,71.0
Téva Lossec,Left Back,"Defense, UNCG",2025-08-06,Training Session,Whole Session,100.0,1494.0,8144.0,81.0,397.0,37.0,114.0,8.0,8.2,98.2,1.4,68.0,42.0
bautista schmidt,Left Back,"Defense, UNCG",2025-08-06,Training Session,Whole Session,80.0,488.0,3726.0,47.0,15.0,3.0,0.0,0.0,5.7,84.2,0.8,49.0,35.0
Téva Lossec,Left Back,"Defense, UNCG",2025-08-06,Training Session,Whole Session,80.0,609.0,3965.0,50.0,37.0,3.0,11.0,1.0,7.3,87.0,0.8,60.0,30.0
Kimito Fritz,Right Back,"Defense, UNCG",2025-08-06,Training Session,Whole Session,100.0,1217.0,7582.0,76.0,308.0,37.0,116.0,10.0,8.2,97.2,1.3,76.0,60.0
Trym Linberg,Right Back,"Defense, UNCG",2025-08-06,Training Session,Whole Session,100.0,1132.0,7776.0,78.0,414.0,45.0,223.0,14.0,8.4,109.7,1.3,86.0,83.0
Kimito Fritz,Right Back,"Defense, UNCG",2025-08-06,Training Session,Whole Session,80.0,559.0,3823.0,48.0,50.0,6.0,0.0,0.0,6.4,75.1,0.8,61.0,29.0
Trym Linberg,Right Back,"Defense, UNCG",2025-08-06,Training Session,Whole Session,80.0,367.0,2899.0,36.0,18.0,2.0,0.0,0.0,6.1,80.6,0.6,47.0,9.0
Pablo Torre,Centre Forward,"FORWARDS, UNCG",2025-08-06,Training Session,Whole Session,100.0,1290.0,8183.0,82.0,358.0,35.0,56.0,3.0,7.8,113.9,1.4,76.0,62.0
Pablo Torre,Centre Forward,"FORWARDS, UNCG",2025-08-06,Training Session,Whole Session,80.0,601.0,4251.0,53.0,14.0,2.0,0.0,0.0,6.3,91.3,0.9,34.0,38.0
Mason Poveromo,Left Winger,"FORWARDS, UNCG",2025-08-06,Training Session,Whole Session,100.0,1398.0,8438.0,84.0,282.0,28.0,74.0,4.0,7.8,101.4,1.4,41.0,65.0
Mason Poveromo,Left Winger,"FORWARDS, UNCG",2025-08-06,Training Session,Whole Session,80.0,444.0,3150.0,39.0,7.0,1.0,0.0,0.0,5.9,76.7,0.7,32.0,14.0
Ethan lam,Centre Attacking Midfielder,"MIDS, UNCG",2025-08-06,Training Session,Whole Session,100.0,819.0,5665.0,57.0,154.0,21.0,85.0,5.0,7.8,102.4,0.9,50.0,44.0
Ethan lam,Centre Attacking Midfielder,"MIDS, UNCG",2025-08-06,Training Session,Whole Session,80.0,396.0,2947.0,37.0,0.0,0.0,0.0,0.0,5.5,72.4,0.6,39.0,8.0
Sigurd,Centre Midfielder,"MIDS, UNCG",2025-08-06,Training Session,Whole Session,100.0,1758.0,9141.0,91.0,278.0,28.0,47.0,3.0,7.6,105.1,1.5,57.0,65.0
Sigurd,Centre Midfielder,"MIDS, UNCG",2025-08-06,Training Session,Whole Session,80.0,616.0,3951.0,49.0,33.0,5.0,10.0,1.0,7.2,107.1,0.8,53.0,34.0
Issah Haruna,Centre Attacking Midfielder,UNCG,2025-08-06,Training Session,Whole Session,100.0,839.0,4265.0,43.0,130.0,13.0,41.0,2.0,7.9,98.9,0.7,38.0,38.0
Issah Haruna,Centre Attacking Midfielder,UNCG,2025-08-06,Training Session,Whole Session,80.0,542.0,3607.0,45.0,27.0,2.0,0.0,0.0,6.9,86.8,0.8,51.0,31.0
Robert elliott,Centre Defensive Midfielder,UNCG,2025-08-06,Training Session,Whole Session,100.0,888.0,5637.0,56.0,115.0,15.0,0.0,0.0,6.5,102.6,0.9,40.0,45.0
julien le bourdoulous,Centre Defensive Midfielder,UNCG,2025-08-06,Training Session,Whole Session,100.0,1065.0,6864.0,69.0,166.0,13.0,0.0,0.0,6.8,127.2,1.1,39.0,63.0
Magnus Kjoeller,Centre Defensive Midfielder,UNCG,2025-08-06,Training Session,Whole Session,100.0,1283.0,8851.0,89.0,205.0,22.0,42.0,2.0,7.7,101.4,1.5,45.0,46.0
Magnus Kjoeller,Centre Defensive Midfielder,UNCG,2025-08-06,Training Session,Whole Session,80.0,482.0,3934.0,49.0,4.0,1.0,0.0,0.0,5.6,73.5,0.8,48.0,26.0
Robert elliott,Centre Defensive Midfielder,UNCG,2025-08-06,Training Session,Whole Session,80.0,364.0,2901.0,36.0,0.0,0.0,0.0,0.0,5.0,79.0,0.6,28.0,13.0
julien le bourdoulous,Centre Defensive Midfielder,UNCG,2025-08-06,Training Session,Whole Session,80.0,517.0,3731.0,47.0,0.0,0.0,0.0,0.0,5.3,118.7,0.8,49.0,22.0
Colton Sessoms,Centre Forward,UNCG,2025-08-06,Training Session,Whole Session,100.0,1114.0,7732.0,77.0,193.0,21.0,87.0,6.0,7.8,112.2,1.3,40.0,48.0
Arnaud Tattevin,Centre Forward,UNCG,2025-08-06,Training Session,Whole Session,100.0,1012.0,5809.0,58.0,319.0,29.0,61.0,5.0,8.5,120.9,1.0,38.0,53.0
Arnaud Tattevin,Centre Forward,UNCG,2025-08-06,Training Session,Whole Session,80.0,703.0,4397.0,55.0,280.0,20.0,0.0,0.0,6.0,86.2,0.9,31.0,5.0
Colton Sessoms,Centre Forward,UNCG,2025-08-06,Training Session,Whole Session,80.0,470.0,3713.0,46.0,41.0,5.0,0.0,0.0,6.9,107.5,0.8,51.0,20.0
Xavi Wences,Centre Midfielder,UNCG,2025-08-06,Training Session,Whole Session,100.0,1304.0,8205.0,82.0,227.0,22.0,31.0,1.0,7.6,107.9,1.4,57.0,72.0
Daniel Longo,Centre Midfielder,UNCG,2025-08-06,Training Session,Whole Session,100.0,1566.0,8469.0,85.0,375.0,39.0,93.0,11.0,7.7,112.1,1.4,72.0,65.0
Daniel Longo,Centre Midfielder,UNCG,2025-08-06,Training Session,Whole Session,80.0,542.0,3867.0,48.0,17.0,2.0,0.0,0.0,6.2,90.6,0.8,41.0,20.0
Xavi Wences,Centre Midfielder,UNCG,2025-08-06,Training Session,Whole Session,80.0,506.0,3761.0,47.0,10.0,2.0,0.0,0.0,5.9,82.8,0.8,52.0,27.0
Steven Hernandez,Left Winger,UNCG,2025-08-06,Training Session,Whole Session,100.0,516.0,3220.0,32.0,241.0,16.0,163.0,7.0,7.8,122.2,0.5,18.0,11.0
Steven Hernandez,Left Winger,UNCG,2025-08-06,Training Session,Whole Session,80.0,674.0,4609.0,58.0,367.0,19.0,0.0,0.0,6.4,107.5,1.0,35.0,7.0
Adam Rustami,Right Winger,UNCG,2025-08-06,Training Session,Whole Session,100.0,1304.0,7406.0,74.0,163.0,13.0,30.0,2.0,7.9,119.6,1.2,50.0,56.0
Enzo Dovlo,Right Winger,UNCG,2025-08-06,Training Session,Whole Session,100.0,1291.0,7912.0,79.0,442.0,42.0,149.0,10.0,8.2,103.1,1.3,81.0,79.0
Adam Rustami,Right Winger,UNCG,2025-08-06,Training Session,Whole Session,80.0,400.0,2671.0,33.0,5.0,1.0,0.0,0.0,5.8,87.9,0.6,28.0,17.0
Enzo Dovlo,Right Winger,UNCG,2025-08-06,Training Session,Whole Session,80.0,514.0,3629.0,45.0,22.0,3.0,15.0,1.0,7.4,93.2,0.8,44.0,17.0
Mohammed Sumaila,Centre Back,"Defense, UNCG",2025-08-07,Training Session,Whole Session,85.0,647.0,4341.0,51.0,122.0,15.0,31.0,3.0,7.8,102.6,0.8,80.0,38.0
Sami Lachekar,Centre Back,"Defense, UNCG",2025-08-07,Training Session,Whole Session,85.0,351.0,3289.0,39.0,0.0,0.0,0.0,0.0,5.4,78.1,0.6,25.0,9.0
Ben,Centre Back,"Defense, UNCG",2025-08-07,Training Session,Whole Session,85.0,513.0,4033.0,47.0,87.0,6.0,0.0,0.0,6.9,89.2,0.8,53.0,26.0
Mason Dancy,Centre Back,"Defense, UNCG",2025-08-07,Training Session,Whole Session,85.0,594.0,4205.0,49.0,40.0,4.0,0.0,0.0,6.4,80.3,0.8,60.0,28.0
Jason Wynia,Centre Back,"Defense, UNCG",2025-08-07,Training Session,Whole Session,85.0,638.0,5130.0,60.0,168.0,15.0,66.0,6.0,7.4,89.6,1.0,55.0,32.0
bautista schmidt,Left Back,"Defense, UNCG",2025-08-07,Training Session,Whole Session,85.0,641.0,4573.0,54.0,278.0,24.0,42.0,4.0,7.5,97.1,0.9,68.0,37.0
Téva Lossec,Left Back,"Defense, UNCG",2025-08-07,Training Session,Whole Session,85.0,698.0,4387.0,52.0,90.0,11.0,16.0,2.0,7.5,89.3,0.9,69.0,22.0
Trym Linberg,Right Back,"Defense, UNCG",2025-08-07,Training Session,Whole Session,85.0,589.0,4411.0,52.0,161.0,15.0,62.0,4.0,7.9,94.2,0.9,66.0,30.0
Kimito Fritz,Right Back,"Defense, UNCG",2025-08-07,Training Session,Whole Session,85.0,650.0,4391.0,52.0,145.0,15.0,45.0,3.0,8.1,95.4,0.9,62.0,43.0
Pablo Torre,Centre Forward,"FORWARDS, UNCG",2025-08-07,Training Session,Whole Session,85.0,498.0,3885.0,46.0,128.0,17.0,9.0,1.0,7.5,95.4,0.8,49.0,21.0
Mason Poveromo,Left Winger,"FORWARDS, UNCG",2025-08-07,Training Session,Whole Session,85.0,599.0,4139.0,49.0,47.0,4.0,0.0,0.0,6.4,82.1,0.8,47.0,33.0
Ethan lam,Centre Attacking Midfielder,"MIDS, UNCG",2025-08-07,Training Session,Whole Session,85.0,607.0,4579.0,54.0,135.0,10.0,0.0,0.0,6.7,86.8,0.9,64.0,27.0
Sigurd,Centre Midfielder,"MIDS, UNCG",2025-08-07,Training Session,Whole Session,85.0,622.0,4007.0,47.0,67.0,8.0,0.0,0.0,6.3,83.3,0.8,58.0,37.0
Issah Haruna,Centre Attacking Midfielder,UNCG,2025-08-07,Training Session,Whole Session,85.0,413.0,3046.0,36.0,58.0,8.0,0.0,0.0,6.3,78.8,0.6,33.0,10.0
Magnus Kjoeller,Centre Defensive Midfielder,UNCG,2025-08-07,Training Session,Whole Session,85.0,478.0,3980.0,47.0,109.0,10.0,0.0,0.0,6.7,88.0,0.8,47.0,20.0
Robert elliott,Centre Defensive Midfielder,UNCG,2025-08-07,Training Session,Whole Session,85.0,468.0,3569.0,42.0,17.0,3.0,0.0,0.0,6.1,94.1,0.7,50.0,33.0
julien le bourdoulous,Centre Defensive Midfielder,UNCG,2025-08-07,Training Session,Whole Session,85.0,451.0,3616.0,43.0,9.0,2.0,0.0,0.0,5.7,83.7,0.7,38.0,19.0
Arnaud Tattevin,Centre Forward,UNCG,2025-08-07,Training Session,Whole Session,85.0,541.0,3734.0,44.0,157.0,14.0,0.0,0.0,7.2,85.3,0.7,52.0,33.0
Colton Sessoms,Centre Forward,UNCG,2025-08-07,Training Session,Whole Session,85.0,447.0,3552.0,42.0,140.0,13.0,0.0,0.0,6.6,84.9,0.7,53.0,33.0
Daniel Longo,Centre Midfielder,UNCG,2025-08-07,Training Session,Whole Session,85.0,578.0,4162.0,49.0,113.0,11.0,8.0,1.0,7.4,96.5,0.8,53.0,38.0
Xavi Wences,Centre Midfielder,UNCG,2025-08-07,Training Session,Whole Session,85.0,468.0,3648.0,43.0,71.0,9.0,0.0,0.0,6.1,80.3,0.7,49.0,30.0
Steven Hernandez,Left Winger,UNCG,2025-08-07,Training Session,Whole Session,85.0,466.0,3505.0,41.0,121.0,9.0,13.0,1.0,7.3,93.3,0.7,40.0,17.0
Adam Rustami,Right Winger,UNCG,2025-08-07,Training Session,Whole Session,85.0,583.0,3907.0,46.0,90.0,13.0,0.0,0.0,6.4,81.0,0.8,46.0,36.0
Enzo Dovlo,Right Winger,UNCG,2025-08-07,Training Session,Whole Session,85.0,626.0,4542.0,53.0,179.0,17.0,26.0,3.0,7.3,89.2,0.9,53.0,33.0
Mason Dancy,Centre Back,"Defense, UNCG",2025-08-08,Training Session,Whole Session,95.0,389.0,3315.0,35.0,0.0,0.0,0.0,0.0,5.5,69.0,0.6,39.0,23.0
Mohammed Sumaila,Centre Back,"Defense, UNCG",2025-08-08,Training Session,Whole Session,95.0,480.0,3788.0,40.0,17.0,3.0,0.0,0.0,6.1,77.6,0.7,64.0,37.0
Jason Wynia,Centre Back,"Defense, UNCG",2025-08-08,Training Session,Whole Session,95.0,462.0,4259.0,45.0,78.0,11.0,42.0,4.0,7.6,91.9,0.7,32.0,27.0
Ben,Centre Back,"Defense, UNCG",2025-08-08,Training Session,Whole Session,95.0,322.0,2980.0,31.0,0.0,0.0,0.0,0.0,5.2,67.0,0.5,28.0,17.0
Sami Lachekar,Centre Back,"Defense, UNCG",2025-08-08,Training Session,Whole Session,95.0,306.0,3099.0,33.0,9.0,1.0,0.0,0.0,6.1,88.3,0.5,18.0,11.0
Jason Wynia,Centre Back,"Defense, UNCG",2025-08-08,Training Session,Whole Session,60.0,178.0,1723.0,29.0,75.0,7.0,19.0,2.0,7.2,87.4,0.5,9.0,10.0
Ben,Centre Back,"Defense, UNCG",2025-08-08,Training Session,Whole Session,60.0,188.0,1678.0,28.0,0.0,0.0,0.0,0.0,5.4,69.6,0.5,22.0,12.0
Mason Dancy,Centre Back,"Defense, UNCG",2025-08-08,Training Session,Whole Session,60.0,158.0,1507.0,25.0,12.0,1.0,0.0,0.0,6.2,78.0,0.4,11.0,5.0
Mohammed Sumaila,Centre Back,"Defense, UNCG",2025-08-08,Training Session,Whole Session,60.0,176.0,1550.0,26.0,17.0,3.0,7.0,1.0,7.2,92.5,0.4,19.0,8.0
Sami Lachekar,Centre Back,"Defense, UNCG",2025-08-08,Training Session,Whole Session,60.0,100.0,1389.0,23.0,0.0,0.0,0.0,0.0,4.4,63.1,0.4,10.0,1.0
bautista schmidt,Left Back,"Defense, UNCG",2025-08-08,Training Session,Whole Session,95.0,360.0,3180.0,33.0,67.0,6.0,0.0,0.0,6.7,87.5,0.6,45.0,26.0
Téva Lossec,Left Back,"Defense, UNCG",2025-08-08,Training Session,Whole Session,95.0,613.0,4308.0,45.0,18.0,2.0,0.0,0.0,6.0,71.6,0.8,54.0,40.0
Téva Lossec,Left Back,"Defense, UNCG",2025-08-08,Training Session,Whole Session,60.0,353.0,2332.0,39.0,61.0,9.0,23.0,2.0,7.7,91.8,0.6,27.0,20.0
bautista schmidt,Left Back,"Defense, UNCG",2025-08-08,Training Session,Whole Session,60.0,140.0,1393.0,23.0,24.0,3.0,9.0,1.0,7.3,94.5,0.4,15.0,9.0
Trym Linberg,Right Back,"Defense, UNCG",2025-08-08,Training Session,Whole Session,95.0,468.0,3796.0,40.0,57.0,6.0,0.0,0.0,6.7,80.8,0.7,52.0,32.0
Kimito Fritz,Right Back,"Defense, UNCG",2025-08-08,Training Session,Whole Session,95.0,532.0,3978.0,42.0,90.0,9.0,26.0,3.0,7.5,88.9,0.7,64.0,26.0
Kimito Fritz,Right Back,"Defense, UNCG",2025-08-08,Training Session,Whole Session,60.0,298.0,2217.0,37.0,55.0,6.0,28.0,2.0,7.5,88.6,0.6,23.0,12.0
Trym Linberg,Right Back,"Defense, UNCG",2025-08-08,Training Session,Whole Session,60.0,172.0,1427.0,24.0,29.0,3.0,5.0,1.0,7.0,83.4,0.4,14.0,9.0
Pablo Torre,Centre Forward,"FORWARDS, UNCG",2025-08-08,Training Session,Whole Session,95.0,497.0,3984.0,42.0,47.0,7.0,0.0,0.0,6.3,80.8,0.7,54.0,35.0
Pablo Torre,Centre Forward,"FORWARDS, UNCG",2025-08-08,Training Session,Whole Session,60.0,198.0,1725.0,29.0,37.0,5.0,0.0,0.0,6.1,77.8,0.5,18.0,6.0
Mason Poveromo,Left Winger,"FORWARDS, UNCG",2025-08-08,Training Session,Whole Session,95.0,545.0,3899.0,41.0,78.0,7.0,0.0,0.0,6.9,88.3,0.7,40.0,23.0
Mason Poveromo,Left Winger,"FORWARDS, UNCG",2025-08-08,Training Session,Whole Session,60.0,228.0,1748.0,29.0,78.0,6.0,0.0,0.0,6.7,85.6,0.5,10.0,5.0
Ethan lam,Centre Attacking Midfielder,"MIDS, UNCG",2025-08-08,Training Session,Whole Session,95.0,398.0,3442.0,36.0,16.0,3.0,0.0,0.0,5.8,74.6,0.6,50.0,24.0
Ethan lam,Centre Attacking Midfielder,"MIDS, UNCG",2025-08-08,Training Session,Whole Session,60.0,162.0,1315.0,22.0,44.0,5.0,10.0,1.0,7.3,93.7,0.4,9.0,3.0
Sigurd,Centre Midfielder,"MIDS, UNCG",2025-08-08,Training Session,Whole Session,95.0,659.0,4347.0,46.0,72.0,9.0,0.0,0.0,6.4,84.8,0.8,68.0,32.0
Sigurd,Centre Midfielder,"MIDS, UNCG",2025-08-08,Training Session,Whole Session,60.0,175.0,1348.0,22.0,19.0,2.0,0.0,0.0,6.3,82.7,0.4,13.0,6.0
Issah Haruna,Centre Attacking Midfielder,UNCG,2025-08-08,Training Session,Whole Session,95.0,486.0,3255.0,34.0,141.0,14.0,0.0,0.0,6.8,85.4,0.6,45.0,27.0
Issah Haruna,Centre Attacking Midfielder,UNCG,2025-08-08,Training Session,Whole Session,60.0,198.0,1628.0,27.0,134.0,12.0,14.0,2.0,7.1,89.5,0.5,14.0,10.0
Magnus Kjoeller,Centre Defensive Midfielder,UNCG,2025-08-08,Training Session,Whole Session,95.0,404.0,3618.0,38.0,12.0,2.0,0.0,0.0,5.9,76.7,0.6,29.0,26.0
julien le bourdoulous,Centre Defensive Midfielder,UNCG,2025-08-08,Training Session,Whole Session,95.0,450.0,3782.0,40.0,50.0,5.0,0.0,0.0,6.9,101.3,0.7,52.0,33.0
Robert elliott,Centre Defensive Midfielder,UNCG,2025-08-08,Training Session,Whole Session,95.0,456.0,3771.0,40.0,0.0,0.0,0.0,0.0,5.3,80.8,0.7,57.0,27.0
julien le bourdoulous,Centre Defensive Midfielder,UNCG,2025-08-08,Training Session,Whole Session,60.0,236.0,1986.0,33.0,0.0,0.0,0.0,0.0,5.0,72.6,0.6,8.0,9.0
Magnus Kjoeller,Centre Defensive Midfielder,UNCG,2025-08-08,Training Session,Whole Session,60.0,164.0,1499.0,25.0,16.0,2.0,0.0,0.0,6.1,79.8,0.4,19.0,9.0
Robert elliott,Centre Defensive Midfielder,UNCG,2025-08-08,Training Session,Whole Session,60.0,93.0,906.0,15.0,0.0,0.0,0.0,0.0,5.5,84.0,0.3,6.0,4.0
Colton Sessoms,Centre Forward,UNCG,2025-08-08,Training Session,Whole Session,95.0,444.0,3566.0,38.0,69.0,8.0,0.0,0.0,6.9,88.2,0.6,51.0,24.0
Arnaud Tattevin,Centre Forward,UNCG,2025-08-08,Training Session,Whole Session,95.0,562.0,3577.0,38.0,12.0,1.0,0.0,0.0,6.2,72.9,0.6,39.0,29.0
Colton Sessoms,Centre Forward,UNCG,2025-08-08,Training Session,Whole Session,60.0,297.0,2181.0,36.0,128.0,12.0,9.0,1.0,7.6,97.3,0.6,28.0,24.0
Arnaud Tattevin,Centre Forward,UNCG,2025-08-08,Training Session,Whole Session,60.0,227.0,2012.0,34.0,41.0,6.0,0.0,0.0,6.0,70.9,0.6,22.0,13.0
Xavi Wences,Centre Midfielder,UNCG,2025-08-08,Training Session,Whole Session,95.0,453.0,3621.0,38.0,42.0,6.0,0.0,0.0,6.1,79.2,0.6,48.0,37.0
Daniel Longo,Centre Midfielder,UNCG,2025-08-08,Training Session,Whole Session,95.0,527.0,4128.0,43.0,45.0,6.0,0.0,0.0,6.8,88.9,0.7,48.0,37.0
Daniel Longo,Centre Midfielder,UNCG,2025-08-08,Training Session,Whole Session,60.0,267.0,1991.0,33.0,14.0,1.0,0.0,0.0,6.4,84.0,0.6,28.0,17.0
Xavi Wences,Centre Midfielder,UNCG,2025-08-08,Training Session,Whole Session,60.0,131.0,1259.0,21.0,12.0,2.0,0.0,0.0,5.6,73.6,0.3,9.0,9.0
Steven Hernandez,Left Winger,UNCG,2025-08-08,Training Session,Whole Session,95.0,352.0,2784.0,29.0,26.0,2.0,5.0,1.0,7.2,92.0,0.5,35.0,18.0
Steven Hernandez,Left Winger,UNCG,2025-08-08,Training Session,Whole Session,60.0,0.0,0.0,0.0,0.0,0.0,0.0,0.0,0.0,0.0,0.0,0.0,0.0
Adam Rustami,Right Winger,UNCG,2025-08-08,Training Session,Whole Session,95.0,456.0,3606.0,38.0,90.0,11.0,19.0,3.0,7.3,91.3,0.6,38.0,32.0
Enzo Dovlo,Right Winger,UNCG,2025-08-08,Training Session,Whole Session,95.0,516.0,4110.0,43.0,65.0,5.0,0.0,0.0,6.8,83.1,0.7,69.0,28.0
Adam Rustami,Right Winger,UNCG,2025-08-08,Training Session,Whole Session,60.0,305.0,2084.0,35.0,152.0,14.0,20.0,3.0,7.5,93.9,0.6,19.0,14.0
Enzo Dovlo,Right Winger,UNCG,2025-08-08,Training Session,Whole Session,60.0,236.0,2079.0,35.0,64.0,8.0,8.0,1.0,7.1,87.4,0.6,20.0,10.0
Sami Lachekar,Centre Back,"Defense, UNCG",2025-08-09,Match Session,Whole Session,90.0,1138.0,6833.0,76.0,121.0,11.0,6.0,1.0,7.3,105.2,1.3,38.0,46.0
Jason Wynia,Centre Back,"Defense, UNCG",2025-08-09,Match Session,Whole Session,90.0,12.0,232.0,3.0,0.0,0.0,0.0,0.0,2.0,23.6,0.0,0.0,0.0
Mohammed Sumaila,Centre Back,"Defense, UNCG",2025-08-09,Match Session,Whole Session,90.0,654.0,3764.0,42.0,181.0,18.0,40.0,5.0,7.7,99.0,0.7,35.0,26.0
Mason Dancy,Centre Back,"Defense, UNCG",2025-08-09,Match Session,Whole Session,90.0,98.0,722.0,8.0,10.0,2.0,13.0,1.0,7.9,98.9,0.1,4.0,4.0
Ben,Centre Back,"Defense, UNCG",2025-08-09,Match Session,Whole Session,45.0,623.0,3750.0,83.0,52.0,7.0,10.0,1.0,7.3,94.6,1.4,19.0,20.0
Téva Lossec,Left Back,"Defense, UNCG",2025-08-09,Match Session,Whole Session,90.0,1737.0,7957.0,88.0,438.0,40.0,166.0,7.0,8.7,104.4,1.5,64.0,77.0
bautista schmidt,Left Back,"Defense, UNCG",2025-08-09,Match Session,Whole Session,90.0,112.0,759.0,8.0,35.0,4.0,0.0,0.0,6.5,84.8,0.1,8.0,9.0
Kimito Fritz,Right Back,"Defense, UNCG",2025-08-09,Match Session,Whole Session,90.0,859.0,4777.0,53.0,182.0,19.0,117.0,4.0,8.3,97.5,0.9,33.0,48.0
Trym Linberg,Right Back,"Defense, UNCG",2025-08-09,Match Session,Whole Session,90.0,652.0,3739.0,42.0,150.0,17.0,82.0,8.0,7.8,93.1,0.7,34.0,30.0
Pablo Torre,Centre Forward,"FORWARDS, UNCG",2025-08-09,Match Session,Whole Session,90.0,935.0,4279.0,48.0,271.0,26.0,72.0,7.0,8.1,103.6,0.8,35.0,32.0
Mason Poveromo,Left Winger,"FORWARDS, UNCG",2025-08-09,Match Session,Whole Session,90.0,7.0,153.0,2.0,0.0,0.0,0.0,0.0,1.4,18.4,0.0,0.0,0.0
Ethan lam,Centre Attacking Midfielder,"MIDS, UNCG",2025-08-09,Match Session,Whole Session,90.0,12.0,260.0,3.0,0.0,0.0,0.0,0.0,2.5,32.4,0.0,0.0,0.0
Sigurd,Centre Midfielder,"MIDS, UNCG",2025-08-09,Match Session,Whole Session,90.0,487.0,2179.0,24.0,66.0,6.0,0.0,0.0,6.3,83.1,0.4,18.0,22.0
Issah Haruna,Centre Attacking Midfielder,UNCG,2025-08-09,Match Session,Whole Session,21.0,453.0,1985.0,95.0,187.0,18.0,51.0,3.0,7.5,94.5,1.6,15.0,20.0
julien le bourdoulous,Centre Defensive Midfielder,UNCG,2025-08-09,Match Session,Whole Session,90.0,1040.0,6507.0,72.0,207.0,18.0,13.0,2.0,7.1,103.3,1.2,44.0,67.0
Robert elliott,Centre Defensive Midfielder,UNCG,2025-08-09,Match Session,Whole Session,90.0,11.0,246.0,3.0,0.0,0.0,0.0,0.0,1.8,27.3,0.0,0.0,0.0
Magnus Kjoeller,Centre Defensive Midfielder,UNCG,2025-08-09,Match Session,Whole Session,90.0,1208.0,6963.0,77.0,278.0,25.0,30.0,2.0,8.0,104.7,1.3,39.0,42.0
Colton Sessoms,Centre Forward,UNCG,2025-08-09,Match Session,Whole Session,90.0,758.0,4569.0,51.0,222.0,18.0,27.0,3.0,7.8,99.9,0.8,22.0,32.0
Arnaud Tattevin,Centre Forward,UNCG,2025-08-09,Match Session,Whole Session,90.0,978.0,4729.0,53.0,284.0,28.0,86.0,7.0,8.5,100.2,0.9,37.0,34.0
Xavi Wences,Centre Midfielder,UNCG,2025-08-09,Match Session,Whole Session,90.0,127.0,755.0,8.0,12.0,1.0,0.0,0.0,6.6,86.4,0.1,1.0,6.0
Daniel Longo,Centre Midfielder,UNCG,2025-08-09,Match Session,Whole Session,90.0,1553.0,7372.0,82.0,224.0,19.0,0.0,0.0,6.9,90.0,1.4,42.0,64.0
Steven Hernandez,Left Winger,UNCG,2025-08-09,Match Session,Whole Session,90.0,0.0,0.0,0.0,0.0,0.0,0.0,0.0,0.0,0.0,0.0,0.0,0.0
Adam Rustami,Right Winger,UNCG,2025-08-09,Match Session,Whole Session,90.0,863.0,3967.0,44.0,160.0,13.0,24.0,2.0,7.9,98.8,0.7,22.0,43.0
Enzo Dovlo,Right Winger,UNCG,2025-08-09,Match Session,Whole Session,45.0,835.0,4490.0,100.0,267.0,29.0,58.0,4.0,8.2,100.3,1.7,39.0,49.0
Ben,Centre Back,"Defense, UNCG",2025-08-10,Match Session,Whole Session,90.0,615.0,4038.0,45.0,45.0,3.0,0.0,0.0,6.8,87.1,0.7,18.0,10.0
Mohammed Sumaila,Centre Back,"Defense, UNCG",2025-08-10,Match Session,Whole Session,90.0,704.0,4727.0,53.0,122.0,12.0,0.0,0.0,7.1,90.5,0.9,53.0,25.0
Jason Wynia,Centre Back,"Defense, UNCG",2025-08-10,Match Session,Whole Session,90.0,865.0,5867.0,65.0,99.0,11.0,42.0,2.0,8.3,100.1,1.1,28.0,38.0
Mason Dancy,Centre Back,"Defense, UNCG",2025-08-10,Match Session,Whole Session,90.0,1066.0,6767.0,75.0,94.0,11.0,70.0,3.0,8.1,101.1,1.3,60.0,21.0
bautista schmidt,Left Back,"Defense, UNCG",2025-08-10,Match Session,Whole Session,90.0,886.0,5133.0,57.0,250.0,27.0,64.0,7.0,7.5,98.0,0.9,35.0,43.0
Trym Linberg,Right Back,"Defense, UNCG",2025-08-10,Match Session,Whole Session,90.0,534.0,3853.0,43.0,122.0,12.0,73.0,3.0,8.1,97.5,0.7,25.0,23.0
Kimito Fritz,Right Back,"Defense, UNCG",2025-08-10,Match Session,Whole Session,90.0,111.0,842.0,9.0,15.0,2.0,11.0,1.0,7.5,88.3,0.2,8.0,3.0
Pablo Torre,Centre Forward,"FORWARDS, UNCG",2025-08-10,Match Session,Whole Session,90.0,745.0,4713.0,52.0,205.0,20.0,22.0,2.0,7.6,93.7,0.9,52.0,35.0
Mason Poveromo,Left Winger,"FORWARDS, UNCG",2025-08-10,Match Session,Whole Session,90.0,1490.0,8689.0,97.0,358.0,36.0,82.0,6.0,8.1,103.4,1.6,58.0,75.0
Ethan lam,Centre Attacking Midfielder,"MIDS, UNCG",2025-08-10,Match Session,Whole Session,90.0,1475.0,8997.0,100.0,247.0,25.0,11.0,1.0,7.3,94.7,1.7,56.0,57.0
Sigurd,Centre Midfielder,"MIDS, UNCG",2025-08-10,Match Session,Whole Session,90.0,1528.0,7634.0,85.0,148.0,14.0,0.0,0.0,6.5,85.6,1.4,36.0,54.0
Issah Haruna,Centre Attacking Midfielder,UNCG,2025-08-10,Match Session,Whole Session,90.0,266.0,1453.0,16.0,36.0,4.0,0.0,0.0,7.2,90.0,0.3,24.0,9.0
Magnus Kjoeller,Centre Defensive Midfielder,UNCG,2025-08-10,Match Session,Whole Session,90.0,565.0,3641.0,40.0,40.0,5.0,0.0,0.0,6.6,81.9,0.7,29.0,10.0
Robert elliott,Centre Defensive Midfielder,UNCG,2025-08-10,Match Session,Whole Session,90.0,1418.0,8249.0,92.0,68.0,9.0,22.0,1.0,8.3,126.9,1.5,54.0,74.0
Arnaud Tattevin,Centre Forward,UNCG,2025-08-10,Match Session,Whole Session,90.0,727.0,4382.0,49.0,172.0,15.0,9.0,2.0,7.1,83.6,0.8,28.0,26.0
Colton Sessoms,Centre Forward,UNCG,2025-08-10,Match Session,Whole Session,90.0,613.0,4034.0,45.0,161.0,16.0,17.0,1.0,8.1,104.5,0.7,36.0,20.0
Xavi Wences,Centre Midfielder,UNCG,2025-08-10,Match Session,Whole Session,90.0,866.0,4811.0,53.0,217.0,24.0,20.0,2.0,7.4,96.4,0.9,31.0,42.0
Steven Hernandez,Left Winger,UNCG,2025-08-10,Match Session,Whole Session,90.0,0.0,1.0,0.0,0.0,0.0,0.0,0.0,0.2,3.1,0.0,0.0,0.0
Adam Rustami,Right Winger,UNCG,2025-08-10,Match Session,Whole Session,90.0,862.0,4777.0,53.0,211.0,21.0,9.0,1.0,7.3,92.4,0.9,38.0,51.0
Ben,Centre Back,"Defense, UNCG",2025-08-12,Training Session,Whole Session,82.0,464.0,3968.0,48.0,58.0,7.0,21.0,1.0,7.4,96.0,0.8,31.0,33.0
Jason Wynia,Centre Back,"Defense, UNCG",2025-08-12,Training Session,Whole Session,82.0,398.0,3636.0,44.0,43.0,4.0,0.0,0.0,6.4,77.3,0.7,33.0,24.0
Sami Lachekar,Centre Back,"Defense, UNCG",2025-08-12,Training Session,Whole Session,82.0,494.0,4162.0,51.0,22.0,2.0,0.0,0.0,6.9,94.7,0.8,35.0,32.0
Mason Dancy,Centre Back,"Defense, UNCG",2025-08-12,Training Session,Whole Session,82.0,494.0,4147.0,51.0,58.0,7.0,35.0,2.0,8.4,104.2,0.8,40.0,32.0
Mohammed Sumaila,Centre Back,"Defense, UNCG",2025-08-12,Training Session,Whole Session,82.0,491.0,4259.0,52.0,18.0,1.0,0.0,0.0,6.7,85.5,0.9,44.0,19.0
Téva Lossec,Left Back,"Defense, UNCG",2025-08-12,Training Session,Whole Session,82.0,633.0,4294.0,52.0,172.0,15.0,35.0,2.0,7.9,90.9,0.9,54.0,26.0
bautista schmidt,Left Back,"Defense, UNCG",2025-08-12,Training Session,Whole Session,82.0,418.0,3627.0,44.0,76.0,8.0,16.0,2.0,7.6,99.0,0.7,53.0,28.0
Kimito Fritz,Right Back,"Defense, UNCG",2025-08-12,Training Session,Whole Session,82.0,546.0,4179.0,51.0,87.0,12.0,54.0,5.0,7.7,90.5,0.8,63.0,35.0
Trym Linberg,Right Back,"Defense, UNCG",2025-08-12,Training Session,Whole Session,82.0,520.0,4324.0,53.0,71.0,7.0,42.0,2.0,8.1,97.3,0.9,60.0,37.0
Pablo Torre,Centre Forward,"FORWARDS, UNCG",2025-08-12,Training Session,Whole Session,82.0,540.0,4265.0,52.0,99.0,11.0,22.0,2.0,7.5,93.0,0.9,48.0,31.0
Mason Poveromo,Left Winger,"FORWARDS, UNCG",2025-08-12,Training Session,Whole Session,82.0,695.0,4968.0,61.0,150.0,19.0,4.0,1.0,6.9,85.7,1.0,33.0,32.0
Ethan lam,Centre Attacking Midfielder,"MIDS, UNCG",2025-08-12,Training Session,Whole Session,82.0,467.0,3594.0,44.0,44.0,5.0,0.0,0.0,6.4,82.1,0.7,50.0,24.0
Sigurd,Centre Midfielder,"MIDS, UNCG",2025-08-12,Training Session,Whole Session,82.0,532.0,3704.0,45.0,48.0,5.0,0.0,0.0,6.6,87.2,0.8,52.0,23.0
Issah Haruna,Centre Attacking Midfielder,UNCG,2025-08-12,Training Session,Whole Session,82.0,654.0,4033.0,49.0,108.0,15.0,5.0,1.0,7.0,88.0,0.8,45.0,42.0
Magnus Kjoeller,Centre Defensive Midfielder,UNCG,2025-08-12,Training Session,Whole Session,82.0,523.0,4586.0,56.0,31.0,5.0,0.0,0.0,6.0,74.5,0.9,39.0,29.0
Robert elliott,Centre Defensive Midfielder,UNCG,2025-08-12,Training Session,Whole Session,82.0,372.0,2929.0,36.0,10.0,1.0,0.0,0.0,6.3,75.8,0.6,29.0,30.0
julien le bourdoulous,Centre Defensive Midfielder,UNCG,2025-08-12,Training Session,Whole Session,82.0,652.0,4639.0,57.0,14.0,2.0,0.0,0.0,6.3,89.0,0.9,44.0,54.0
Colton Sessoms,Centre Forward,UNCG,2025-08-12,Training Session,Whole Session,82.0,548.0,4123.0,50.0,118.0,14.0,24.0,2.0,7.6,92.9,0.8,72.0,31.0
Arnaud Tattevin,Centre Forward,UNCG,2025-08-12,Training Session,Whole Session,82.0,583.0,4273.0,52.0,68.0,9.0,0.0,0.0,6.6,77.9,0.9,62.0,32.0
Xavi Wences,Centre Midfielder,UNCG,2025-08-12,Training Session,Whole Session,82.0,379.0,2960.0,36.0,45.0,5.0,0.0,0.0,6.2,80.6,0.6,39.0,36.0
Daniel Longo,Centre Midfielder,UNCG,2025-08-12,Training Session,Whole Session,82.0,670.0,4554.0,56.0,42.0,5.0,0.0,0.0,6.3,82.1,0.9,52.0,32.0
Steven Hernandez,Left Winger,UNCG,2025-08-12,Training Session,Whole Session,82.0,688.0,3916.0,48.0,0.0,0.0,0.0,0.0,5.0,63.6,0.8,8.0,1.0
Enzo Dovlo,Right Winger,UNCG,2025-08-12,Training Session,Whole Session,82.0,617.0,4380.0,53.0,123.0,17.0,77.0,3.0,8.2,99.2,0.9,64.0,47.0
Adam Rustami,Right Winger,UNCG,2025-08-12,Training Session,Whole Session,82.0,534.0,3811.0,46.0,18.0,2.0,0.0,0.0,6.0,76.1,0.8,43.0,26.0
Ben,Centre Back,"Defense, UNCG",2025-08-13,Training Session,Whole Session,87.0,8.0,52.0,1.0,0.0,0.0,0.0,0.0,3.6,45.9,0.0,1.0,1.0
Jason Wynia,Centre Back,"Defense, UNCG",2025-08-13,Training Session,Whole Session,87.0,1.0,28.0,0.0,0.0,0.0,0.0,0.0,1.0,12.6,0.0,0.0,0.0
Sami Lachekar,Centre Back,"Defense, UNCG",2025-08-13,Training Session,Whole Session,87.0,0.0,10.0,0.0,0.0,0.0,0.0,0.0,0.7,10.2,0.0,0.0,0.0
Mohammed Sumaila,Centre Back,"Defense, UNCG",2025-08-13,Training Session,Whole Session,87.0,0.0,8.0,0.0,0.0,0.0,0.0,0.0,0.2,3.2,0.0,0.0,0.0
Mason Dancy,Centre Back,"Defense, UNCG",2025-08-13,Training Session,Whole Session,87.0,6.0,50.0,1.0,0.0,0.0,0.0,0.0,2.8,32.8,0.0,1.0,0.0
Téva Lossec,Left Back,"Defense, UNCG",2025-08-13,Training Session,Whole Session,87.0,0.0,4.0,0.0,0.0,0.0,0.0,0.0,0.4,5.1,0.0,0.0,0.0
bautista schmidt,Left Back,"Defense, UNCG",2025-08-13,Training Session,Whole Session,87.0,0.0,8.0,0.0,0.0,0.0,0.0,0.0,1.2,15.3,0.0,0.0,0.0
Trym Linberg,Right Back,"Defense, UNCG",2025-08-13,Training Session,Whole Session,87.0,0.0,3.0,0.0,0.0,0.0,0.0,0.0,0.2,2.9,0.0,0.0,0.0
Kimito Fritz,Right Back,"Defense, UNCG",2025-08-13,Training Session,Whole Session,87.0,0.0,13.0,0.0,0.0,0.0,0.0,0.0,1.0,11.8,0.0,0.0,0.0
Pablo Torre,Centre Forward,"FORWARDS, UNCG",2025-08-13,Training Session,Whole Session,87.0,3.0,56.0,1.0,0.0,0.0,0.0,0.0,1.6,19.6,0.0,0.0,0.0
Mason Poveromo,Left Winger,"FORWARDS, UNCG",2025-08-13,Training Session,Whole Session,87.0,1.0,9.0,0.0,0.0,0.0,0.0,0.0,1.0,12.2,0.0,0.0,0.0
Ethan lam,Centre Attacking Midfielder,"MIDS, UNCG",2025-08-13,Training Session,Whole Session,87.0,0.0,16.0,0.0,0.0,0.0,0.0,0.0,0.3,3.6,0.0,2.0,0.0
Sigurd,Centre Midfielder,"MIDS, UNCG",2025-08-13,Training Session,Whole Session,87.0,1.0,29.0,0.0,0.0,0.0,0.0,0.0,0.9,12.4,0.0,0.0,0.0
Issah Haruna,Centre Attacking Midfielder,UNCG,2025-08-13,Training Session,Whole Session,87.0,0.0,4.0,0.0,0.0,0.0,0.0,0.0,0.4,4.9,0.0,0.0,0.0
julien le bourdoulous,Centre Defensive Midfielder,UNCG,2025-08-13,Training Session,Whole Session,87.0,1.0,15.0,0.0,0.0,0.0,0.0,0.0,1.0,14.7,0.0,0.0,0.0
Robert elliott,Centre Defensive Midfielder,UNCG,2025-08-13,Training Session,Whole Session,87.0,4.0,53.0,1.0,0.0,0.0,0.0,0.0,1.5,18.0,0.0,0.0,0.0
Magnus Kjoeller,Centre Defensive Midfielder,UNCG,2025-08-13,Training Session,Whole Session,87.0,3.0,38.0,0.0,0.0,0.0,0.0,0.0,1.3,16.2,0.0,0.0,0.0
Arnaud Tattevin,Centre Forward,UNCG,2025-08-13,Training Session,Whole Session,87.0,5.0,44.0,1.0,0.0,0.0,0.0,0.0,4.4,51.5,0.0,2.0,0.0
Colton Sessoms,Centre Forward,UNCG,2025-08-13,Training Session,Whole Session,87.0,1.0,21.0,0.0,0.0,0.0,0.0,0.0,1.1,13.7,0.0,1.0,0.0
Daniel Longo,Centre Midfielder,UNCG,2025-08-13,Training Session,Whole Session,87.0,1.0,25.0,0.0,0.0,0.0,0.0,0.0,1.0,13.6,0.0,0.0,0.0
Xavi Wences,Centre Midfielder,UNCG,2025-08-13,Training Session,Whole Session,87.0,1.0,32.0,0.0,0.0,0.0,0.0,0.0,1.3,17.4,0.0,0.0,0.0
Steven Hernandez,Left Winger,UNCG,2025-08-13,Training Session,Whole Session,87.0,0.0,4.0,0.0,0.0,0.0,0.0,0.0,0.6,8.1,0.0,0.0,0.0
Enzo Dovlo,Right Winger,UNCG,2025-08-13,Training Session,Whole Session,87.0,0.0,1.0,0.0,0.0,0.0,0.0,0.0,0.2,2.5,0.0,0.0,0.0
Adam Rustami,Right Winger,UNCG,2025-08-13,Training Session,Whole Session,87.0,1.0,13.0,0.0,0.0,0.0,0.0,0.0,1.3,15.9,0.0,0.0,0.0
Jason Wynia,Centre Back,"Defense, UNCG",2025-08-14,Training Session,Whole Session,85.0,386.0,3742.0,44.0,118.0,9.0,57.0,4.0,7.4,89.8,0.7,29.0,16.0
Sami Lachekar,Centre Back,"Defense, UNCG",2025-08-14,Training Session,Whole Session,85.0,357.0,3590.0,42.0,0.0,0.0,0.0,0.0,4.2,57.6,0.7,13.0,2.0
Mason Dancy,Centre Back,"Defense, UNCG",2025-08-14,Training Session,Whole Session,85.0,514.0,3860.0,45.0,110.0,10.0,16.0,2.0,7.3,87.2,0.8,23.0,14.0
Mohammed Sumaila,Centre Back,"Defense, UNCG",2025-08-14,Training Session,Whole Session,85.0,486.0,3459.0,41.0,67.0,6.0,34.0,3.0,8.0,101.8,0.7,40.0,17.0
Ben,Centre Back,"Defense, UNCG",2025-08-14,Training Session,Whole Session,85.0,466.0,3802.0,45.0,33.0,2.0,0.0,0.0,6.4,83.0,0.7,26.0,16.0
Téva Lossec,Left Back,"Defense, UNCG",2025-08-14,Training Session,Whole Session,85.0,589.0,4316.0,51.0,46.0,6.0,30.0,1.0,8.2,94.0,0.8,40.0,21.0
bautista schmidt,Left Back,"Defense, UNCG",2025-08-14,Training Session,Whole Session,85.0,396.0,3347.0,39.0,155.0,15.0,25.0,3.0,7.2,93.3,0.7,32.0,20.0
Trym Linberg,Right Back,"Defense, UNCG",2025-08-14,Training Session,Whole Session,85.0,620.0,4864.0,57.0,216.0,20.0,29.0,3.0,7.5,90.2,1.0,71.0,41.0
Kimito Fritz,Right Back,"Defense, UNCG",2025-08-14,Training Session,Whole Session,85.0,617.0,4521.0,53.0,91.0,7.0,46.0,3.0,7.5,88.2,0.9,39.0,12.0
Pablo Torre,Centre Forward,"FORWARDS, UNCG",2025-08-14,Training Session,Whole Session,85.0,492.0,3943.0,46.0,103.0,11.0,0.0,0.0,7.1,87.5,0.8,36.0,28.0
Mason Poveromo,Left Winger,"FORWARDS, UNCG",2025-08-14,Training Session,Whole Session,85.0,490.0,3969.0,47.0,92.0,9.0,6.0,1.0,7.2,89.8,0.8,22.0,12.0
Ethan lam,Centre Attacking Midfielder,"MIDS, UNCG",2025-08-14,Training Session,Whole Session,85.0,504.0,4254.0,50.0,64.0,6.0,0.0,0.0,6.4,82.6,0.8,31.0,19.0
Sigurd,Centre Midfielder,"MIDS, UNCG",2025-08-14,Training Session,Whole Session,85.0,675.0,4558.0,54.0,56.0,2.0,0.0,0.0,6.7,88.1,0.9,66.0,29.0
Issah Haruna,Centre Attacking Midfielder,UNCG,2025-08-14,Training Session,Whole Session,85.0,368.0,2856.0,34.0,73.0,6.0,0.0,0.0,6.7,84.2,0.6,17.0,5.0
julien le bourdoulous,Centre Defensive Midfielder,UNCG,2025-08-14,Training Session,Whole Session,85.0,630.0,4889.0,58.0,51.0,5.0,40.0,2.0,7.9,111.4,1.0,50.0,15.0
Magnus Kjoeller,Centre Defensive Midfielder,UNCG,2025-08-14,Training Session,Whole Session,85.0,548.0,4860.0,57.0,0.0,0.0,0.0,0.0,5.3,65.7,1.0,55.0,13.0
Robert elliott,Centre Defensive Midfielder,UNCG,2025-08-14,Training Session,Whole Session,85.0,466.0,3974.0,47.0,9.0,1.0,0.0,0.0,6.4,77.2,0.8,34.0,17.0
Colton Sessoms,Centre Forward,UNCG,2025-08-14,Training Session,Whole Session,85.0,487.0,4174.0,49.0,180.0,17.0,24.0,3.0,7.6,92.8,0.8,38.0,27.0
Arnaud Tattevin,Centre Forward,UNCG,2025-08-14,Training Session,Whole Session,85.0,729.0,5083.0,60.0,166.0,16.0,15.0,2.0,7.2,84.9,1.0,33.0,25.0
Daniel Longo,Centre Midfielder,UNCG,2025-08-14,Training Session,Whole Session,85.0,672.0,5002.0,59.0,72.0,8.0,0.0,0.0,6.1,79.7,1.0,50.0,20.0
Xavi Wences,Centre Midfielder,UNCG,2025-08-14,Training Session,Whole Session,85.0,439.0,3607.0,42.0,68.0,7.0,0.0,0.0,6.7,88.1,0.7,43.0,10.0
Steven Hernandez,Left Winger,UNCG,2025-08-14,Training Session,Whole Session,85.0,450.0,3098.0,36.0,32.0,2.0,0.0,0.0,6.7,85.6,0.6,24.0,16.0
Adam Rustami,Right Winger,UNCG,2025-08-14,Training Session,Whole Session,85.0,456.0,3438.0,40.0,99.0,7.0,13.0,2.0,7.2,90.8,0.7,33.0,17.0
Enzo Dovlo,Right Winger,UNCG,2025-08-14,Training Session,Whole Session,85.0,637.0,4766.0,56.0,119.0,9.0,0.0,0.0,6.8,82.9,0.9,35.0,23.0
Sami Lachekar,Centre Back,"Defense, UNCG",2025-08-15,Match Session,Whole Session,90.0,1154.0,7285.0,81.0,190.0,20.0,34.0,3.0,7.9,108.8,1.3,44.0,38.0
Mohammed Sumaila,Centre Back,"Defense, UNCG",2025-08-15,Match Session,Whole Session,,,,,,,,,,,,,
Jason Wynia,Centre Back,"Defense, UNCG",2025-08-15,Match Session,Whole Session,,,,,,,,,,,,,
Mason Dancy,Centre Back,"Defense, UNCG",2025-08-15,Match Session,Whole Session,,,,,,,,,,,,,
Ben,Centre Back,"Defense, UNCG",2025-08-15,Match Session,Whole Session,,,,,,,,,,,,,
Téva Lossec,Left Back,"Defense, UNCG",2025-08-15,Match Session,Whole Session,90.0,2204.0,10302.0,114.0,598.0,57.0,139.0,13.0,7.7,88.2,1.9,66.0,75.0
bautista schmidt,Left Back,"Defense, UNCG",2025-08-15,Match Session,Whole Session,,,,,,,,,,,,,
Trym Linberg,Right Back,"Defense, UNCG",2025-08-15,Match Session,Whole Session,90.0,998.0,6436.0,72.0,284.0,29.0,159.0,6.0,8.5,102.2,1.2,46.0,68.0
Kimito Fritz,Right Back,"Defense, UNCG",2025-08-15,Match Session,Whole Session,90.0,1393.0,7919.0,88.0,502.0,44.0,99.0,8.0,7.7,90.4,1.5,53.0,45.0
Pablo Torre,Centre Forward,"FORWARDS, UNCG",2025-08-15,Match Session,Whole Session,,,,,,,,,,,,,
Mason Poveromo,Left Winger,"FORWARDS, UNCG",2025-08-15,Match Session,Whole Session,,,,,,,,,,,,,
Ethan lam,Centre Attacking Midfielder,"MIDS, UNCG",2025-08-15,Match Session,Whole Session,,,,,,,,,,,,,
Sigurd,Centre Midfielder,"MIDS, UNCG",2025-08-15,Match Session,Whole Session,,,,,,,,,,,,,
Issah Haruna,Centre Attacking Midfielder,UNCG,2025-08-15,Match Session,Whole Session,,,,,,,,,,,,,
Magnus Kjoeller,Centre Defensive Midfielder,UNCG,2025-08-15,Match Session,Whole Session,90.0,771.0,5173.0,57.0,177.0,11.0,0.0,0.0,6.9,85.3,1.0,29.0,38.0
julien le bourdoulous,Centre Defensive Midfielder,UNCG,2025-08-15,Match Session,Whole Session,90.0,1333.0,8423.0,94.0,237.0,20.0,14.0,2.0,7.2,91.5,1.6,63.0,75.0
Robert elliott,Centre Defensive Midfielder,UNCG,2025-08-15,Match Session,Whole Session,,,,,,,,,,,,,
Arnaud Tattevin,Centre Forward,UNCG,2025-08-15,Match Session,Whole Session,90.0,799.0,4465.0,50.0,193.0,17.0,12.0,1.0,7.7,90.1,0.8,29.0,25.0
Colton Sessoms,Centre Forward,UNCG,2025-08-15,Match Session,Whole Session,90.0,953.0,5880.0,65.0,228.0,23.0,25.0,3.0,7.7,94.5,1.1,39.0,41.0
Daniel Longo,Centre Midfielder,UNCG,2025-08-15,Match Session,Whole Session,90.0,1035.0,5622.0,62.0,228.0,15.0,0.0,0.0,7.1,93.1,1.0,36.0,32.0
Xavi Wences,Centre Midfielder,UNCG,2025-08-15,Match Session,Whole Session,,,,,,,,,,,,,
Steven Hernandez,Left Winger,UNCG,2025-08-15,Match Session,Whole Session,,,,,,,,,,,,,
Enzo Dovlo,Right Winger,UNCG,2025-08-15,Match Session,Whole Session,90.0,1806.0,9574.0,106.0,566.0,57.0,169.0,14.0,7.7,94.1,1.8,87.0,77.0
Adam Rustami,Right Winger,UNCG,2025-08-15,Match Session,Whole Session,,,,,,,,,,,,,
Mason Dancy,Centre Back,"Defense, UNCG",2025-08-18,Training Session,Whole Session,100.0,706.0,5440.0,54.0,22.0,3.0,0.0,0.0,6.8,80.5,0.9,51.0,30.0
Mohammed Sumaila,Centre Back,"Defense, UNCG",2025-08-18,Training Session,Whole Session,100.0,682.0,5191.0,52.0,10.0,2.0,0.0,0.0,6.3,79.1,0.9,86.0,41.0
Jason Wynia,Centre Back,"Defense, UNCG",2025-08-18,Training Session,Whole Session,100.0,727.0,6188.0,62.0,55.0,5.0,10.0,1.0,7.1,85.6,1.0,42.0,48.0
Ben,Centre Back,"Defense, UNCG",2025-08-18,Training Session,Whole Session,100.0,566.0,5023.0,50.0,18.0,2.0,0.0,0.0,6.3,80.8,0.8,34.0,27.0
Sami Lachekar,Centre Back,"Defense, UNCG",2025-08-18,Training Session,Whole Session,100.0,564.0,4777.0,48.0,26.0,2.0,0.0,0.0,6.4,81.5,0.8,40.0,23.0
Téva Lossec,Left Back,"Defense, UNCG",2025-08-18,Training Session,Whole Session,100.0,960.0,6177.0,62.0,133.0,15.0,10.0,1.0,7.3,83.8,1.0,61.0,54.0
bautista schmidt,Left Back,"Defense, UNCG",2025-08-18,Training Session,Whole Session,100.0,763.0,5865.0,59.0,99.0,12.0,6.0,1.0,7.1,91.8,1.0,71.0,67.0
Trym Linberg,Right Back,"Defense, UNCG",2025-08-18,Training Session,Whole Session,100.0,560.0,4481.0,45.0,117.0,8.0,0.0,0.0,6.9,81.2,0.7,62.0,45.0
Kimito Fritz,Right Back,"Defense, UNCG",2025-08-18,Training Session,Whole Session,100.0,797.0,5786.0,58.0,93.0,11.0,15.0,1.0,7.5,89.0,1.0,83.0,50.0
Pablo Torre,Centre Forward,"FORWARDS, UNCG",2025-08-18,Training Session,Whole Session,100.0,686.0,5654.0,57.0,67.0,7.0,0.0,0.0,6.3,77.9,0.9,66.0,48.0
Mason Poveromo,Left Winger,"FORWARDS, UNCG",2025-08-18,Training Session,Whole Session,100.0,833.0,6250.0,63.0,143.0,14.0,34.0,1.0,8.3,103.3,1.0,54.0,43.0
Ethan lam,Centre Attacking Midfielder,"MIDS, UNCG",2025-08-18,Training Session,Whole Session,100.0,770.0,6169.0,62.0,126.0,13.0,0.0,0.0,6.8,88.0,1.0,54.0,44.0
Sigurd,Centre Midfielder,"MIDS, UNCG",2025-08-18,Training Session,Whole Session,100.0,824.0,5439.0,54.0,134.0,11.0,13.0,1.0,7.4,96.7,0.9,54.0,55.0
Issah Haruna,Centre Attacking Midfielder,UNCG,2025-08-18,Training Session,Whole Session,100.0,678.0,4604.0,46.0,102.0,12.0,0.0,0.0,6.6,82.8,0.8,55.0,45.0
Magnus Kjoeller,Centre Defensive Midfielder,UNCG,2025-08-18,Training Session,Whole Session,100.0,826.0,6036.0,60.0,150.0,17.0,20.0,1.0,7.9,98.6,1.0,66.0,49.0
julien le bourdoulous,Centre Defensive Midfielder,UNCG,2025-08-18,Training Session,Whole Session,100.0,683.0,5357.0,54.0,88.0,10.0,4.0,1.0,6.9,87.3,0.9,57.0,53.0
Robert elliott,Centre Defensive Midfielder,UNCG,2025-08-18,Training Session,Whole Session,100.0,777.0,5770.0,58.0,26.0,4.0,0.0,0.0,6.2,74.5,1.0,90.0,60.0
Colton Sessoms,Centre Forward,UNCG,2025-08-18,Training Session,Whole Session,100.0,560.0,4346.0,43.0,43.0,7.0,39.0,4.0,7.7,94.0,0.7,45.0,34.0
Arnaud Tattevin,Centre Forward,UNCG,2025-08-18,Training Session,Whole Session,100.0,0.0,0.0,0.0,0.0,0.0,0.0,0.0,0.0,0.0,0.0,0.0,0.0
Xavi Wences,Centre Midfielder,UNCG,2025-08-18,Training Session,Whole Session,100.0,676.0,5164.0,52.0,109.0,12.0,7.0,1.0,7.3,95.6,0.9,57.0,40.0
Daniel Longo,Centre Midfielder,UNCG,2025-08-18,Training Session,Whole Session,100.0,856.0,5979.0,60.0,124.0,14.0,6.0,1.0,7.4,96.1,1.0,63.0,43.0
Steven Hernandez,Left Winger,UNCG,2025-08-18,Training Session,Whole Session,100.0,0.0,0.0,0.0,0.0,0.0,0.0,0.0,0.0,0.0,0.0,0.0,0.0
Adam Rustami,Right Winger,UNCG,2025-08-18,Training Session,Whole Session,100.0,573.0,3923.0,39.0,62.0,7.0,0.0,0.0,6.3,77.5,0.7,45.0,28.0
Enzo Dovlo,Right Winger,UNCG,2025-08-18,Training Session,Whole Session,100.0,719.0,5273.0,53.0,100.0,9.0,0.0,0.0,6.9,83.7,0.9,52.0,40.0
Sami Lachekar,Centre Back,"Defense, UNCG",2025-08-19,Training Session,Whole Session,78.0,543.0,4172.0,53.0,0.0,0.0,0.0,0.0,5.5,69.2,0.9,23.0,12.0
Ben,Centre Back,"Defense, UNCG",2025-08-19,Training Session,Whole Session,78.0,501.0,4213.0,54.0,21.0,2.0,0.0,0.0,6.4,82.9,0.9,31.0,14.0
Mason Dancy,Centre Back,"Defense, UNCG",2025-08-19,Training Session,Whole Session,78.0,599.0,4319.0,55.0,11.0,1.0,0.0,0.0,5.7,67.2,0.9,37.0,17.0
Mohammed Sumaila,Centre Back,"Defense, UNCG",2025-08-19,Training Session,Whole Session,78.0,664.0,4890.0,63.0,74.0,9.0,0.0,0.0,7.1,89.7,1.0,58.0,30.0
Jason Wynia,Centre Back,"Defense, UNCG",2025-08-19,Training Session,Whole Session,78.0,603.0,4902.0,63.0,151.0,13.0,43.0,3.0,7.5,90.7,1.0,46.0,26.0
bautista schmidt,Left Back,"Defense, UNCG",2025-08-19,Training Session,Whole Session,78.0,600.0,4317.0,55.0,137.0,13.0,6.0,1.0,6.9,90.3,0.9,45.0,34.0
Téva Lossec,Left Back,"Defense, UNCG",2025-08-19,Training Session,Whole Session,78.0,929.0,5706.0,73.0,177.0,22.0,99.0,8.0,8.2,93.3,1.2,55.0,26.0
Trym Linberg,Right Back,"Defense, UNCG",2025-08-19,Training Session,Whole Session,78.0,708.0,4958.0,64.0,223.0,21.0,27.0,2.0,8.0,93.5,1.1,62.0,40.0
Kimito Fritz,Right Back,"Defense, UNCG",2025-08-19,Training Session,Whole Session,78.0,802.0,5438.0,70.0,180.0,18.0,60.0,4.0,8.0,94.6,1.2,62.0,33.0
Pablo Torre,Centre Forward,"FORWARDS, UNCG",2025-08-19,Training Session,Whole Session,78.0,680.0,4911.0,63.0,73.0,9.0,0.0,0.0,6.9,85.0,1.0,61.0,30.0
Mason Poveromo,Left Winger,"FORWARDS, UNCG",2025-08-19,Training Session,Whole Session,78.0,479.0,3662.0,47.0,79.0,11.0,16.0,2.0,7.4,88.3,0.8,32.0,23.0
Ethan lam,Centre Attacking Midfielder,"MIDS, UNCG",2025-08-19,Training Session,Whole Session,78.0,681.0,5127.0,66.0,79.0,10.0,16.0,2.0,7.1,91.0,1.1,35.0,24.0
Sigurd,Centre Midfielder,"MIDS, UNCG",2025-08-19,Training Session,Whole Session,78.0,768.0,4687.0,60.0,47.0,6.0,0.0,0.0,6.2,82.1,1.0,47.0,38.0
Issah Haruna,Centre Attacking Midfielder,UNCG,2025-08-19,Training Session,Whole Session,78.0,567.0,3744.0,48.0,74.0,8.0,0.0,0.0,6.8,84.5,0.8,27.0,26.0
Magnus Kjoeller,Centre Defensive Midfielder,UNCG,2025-08-19,Training Session,Whole Session,78.0,678.0,4717.0,60.0,49.0,7.0,0.0,0.0,6.0,74.9,1.0,44.0,23.0
julien le bourdoulous,Centre Defensive Midfielder,UNCG,2025-08-19,Training Session,Whole Session,78.0,710.0,5179.0,66.0,44.0,3.0,0.0,0.0,6.9,87.4,1.1,33.0,37.0
Robert elliott,Centre Defensive Midfielder,UNCG,2025-08-19,Training Session,Whole Session,78.0,725.0,4835.0,62.0,35.0,3.0,0.0,0.0,6.8,82.0,1.0,39.0,30.0
Colton Sessoms,Centre Forward,UNCG,2025-08-19,Training Session,Whole Session,78.0,570.0,4194.0,54.0,242.0,19.0,5.0,1.0,7.1,87.6,0.9,50.0,30.0
Arnaud Tattevin,Centre Forward,UNCG,2025-08-19,Training Session,Whole Session,78.0,743.0,4976.0,64.0,121.0,10.0,0.0,0.0,7.2,85.2,1.1,31.0,31.0
Xavi Wences,Centre Midfielder,UNCG,2025-08-19,Training Session,Whole Session,78.0,663.0,4551.0,58.0,70.0,9.0,0.0,0.0,6.4,83.2,1.0,49.0,33.0
Daniel Longo,Centre Midfielder,UNCG,2025-08-19,Training Session,Whole Session,78.0,845.0,5490.0,70.0,106.0,13.0,22.0,1.0,7.7,100.6,1.2,55.0,29.0
Steven Hernandez,Left Winger,UNCG,2025-08-19,Training Session,Whole Session,78.0,0.0,0.0,0.0,0.0,0.0,0.0,0.0,0.0,0.0,0.0,0.0,0.0
Enzo Dovlo,Right Winger,UNCG,2025-08-19,Training Session,Whole Session,78.0,611.0,4375.0,56.0,216.0,17.0,25.0,2.0,8.0,97.7,0.9,34.0,28.0
Adam Rustami,Right Winger,UNCG,2025-08-19,Training Session,Whole Session,78.0,756.0,4654.0,60.0,171.0,21.0,35.0,4.0,8.2,103.2,1.0,42.0,33.0
Sami Lachekar,Centre Back,"Defense, UNCG",2025-08-20,Training Session,Whole Session,83.0,300.0,3216.0,39.0,0.0,0.0,0.0,0.0,5.1,65.1,0.6,16.0,5.0
Mohammed Sumaila,Centre Back,"Defense, UNCG",2025-08-20,Training Session,Whole Session,83.0,425.0,3361.0,40.0,17.0,3.0,0.0,0.0,6.0,75.2,0.7,38.0,17.0
Mason Dancy,Centre Back,"Defense, UNCG",2025-08-20,Training Session,Whole Session,83.0,412.0,3088.0,37.0,0.0,0.0,0.0,0.0,5.0,59.1,0.6,15.0,5.0
Jason Wynia,Centre Back,"Defense, UNCG",2025-08-20,Training Session,Whole Session,83.0,310.0,3228.0,39.0,32.0,5.0,16.0,1.0,7.9,95.0,0.6,14.0,14.0
Ben,Centre Back,"Defense, UNCG",2025-08-20,Training Session,Whole Session,83.0,388.0,3641.0,44.0,0.0,0.0,0.0,0.0,5.0,64.3,0.7,17.0,6.0
Téva Lossec,Left Back,"Defense, UNCG",2025-08-20,Training Session,Whole Session,83.0,534.0,3854.0,46.0,134.0,14.0,8.0,1.0,7.4,85.1,0.8,22.0,12.0
bautista schmidt,Left Back,"Defense, UNCG",2025-08-20,Training Session,Whole Session,83.0,344.0,3076.0,37.0,94.0,6.0,0.0,0.0,6.7,87.4,0.6,11.0,11.0
Trym Linberg,Right Back,"Defense, UNCG",2025-08-20,Training Session,Whole Session,83.0,492.0,4025.0,49.0,160.0,15.0,0.0,0.0,6.6,77.9,0.8,38.0,17.0
Kimito Fritz,Right Back,"Defense, UNCG",2025-08-20,Training Session,Whole Session,83.0,502.0,3857.0,46.0,96.0,10.0,12.0,2.0,7.3,86.2,0.8,27.0,13.0
Pablo Torre,Centre Forward,"FORWARDS, UNCG",2025-08-20,Training Session,Whole Session,83.0,435.0,3927.0,47.0,51.0,5.0,0.0,0.0,6.6,81.0,0.8,26.0,7.0
Mason Poveromo,Left Winger,"FORWARDS, UNCG",2025-08-20,Training Session,Whole Session,83.0,456.0,3393.0,41.0,93.0,10.0,12.0,2.0,7.3,87.2,0.7,22.0,10.0
Ethan lam,Centre Attacking Midfielder,"MIDS, UNCG",2025-08-20,Training Session,Whole Session,83.0,439.0,3891.0,47.0,61.0,5.0,8.0,1.0,7.2,92.9,0.8,20.0,5.0
Sigurd,Centre Midfielder,"MIDS, UNCG",2025-08-20,Training Session,Whole Session,83.0,622.0,4234.0,51.0,63.0,7.0,0.0,0.0,6.4,84.6,0.8,37.0,13.0
Issah Haruna,Centre Attacking Midfielder,UNCG,2025-08-20,Training Session,Whole Session,83.0,435.0,3021.0,36.0,35.0,4.0,0.0,0.0,6.6,82.1,0.6,12.0,13.0
Robert elliott,Centre Defensive Midfielder,UNCG,2025-08-20,Training Session,Whole Session,83.0,401.0,3117.0,38.0,212.0,19.0,0.0,0.0,6.4,77.4,0.6,10.0,15.0
julien le bourdoulous,Centre Defensive Midfielder,UNCG,2025-08-20,Training Session,Whole Session,83.0,480.0,3817.0,46.0,10.0,1.0,0.0,0.0,6.2,78.6,0.8,25.0,14.0
Magnus Kjoeller,Centre Defensive Midfielder,UNCG,2025-08-20,Training Session,Whole Session,83.0,498.0,4220.0,51.0,81.0,9.0,0.0,0.0,6.8,84.4,0.8,31.0,18.0
Arnaud Tattevin,Centre Forward,UNCG,2025-08-20,Training Session,Whole Session,83.0,520.0,4175.0,50.0,39.0,3.0,0.0,0.0,6.8,80.5,0.8,19.0,19.0
Colton Sessoms,Centre Forward,UNCG,2025-08-20,Training Session,Whole Session,83.0,370.0,3363.0,41.0,111.0,10.0,0.0,0.0,6.8,83.5,0.7,33.0,15.0
Xavi Wences,Centre Midfielder,UNCG,2025-08-20,Training Session,Whole Session,83.0,385.0,3135.0,38.0,8.0,2.0,0.0,0.0,5.8,76.2,0.6,22.0,13.0
Daniel Longo,Centre Midfielder,UNCG,2025-08-20,Training Session,Whole Session,83.0,581.0,4173.0,50.0,67.0,9.0,0.0,0.0,6.7,87.7,0.8,34.0,16.0
Steven Hernandez,Left Winger,UNCG,2025-08-20,Training Session,Whole Session,83.0,0.0,0.0,0.0,0.0,0.0,0.0,0.0,0.0,0.0,0.0,0.0,0.0
Adam Rustami,Right Winger,UNCG,2025-08-20,Training Session,Whole Session,83.0,522.0,3639.0,44.0,110.0,10.0,14.0,2.0,7.2,90.6,0.7,18.0,13.0
Enzo Dovlo,Right Winger,UNCG,2025-08-20,Training Session,Whole Session,83.0,525.0,4123.0,50.0,111.0,12.0,0.0,0.0,6.6,80.6,0.8,29.0,12.0
Mohammed Sumaila,Centre Back,"Defense, UNCG",2025-08-21,Match Session,Whole Session,90.0,280.0,1679.0,19.0,45.0,5.0,25.0,2.0,8.3,104.7,0.3,13.0,11.0
Mason Dancy,Centre Back,"Defense, UNCG",2025-08-21,Match Session,Whole Session,90.0,11.0,299.0,3.0,0.0,0.0,0.0,0.0,1.7,20.4,0.1,0.0,0.0
Ben,Centre Back,"Defense, UNCG",2025-08-21,Match Session,Whole Session,90.0,1348.0,8135.0,90.0,142.0,12.0,34.0,3.0,8.0,103.6,1.5,37.0,33.0
Sami Lachekar,Centre Back,"Defense, UNCG",2025-08-21,Match Session,Whole Session,90.0,1362.0,7867.0,87.0,182.0,13.0,0.0,0.0,7.2,90.8,1.5,31.0,47.0
Jason Wynia,Centre Back,"Defense, UNCG",2025-08-21,Match Session,Whole Session,90.0,17.0,415.0,5.0,0.0,0.0,0.0,0.0,1.9,22.7,0.1,0.0,0.0
bautista schmidt,Left Back,"Defense, UNCG",2025-08-21,Match Session,Whole Session,90.0,9.0,237.0,3.0,0.0,0.0,0.0,0.0,1.4,18.2,0.0,0.0,0.0
Téva Lossec,Left Back,"Defense, UNCG",2025-08-21,Match Session,Whole Session,90.0,1857.0,8437.0,94.0,483.0,47.0,160.0,11.0,8.4,96.7,1.6,47.0,72.0
Kimito Fritz,Right Back,"Defense, UNCG",2025-08-21,Match Session,Whole Session,90.0,1611.0,8932.0,99.0,412.0,37.0,153.0,9.0,8.4,99.1,1.7,76.0,60.0
Trym Linberg,Right Back,"Defense, UNCG",2025-08-21,Match Session,Whole Session,90.0,854.0,5147.0,57.0,353.0,30.0,52.0,5.0,7.7,89.7,1.0,44.0,55.0
Pablo Torre,Centre Forward,"FORWARDS, UNCG",2025-08-21,Training Session,Whole Session,30.0,270.0,1782.0,59.0,8.0,2.0,0.0,0.0,5.7,70.7,1.0,33.0,16.0
Mason Poveromo,Left Winger,"FORWARDS, UNCG",2025-08-21,Match Session,Whole Session,90.0,10.0,227.0,3.0,0.0,0.0,0.0,0.0,1.7,19.9,0.0,0.0,0.0
Ethan lam,Centre Attacking Midfielder,"MIDS, UNCG",2025-08-21,Match Session,Whole Session,90.0,12.0,311.0,3.0,0.0,0.0,0.0,0.0,1.5,19.9,0.1,0.0,0.0
Sigurd,Centre Midfielder,"MIDS, UNCG",2025-08-21,Match Session,Whole Session,90.0,1129.0,5583.0,62.0,267.0,25.0,36.0,2.0,7.6,100.5,1.0,40.0,33.0
Issah Haruna,Centre Attacking Midfielder,UNCG,2025-08-21,Training Session,Whole Session,30.0,330.0,1797.0,60.0,0.0,0.0,0.0,0.0,5.7,71.4,1.0,29.0,24.0
Magnus Kjoeller,Centre Defensive Midfielder,UNCG,2025-08-21,Match Session,Whole Session,90.0,940.0,5732.0,64.0,104.0,13.0,8.0,1.0,7.1,88.6,1.1,33.0,38.0
Robert elliott,Centre Defensive Midfielder,UNCG,2025-08-21,Match Session,Whole Session,90.0,10.0,262.0,3.0,0.0,0.0,0.0,0.0,1.5,18.4,0.0,0.0,0.0
julien le bourdoulous,Centre Defensive Midfielder,UNCG,2025-08-21,Match Session,Whole Session,90.0,1531.0,8988.0,100.0,228.0,18.0,24.0,1.0,7.9,99.7,1.7,52.0,76.0
Arnaud Tattevin,Centre Forward,UNCG,2025-08-21,Match Session,Whole Session,90.0,1577.0,9073.0,101.0,454.0,45.0,171.0,9.0,8.3,97.8,1.7,64.0,67.0
Colton Sessoms,Centre Forward,UNCG,2025-08-21,Match Session,Whole Session,90.0,749.0,4628.0,51.0,333.0,30.0,103.0,6.0,8.0,97.8,0.9,36.0,24.0
Daniel Longo,Centre Midfielder,UNCG,2025-08-21,Match Session,Whole Session,90.0,1967.0,9717.0,108.0,477.0,40.0,147.0,12.0,7.8,100.7,1.8,70.0,56.0
Xavi Wences,Centre Midfielder,UNCG,2025-08-21,Match Session,Whole Session,90.0,8.0,242.0,3.0,0.0,0.0,0.0,0.0,1.6,20.4,0.0,0.0,0.0
Adam Rustami,Right Winger,UNCG,2025-08-21,Match Session,Whole Session,90.0,180.0,1033.0,11.0,22.0,2.0,40.0,1.0,8.5,103.2,0.2,9.0,7.0
Enzo Dovlo,Right Winger,UNCG,2025-08-21,Match Session,Whole Session,90.0,1539.0,8707.0,97.0,657.0,63.0,213.0,16.0,8.2,100.4,1.6,66.0,64.0
Jason Wynia,Centre Back,"Defense, UNCG",2025-08-22,Training Session,Whole Session,60.0,607.0,3925.0,65.0,0.0,0.0,0.0,0.0,5.7,68.3,1.1,52.0,25.0
Mohammed Sumaila,Centre Back,"Defense, UNCG",2025-08-22,Training Session,Whole Session,60.0,586.0,3506.0,58.0,19.0,2.0,0.0,0.0,6.1,72.7,1.0,60.0,27.0
Mason Dancy,Centre Back,"Defense, UNCG",2025-08-22,Training Session,Whole Session,60.0,714.0,3883.0,65.0,30.0,4.0,0.0,0.0,6.3,74.8,1.1,61.0,31.0
bautista schmidt,Left Back,"Defense, UNCG",2025-08-22,Training Session,Whole Session,60.0,703.0,4018.0,67.0,31.0,4.0,0.0,0.0,6.1,79.4,1.1,92.0,55.0
Pablo Torre,Centre Forward,"FORWARDS, UNCG",2025-08-22,Training Session,Whole Session,60.0,625.0,3889.0,65.0,14.0,2.0,0.0,0.0,6.1,75.5,1.1,72.0,42.0
Mason Poveromo,Left Winger,"FORWARDS, UNCG",2025-08-22,Training Session,Whole Session,60.0,694.0,4060.0,68.0,40.0,6.0,0.0,0.0,6.1,73.8,1.1,65.0,43.0
Ethan lam,Centre Attacking Midfielder,"MIDS, UNCG",2025-08-22,Training Session,Whole Session,60.0,606.0,3722.0,62.0,31.0,4.0,0.0,0.0,6.8,87.3,1.0,78.0,28.0
Issah Haruna,Centre Attacking Midfielder,UNCG,2025-08-22,Training Session,Whole Session,60.0,580.0,3418.0,57.0,14.0,3.0,0.0,0.0,5.9,73.7,0.9,58.0,29.0
Robert elliott,Centre Defensive Midfielder,UNCG,2025-08-22,Training Session,Whole Session,60.0,573.0,3396.0,57.0,0.0,0.0,0.0,0.0,5.4,65.2,0.9,63.0,38.0
Xavi Wences,Centre Midfielder,UNCG,2025-08-22,Training Session,Whole Session,60.0,620.0,3606.0,60.0,36.0,7.0,0.0,0.0,6.1,79.2,1.0,61.0,44.0
Steven Hernandez,Left Winger,UNCG,2025-08-22,Training Session,Whole Session,60.0,708.0,3966.0,66.0,40.0,5.0,0.0,0.0,6.7,86.2,1.1,87.0,38.0
Adam Rustami,Right Winger,UNCG,2025-08-22,Training Session,Whole Session,60.0,642.0,3485.0,58.0,0.0,0.0,0.0,0.0,5.5,65.5,1.0,67.0,38.0
Sami Lachekar,Centre Back,"Defense, UNCG",2025-08-23,Training Session,Whole Session,80.0,212.0,2242.0,28.0,0.0,0.0,0.0,0.0,4.6,57.8,0.5,10.0,2.0
Mohammed Sumaila,Centre Back,"Defense, UNCG",2025-08-23,Training Session,Whole Session,80.0,297.0,2427.0,30.0,0.0,0.0,0.0,0.0,5.8,69.7,0.5,15.0,12.0
Mason Dancy,Centre Back,"Defense, UNCG",2025-08-23,Training Session,Whole Session,80.0,348.0,2605.0,33.0,0.0,0.0,0.0,0.0,4.4,52.0,0.5,11.0,7.0
Ben,Centre Back,"Defense, UNCG",2025-08-23,Training Session,Whole Session,80.0,260.0,2461.0,31.0,0.0,0.0,0.0,0.0,5.6,69.7,0.5,15.0,8.0
Jason Wynia,Centre Back,"Defense, UNCG",2025-08-23,Training Session,Whole Session,80.0,216.0,1937.0,24.0,24.0,3.0,38.0,2.0,8.1,98.3,0.4,10.0,10.0
Téva Lossec,Left Back,"Defense, UNCG",2025-08-23,Training Session,Whole Session,80.0,456.0,2864.0,36.0,21.0,4.0,58.0,4.0,8.0,91.7,0.6,18.0,13.0
bautista schmidt,Left Back,"Defense, UNCG",2025-08-23,Training Session,Whole Session,80.0,260.0,2273.0,28.0,18.0,3.0,32.0,1.0,7.7,99.6,0.5,20.0,12.0
Trym Linberg,Right Back,"Defense, UNCG",2025-08-23,Training Session,Whole Session,80.0,422.0,2997.0,37.0,252.0,19.0,34.0,4.0,7.4,86.2,0.6,35.0,20.0
Kimito Fritz,Right Back,"Defense, UNCG",2025-08-23,Training Session,Whole Session,80.0,335.0,2844.0,36.0,11.0,2.0,17.0,1.0,7.6,89.9,0.6,18.0,5.0
Pablo Torre,Centre Forward,"FORWARDS, UNCG",2025-08-23,Training Session,Whole Session,80.0,403.0,3131.0,39.0,205.0,16.0,0.0,0.0,6.9,85.0,0.7,17.0,17.0
Mason Poveromo,Left Winger,"FORWARDS, UNCG",2025-08-23,Training Session,Whole Session,80.0,286.0,2246.0,28.0,77.0,6.0,0.0,0.0,6.3,76.0,0.5,13.0,5.0
Ethan lam,Centre Attacking Midfielder,"MIDS, UNCG",2025-08-23,Training Session,Whole Session,80.0,319.0,2815.0,35.0,49.0,3.0,10.0,1.0,7.1,91.4,0.6,19.0,2.0
Sigurd,Centre Midfielder,"MIDS, UNCG",2025-08-23,Training Session,Whole Session,80.0,605.0,3420.0,43.0,14.0,1.0,0.0,0.0,5.9,77.8,0.7,34.0,19.0
Issah Haruna,Centre Attacking Midfielder,UNCG,2025-08-23,Training Session,Whole Session,80.0,224.0,1813.0,23.0,46.0,5.0,0.0,0.0,6.5,81.9,0.4,9.0,13.0
Robert elliott,Centre Defensive Midfielder,UNCG,2025-08-23,Training Session,Whole Session,80.0,206.0,2016.0,25.0,6.0,1.0,0.0,0.0,6.1,73.9,0.4,12.0,7.0
julien le bourdoulous,Centre Defensive Midfielder,UNCG,2025-08-23,Training Session,Whole Session,80.0,374.0,2871.0,36.0,9.0,1.0,0.0,0.0,6.0,75.4,0.6,11.0,7.0
Magnus Kjoeller,Centre Defensive Midfielder,UNCG,2025-08-23,Training Session,Whole Session,80.0,283.0,2400.0,30.0,8.0,1.0,0.0,0.0,5.7,71.3,0.5,14.0,8.0
Colton Sessoms,Centre Forward,UNCG,2025-08-23,Training Session,Whole Session,80.0,358.0,2782.0,35.0,134.0,14.0,33.0,4.0,7.3,90.2,0.6,21.0,21.0
Arnaud Tattevin,Centre Forward,UNCG,2025-08-23,Training Session,Whole Session,80.0,452.0,3121.0,39.0,137.0,15.0,41.0,3.0,7.6,89.9,0.6,18.0,14.0
Daniel Longo,Centre Midfielder,UNCG,2025-08-23,Training Session,Whole Session,80.0,436.0,2978.0,37.0,64.0,6.0,0.0,0.0,6.5,83.8,0.6,26.0,8.0
Xavi Wences,Centre Midfielder,UNCG,2025-08-23,Training Session,Whole Session,80.0,251.0,2072.0,26.0,39.0,6.0,15.0,1.0,7.3,95.8,0.4,13.0,17.0
Steven Hernandez,Left Winger,UNCG,2025-08-23,Training Session,Whole Session,80.0,369.0,2577.0,32.0,112.0,12.0,53.0,4.0,7.9,101.3,0.5,26.0,12.0
Enzo Dovlo,Right Winger,UNCG,2025-08-23,Training Session,Whole Session,80.0,449.0,3484.0,44.0,150.0,11.0,12.0,2.0,7.1,86.4,0.7,19.0,16.0
Adam Rustami,Right Winger,UNCG,2025-08-23,Training Session,Whole Session,80.0,452.0,3057.0,38.0,213.0,15.0,12.0,2.0,7.8,92.0,0.6,26.0,21.0
Ben,Centre Back,"Defense, UNCG",2025-08-24,Match Session,Whole Session,90.0,1455.0,8377.0,93.0,152.0,14.0,11.0,1.0,7.5,93.5,1.5,31.0,42.0
Sami Lachekar,Centre Back,"Defense, UNCG",2025-08-24,Match Session,Whole Session,90.0,0.0,0.0,0.0,0.0,0.0,0.0,0.0,0.1,1.5,0.0,0.0,0.0
Mason Dancy,Centre Back,"Defense, UNCG",2025-08-24,Match Session,Whole Session,,,,,,,,,,,,,
Jason Wynia,Centre Back,"Defense, UNCG",2025-08-24,Match Session,Whole Session,,,,,,,,,,,,,
Mohammed Sumaila,Centre Back,"Defense, UNCG",2025-08-24,Match Session,Whole Session,,,,,,,,,,,,,
Téva Lossec,Left Back,"Defense, UNCG",2025-08-24,Match Session,Whole Session,90.0,2038.0,9508.0,106.0,531.0,50.0,235.0,15.0,8.4,96.2,1.8,54.0,68.0
bautista schmidt,Left Back,"Defense, UNCG",2025-08-24,Match Session,Whole Session,,,,,,,,,,,,,
Kimito Fritz,Right Back,"Defense, UNCG",2025-08-24,Match Session,Whole Session,90.0,1751.0,8931.0,99.0,412.0,44.0,174.0,10.0,8.2,97.1,1.7,58.0,68.0
Trym Linberg,Right Back,"Defense, UNCG",2025-08-24,Match Session,Whole Session,90.0,1505.0,8986.0,100.0,499.0,49.0,30.0,3.0,7.6,88.6,1.7,103.0,100.0
Pablo Torre,Centre Forward,"FORWARDS, UNCG",2025-08-24,Match Session,Whole Session,90.0,1875.0,9256.0,103.0,430.0,34.0,55.0,4.0,7.8,96.6,1.7,57.0,58.0
Mason Poveromo,Left Winger,"FORWARDS, UNCG",2025-08-24,Match Session,Whole Session,,,,,,,,,,,,,
Ethan lam,Centre Attacking Midfielder,"MIDS, UNCG",2025-08-24,Match Session,Whole Session,,,,,,,,,,,,,
Sigurd,Centre Midfielder,"MIDS, UNCG",2025-08-24,Match Session,Whole Session,,,,,,,,,,,,,
Issah Haruna,Centre Attacking Midfielder,UNCG,2025-08-24,Match Session,Whole Session,,,,,,,,,,,,,
julien le bourdoulous,Centre Defensive Midfielder,UNCG,2025-08-24,Match Session,Whole Session,90.0,1606.0,9168.0,102.0,171.0,20.0,11.0,2.0,7.2,91.6,1.7,48.0,85.0
Robert elliott,Centre Defensive Midfielder,UNCG,2025-08-24,Match Session,Whole Session,,,,,,,,,,,,,
Magnus Kjoeller,Centre Defensive Midfielder,UNCG,2025-08-24,Match Session,Whole Session,,,,,,,,,,,,,
Arnaud Tattevin,Centre Forward,UNCG,2025-08-24,Match Session,Whole Session,90.0,978.0,4533.0,50.0,177.0,18.0,45.0,6.0,7.4,86.8,0.8,28.0,29.0
Colton Sessoms,Centre Forward,UNCG,2025-08-24,Match Session,Whole Session,,,,,,,,,,,,,
Daniel Longo,Centre Midfielder,UNCG,2025-08-24,Match Session,Whole Session,90.0,1501.0,6743.0,75.0,151.0,20.0,22.0,1.0,7.7,99.9,1.2,34.0,45.0
Xavi Wences,Centre Midfielder,UNCG,2025-08-24,Match Session,Whole Session,,,,,,,,,,,,,
Steven Hernandez,Left Winger,UNCG,2025-08-24,Match Session,Whole Session,,,,,,,,,,,,,
Enzo Dovlo,Right Winger,UNCG,2025-08-24,Match Session,Whole Session,90.0,1735.0,9044.0,100.0,601.0,60.0,165.0,10.0,8.1,99.1,1.7,60.0,78.0
Adam Rustami,Right Winger,UNCG,2025-08-24,Match Session,Whole Session,,,,,,,,,,,,,
Mohammed Sumaila,Centre Back,"Defense, UNCG",2025-08-26,Training Session,Whole Session,80.0,504.0,3515.0,44.0,5.0,1.0,0.0,0.0,5.8,69.1,0.7,77.0,51.0
Mason Dancy,Centre Back,"Defense, UNCG",2025-08-26,Training Session,Whole Session,80.0,509.0,3462.0,43.0,9.0,1.0,5.0,1.0,7.5,88.9,0.7,57.0,25.0
Sami Lachekar,Centre Back,"Defense, UNCG",2025-08-26,Training Session,Whole Session,80.0,275.0,2464.0,31.0,0.0,0.0,0.0,0.0,3.5,43.8,0.5,9.0,1.0
Ben,Centre Back,"Defense, UNCG",2025-08-26,Training Session,Whole Session,80.0,279.0,2686.0,34.0,0.0,0.0,0.0,0.0,4.7,59.0,0.6,9.0,9.0
Jason Wynia,Centre Back,"Defense, UNCG",2025-08-26,Training Session,Whole Session,80.0,490.0,4010.0,50.0,7.0,1.0,0.0,0.0,6.0,72.6,0.8,56.0,43.0
bautista schmidt,Left Back,"Defense, UNCG",2025-08-26,Training Session,Whole Session,80.0,393.0,3029.0,38.0,8.0,1.0,0.0,0.0,6.1,78.8,0.6,57.0,26.0
Téva Lossec,Left Back,"Defense, UNCG",2025-08-26,Training Session,Whole Session,80.0,338.0,2691.0,34.0,0.0,0.0,0.0,0.0,4.7,53.7,0.6,11.0,3.0
Kimito Fritz,Right Back,"Defense, UNCG",2025-08-26,Training Session,Whole Session,80.0,374.0,2924.0,37.0,0.0,0.0,0.0,0.0,4.2,49.2,0.6,21.0,11.0
Trym Linberg,Right Back,"Defense, UNCG",2025-08-26,Training Session,Whole Session,80.0,304.0,2754.0,34.0,0.0,0.0,0.0,0.0,5.3,62.1,0.6,22.0,9.0
Pablo Torre,Centre Forward,"FORWARDS, UNCG",2025-08-26,Training Session,Whole Session,80.0,407.0,3021.0,38.0,0.0,0.0,0.0,0.0,5.3,65.2,0.6,47.0,23.0
Mason Poveromo,Left Winger,"FORWARDS, UNCG",2025-08-26,Training Session,Whole Session,80.0,574.0,3715.0,46.0,117.0,9.0,5.0,1.0,6.9,82.9,0.8,48.0,35.0
Ethan lam,Centre Attacking Midfielder,"MIDS, UNCG",2025-08-26,Training Session,Whole Session,80.0,421.0,3486.0,44.0,0.0,0.0,0.0,0.0,4.8,62.5,0.7,52.0,24.0
Sigurd,Centre Midfielder,"MIDS, UNCG",2025-08-26,Training Session,Whole Session,80.0,579.0,3592.0,45.0,6.0,1.0,0.0,0.0,6.3,82.9,0.7,76.0,59.0
Issah Haruna,Centre Attacking Midfielder,UNCG,2025-08-26,Training Session,Whole Session,80.0,490.0,3141.0,39.0,27.0,2.0,5.0,1.0,7.0,87.9,0.7,33.0,20.0
julien le bourdoulous,Centre Defensive Midfielder,UNCG,2025-08-26,Training Session,Whole Session,80.0,288.0,2336.0,29.0,0.0,0.0,0.0,0.0,4.0,50.5,0.5,28.0,6.0
Magnus Kjoeller,Centre Defensive Midfielder,UNCG,2025-08-26,Training Session,Whole Session,80.0,443.0,3404.0,43.0,0.0,0.0,0.0,0.0,5.1,63.4,0.7,63.0,49.0
Robert elliott,Centre Defensive Midfielder,UNCG,2025-08-26,Training Session,Whole Session,80.0,402.0,3143.0,39.0,0.0,0.0,0.0,0.0,4.8,58.3,0.7,61.0,23.0
Arnaud Tattevin,Centre Forward,UNCG,2025-08-26,Training Session,Whole Session,80.0,591.0,3772.0,47.0,0.0,0.0,0.0,0.0,5.5,64.6,0.8,42.0,24.0
Colton Sessoms,Centre Forward,UNCG,2025-08-26,Training Session,Whole Session,80.0,421.0,3010.0,38.0,27.0,3.0,0.0,0.0,6.3,77.8,0.6,49.0,26.0
Xavi Wences,Centre Midfielder,UNCG,2025-08-26,Training Session,Whole Session,80.0,464.0,3314.0,41.0,0.0,0.0,0.0,0.0,5.1,66.5,0.7,48.0,41.0
Daniel Longo,Centre Midfielder,UNCG,2025-08-26,Training Session,Whole Session,80.0,362.0,2937.0,37.0,0.0,0.0,0.0,0.0,4.5,58.4,0.6,22.0,15.0
Steven Hernandez,Left Winger,UNCG,2025-08-26,Training Session,Whole Session,80.0,581.0,3717.0,46.0,145.0,12.0,0.0,0.0,6.9,86.9,0.8,61.0,32.0
Enzo Dovlo,Right Winger,UNCG,2025-08-26,Training Session,Whole Session,80.0,0.0,2.0,0.0,0.0,0.0,0.0,0.0,0.2,2.1,0.0,0.0,0.0
Adam Rustami,Right Winger,UNCG,2025-08-26,Training Session,Whole Session,80.0,449.0,3093.0,39.0,41.0,5.0,7.0,1.0,7.2,84.5,0.6,48.0,38.0
Ben,Centre Back,"Defense, UNCG",2025-08-28,Match Session,Whole Session,90.0,1278.0,8027.0,89.0,93.0,8.0,12.0,2.0,7.0,87.4,1.5,30.0,48.0
Mohammed Sumaila,Centre Back,"Defense, UNCG",2025-08-28,Match Session,Whole Session,90.0,169.0,1360.0,15.0,0.0,0.0,0.0,0.0,3.3,39.3,0.3,5.0,1.0
Sami Lachekar,Centre Back,"Defense, UNCG",2025-08-28,Match Session,Whole Session,90.0,1177.0,7530.0,84.0,169.0,11.0,0.0,0.0,7.2,90.5,1.4,40.0,43.0
Téva Lossec,Left Back,"Defense, UNCG",2025-08-28,Match Session,Whole Session,90.0,1983.0,9877.0,110.0,593.0,51.0,134.0,10.0,8.6,98.4,1.8,55.0,72.0
Kimito Fritz,Right Back,"Defense, UNCG",2025-08-28,Match Session,Whole Session,90.0,1567.0,9056.0,101.0,525.0,45.0,144.0,7.0,8.3,98.1,1.7,60.0,77.0
Trym Linberg,Right Back,"Defense, UNCG",2025-08-28,Match Session,Whole Session,90.0,713.0,4291.0,48.0,174.0,18.0,27.0,2.0,7.9,92.7,0.8,43.0,47.0
Pablo Torre,Centre Forward,"FORWARDS, UNCG",2025-08-28,Match Session,Whole Session,90.0,821.0,4688.0,52.0,171.0,16.0,63.0,4.0,8.2,101.6,0.9,31.0,29.0
Ethan lam,Centre Attacking Midfielder,"MIDS, UNCG",2025-08-28,Match Session,Whole Session,90.0,86.0,910.0,10.0,0.0,0.0,0.0,0.0,4.2,54.7,0.2,5.0,2.0
Sigurd,Centre Midfielder,"MIDS, UNCG",2025-08-28,Match Session,Whole Session,90.0,776.0,3905.0,43.0,213.0,14.0,25.0,1.0,7.7,100.7,0.7,17.0,22.0
Issah Haruna,Centre Attacking Midfielder,UNCG,2025-08-28,Match Session,Whole Session,90.0,1296.0,7087.0,79.0,322.0,37.0,39.0,5.0,7.7,96.1,1.3,61.0,66.0
julien le bourdoulous,Centre Defensive Midfielder,UNCG,2025-08-28,Match Session,Whole Session,90.0,1145.0,7249.0,81.0,172.0,19.0,11.0,1.0,7.7,97.0,1.3,44.0,63.0
Magnus Kjoeller,Centre Defensive Midfielder,UNCG,2025-08-28,Match Session,Whole Session,90.0,634.0,3994.0,44.0,84.0,11.0,21.0,1.0,7.5,93.2,0.7,20.0,30.0
Arnaud Tattevin,Centre Forward,UNCG,2025-08-28,Match Session,Whole Session,90.0,1202.0,6472.0,72.0,298.0,24.0,82.0,8.0,7.8,92.3,1.2,41.0,38.0
Colton Sessoms,Centre Forward,UNCG,2025-08-28,Match Session,Whole Session,90.0,651.0,4211.0,47.0,89.0,11.0,38.0,2.0,8.3,101.6,0.8,31.0,28.0
Daniel Longo,Centre Midfielder,UNCG,2025-08-28,Match Session,Whole Session,90.0,1787.0,9569.0,106.0,192.0,17.0,31.0,1.0,7.7,99.0,1.8,54.0,59.0
Steven Hernandez,Left Winger,UNCG,2025-08-28,Match Session,Whole Session,90.0,1052.0,6017.0,67.0,330.0,33.0,107.0,8.0,8.4,106.2,1.1,44.0,58.0
Enzo Dovlo,Right Winger,UNCG,2025-08-28,Match Session,Whole Session,90.0,1147.0,6397.0,71.0,414.0,39.0,137.0,9.0,8.3,100.9,1.2,46.0,51.0
Adam Rustami,Right Winger,UNCG,2025-08-28,Match Session,Whole Session,90.0,101.0,985.0,11.0,0.0,0.0,0.0,0.0,4.2,49.6,0.2,14.0,5.0
Ben,Centre Back,"Defense, UNCG",2025-08-31,Match Session,Whole Session,90.0,188.0,1720.0,19.0,5.0,1.0,0.0,0.0,5.6,70.1,0.3,4.0,6.0
Sami Lachekar,Centre Back,"Defense, UNCG",2025-08-31,Match Session,Whole Session,90.0,1240.0,8078.0,90.0,168.0,22.0,44.0,4.0,8.0,97.8,1.5,50.0,56.0
Mohammed Sumaila,Centre Back,"Defense, UNCG",2025-08-31,Match Session,Whole Session,90.0,1274.0,8500.0,94.0,199.0,20.0,9.0,1.0,7.5,88.1,1.6,59.0,62.0
Téva Lossec,Left Back,"Defense, UNCG",2025-08-31,Match Session,Whole Session,90.0,2096.0,10552.0,117.0,542.0,43.0,94.0,7.0,8.6,98.8,2.0,62.0,78.0
Trym Linberg,Right Back,"Defense, UNCG",2025-08-31,Match Session,Whole Session,90.0,780.0,5272.0,59.0,245.0,25.0,63.0,3.0,8.2,95.6,1.0,45.0,56.0
Kimito Fritz,Right Back,"Defense, UNCG",2025-08-31,Match Session,Whole Session,90.0,718.0,4724.0,52.0,238.0,23.0,81.0,4.0,8.3,98.0,0.9,46.0,39.0
Pablo Torre,Centre Forward,"FORWARDS, UNCG",2025-08-31,Match Session,Whole Session,90.0,870.0,5136.0,57.0,246.0,20.0,21.0,2.0,7.2,87.6,0.9,45.0,38.0
Ethan lam,Centre Attacking Midfielder,"MIDS, UNCG",2025-08-31,Match Session,Whole Session,90.0,13.0,267.0,3.0,0.0,0.0,0.0,0.0,2.2,28.1,0.0,0.0,0.0
Sigurd,Centre Midfielder,"MIDS, UNCG",2025-08-31,Match Session,Whole Session,90.0,1054.0,5310.0,59.0,159.0,14.0,16.0,2.0,7.4,91.3,1.0,38.0,39.0
Issah Haruna,Centre Attacking Midfielder,UNCG,2025-08-31,Match Session,Whole Session,90.0,1609.0,8976.0,100.0,369.0,35.0,29.0,3.0,7.8,97.2,1.7,79.0,77.0
julien le bourdoulous,Centre Defensive Midfielder,UNCG,2025-08-31,Match Session,Whole Session,90.0,1128.0,6795.0,76.0,74.0,10.0,0.0,0.0,6.5,82.8,1.3,35.0,74.0
Magnus Kjoeller,Centre Defensive Midfielder,UNCG,2025-08-31,Match Session,Whole Session,90.0,836.0,5301.0,59.0,211.0,11.0,34.0,3.0,7.5,93.6,1.0,33.0,40.0
Colton Sessoms,Centre Forward,UNCG,2025-08-31,Match Session,Whole Session,90.0,745.0,5031.0,56.0,117.0,13.0,21.0,2.0,7.3,88.1,0.9,19.0,24.0
Arnaud Tattevin,Centre Forward,UNCG,2025-08-31,Match Session,Whole Session,90.0,926.0,5744.0,64.0,243.0,21.0,67.0,5.0,7.6,86.7,1.1,39.0,36.0
Daniel Longo,Centre Midfielder,UNCG,2025-08-31,Match Session,Whole Session,90.0,1238.0,7036.0,78.0,172.0,20.0,39.0,3.0,7.5,95.2,1.3,30.0,51.0
Steven Hernandez,Left Winger,UNCG,2025-08-31,Match Session,Whole Session,90.0,1035.0,5974.0,66.0,330.0,33.0,80.0,5.0,8.5,92.7,1.1,44.0,41.0
Adam Rustami,Right Winger,UNCG,2025-08-31,Match Session,Whole Session,90.0,104.0,750.0,8.0,0.0,0.0,0.0,0.0,5.1,59.8,0.1,5.0,3.0
Enzo Dovlo,Right Winger,UNCG,2025-08-31,Match Session,Whole Session,90.0,1613.0,9090.0,101.0,596.0,57.0,115.0,13.0,8.0,92.2,1.7,70.0,89.0
Ben,Centre Back,"Defense, UNCG",2025-09-02,Training Session,Whole Session,67.0,449.0,3375.0,50.0,0.0,0.0,0.0,0.0,4.9,61.0,0.8,34.0,29.0
Jason Wynia,Centre Back,"Defense, UNCG",2025-09-02,Training Session,Whole Session,67.0,550.0,4178.0,62.0,28.0,2.0,4.0,1.0,6.9,82.5,1.0,46.0,52.0
Mason Dancy,Centre Back,"Defense, UNCG",2025-09-02,Training Session,Whole Session,67.0,591.0,3869.0,58.0,18.0,4.0,19.0,1.0,7.5,89.0,1.0,51.0,35.0
bautista schmidt,Left Back,"Defense, UNCG",2025-09-02,Training Session,Whole Session,67.0,623.0,4079.0,61.0,43.0,5.0,7.0,1.0,7.4,96.3,1.0,65.0,77.0
Trym Linberg,Right Back,"Defense, UNCG",2025-09-02,Training Session,Whole Session,67.0,440.0,3016.0,45.0,0.0,0.0,0.0,0.0,4.9,57.4,0.7,45.0,33.0
Pablo Torre,Centre Forward,"FORWARDS, UNCG",2025-09-02,Training Session,Whole Session,67.0,598.0,4032.0,60.0,55.0,6.0,10.0,1.0,7.4,89.6,1.0,43.0,37.0
Mason Poveromo,Left Winger,"FORWARDS, UNCG",2025-09-02,Training Session,Whole Session,67.0,636.0,4040.0,60.0,51.0,6.0,0.0,0.0,6.8,81.5,1.0,48.0,47.0
Ethan lam,Centre Attacking Midfielder,"MIDS, UNCG",2025-09-02,Training Session,Whole Session,67.0,500.0,3792.0,57.0,29.0,4.0,4.0,1.0,6.9,89.0,0.9,45.0,39.0
Sigurd,Centre Midfielder,"MIDS, UNCG",2025-09-02,Training Session,Whole Session,67.0,761.0,4405.0,66.0,22.0,3.0,0.0,0.0,5.9,76.4,1.1,56.0,44.0
Magnus Kjoeller,Centre Defensive Midfielder,UNCG,2025-09-02,Training Session,Whole Session,67.0,581.0,4125.0,62.0,20.0,2.0,0.0,0.0,5.8,71.8,1.0,58.0,40.0
Robert elliott,Centre Defensive Midfielder,UNCG,2025-09-02,Training Session,Whole Session,67.0,557.0,3758.0,56.0,9.0,1.0,0.0,0.0,6.1,73.5,0.9,50.0,44.0
Colton Sessoms,Centre Forward,UNCG,2025-09-02,Training Session,Whole Session,67.0,442.0,3380.0,50.0,10.0,1.0,0.0,0.0,6.1,73.9,0.8,40.0,17.0
Xavi Wences,Centre Midfielder,UNCG,2025-09-02,Training Session,Whole Session,67.0,581.0,3936.0,59.0,44.0,8.0,0.0,0.0,6.0,74.5,1.0,48.0,50.0
Adam Rustami,Right Winger,UNCG,2025-09-02,Training Session,Whole Session,67.0,653.0,3899.0,58.0,35.0,4.0,6.0,1.0,7.2,85.1,1.0,43.0,44.0
Mason Dancy,Centre Back,"Defense, UNCG",2025-09-03,Training Session,Whole Session,101.0,722.0,5190.0,51.0,64.0,7.0,0.0,0.0,7.3,86.7,0.9,51.0,50.0
Sami Lachekar,Centre Back,"Defense, UNCG",2025-09-03,Training Session,Whole Session,101.0,599.0,4596.0,46.0,32.0,5.0,0.0,0.0,6.7,84.8,0.8,36.0,29.0
Mohammed Sumaila,Centre Back,"Defense, UNCG",2025-09-03,Training Session,Whole Session,101.0,729.0,5387.0,53.0,68.0,9.0,0.0,0.0,6.7,80.2,0.9,61.0,31.0
Jason Wynia,Centre Back,"Defense, UNCG",2025-09-03,Training Session,Whole Session,101.0,657.0,5371.0,53.0,60.0,9.0,12.0,1.0,7.5,89.9,0.9,45.0,32.0
Ben,Centre Back,"Defense, UNCG",2025-09-03,Training Session,Whole Session,101.0,658.0,5130.0,51.0,18.0,1.0,0.0,0.0,6.8,84.2,0.8,33.0,37.0
bautista schmidt,Left Back,"Defense, UNCG",2025-09-03,Training Session,Whole Session,101.0,642.0,4912.0,49.0,151.0,16.0,0.0,0.0,6.6,85.6,0.8,56.0,53.0
Téva Lossec,Left Back,"Defense, UNCG",2025-09-03,Training Session,Whole Session,101.0,788.0,5116.0,51.0,93.0,12.0,0.0,0.0,6.8,77.8,0.8,46.0,36.0
Kimito Fritz,Right Back,"Defense, UNCG",2025-09-03,Training Session,Whole Session,101.0,519.0,4365.0,43.0,60.0,7.0,0.0,0.0,6.8,80.7,0.7,40.0,28.0
Trym Linberg,Right Back,"Defense, UNCG",2025-09-03,Training Session,Whole Session,101.0,770.0,5423.0,54.0,159.0,20.0,8.0,1.0,7.0,82.5,0.9,58.0,52.0
Pablo Torre,Centre Forward,"FORWARDS, UNCG",2025-09-03,Training Session,Whole Session,101.0,0.0,0.0,0.0,0.0,0.0,0.0,0.0,0.0,0.0,0.0,0.0,0.0
Mason Poveromo,Left Winger,"FORWARDS, UNCG",2025-09-03,Training Session,Whole Session,101.0,642.0,4556.0,45.0,80.0,10.0,15.0,1.0,7.7,92.6,0.8,29.0,41.0
Ethan lam,Centre Attacking Midfielder,"MIDS, UNCG",2025-09-03,Training Session,Whole Session,101.0,717.0,5560.0,55.0,83.0,9.0,19.0,2.0,7.4,95.0,0.9,43.0,32.0
Sigurd,Centre Midfielder,"MIDS, UNCG",2025-09-03,Training Session,Whole Session,101.0,846.0,5507.0,55.0,74.0,10.0,0.0,0.0,6.7,86.5,0.9,52.0,42.0
Issah Haruna,Centre Attacking Midfielder,UNCG,2025-09-03,Training Session,Whole Session,101.0,854.0,5315.0,53.0,103.0,9.0,18.0,1.0,7.9,99.3,0.9,57.0,55.0
Magnus Kjoeller,Centre Defensive Midfielder,UNCG,2025-09-03,Training Session,Whole Session,101.0,678.0,5244.0,52.0,80.0,8.0,0.0,0.0,6.6,82.2,0.9,63.0,45.0
Robert elliott,Centre Defensive Midfielder,UNCG,2025-09-03,Training Session,Whole Session,101.0,581.0,4443.0,44.0,40.0,4.0,0.0,0.0,6.6,80.0,0.7,40.0,36.0
julien le bourdoulous,Centre Defensive Midfielder,UNCG,2025-09-03,Training Session,Whole Session,101.0,690.0,5191.0,51.0,8.0,1.0,0.0,0.0,6.1,77.7,0.9,38.0,44.0
Arnaud Tattevin,Centre Forward,UNCG,2025-09-03,Training Session,Whole Session,101.0,772.0,5204.0,52.0,65.0,7.0,0.0,0.0,6.8,79.8,0.9,56.0,48.0
Colton Sessoms,Centre Forward,UNCG,2025-09-03,Training Session,Whole Session,101.0,603.0,4800.0,48.0,59.0,6.0,0.0,0.0,7.1,85.3,0.8,51.0,38.0
Xavi Wences,Centre Midfielder,UNCG,2025-09-03,Training Session,Whole Session,101.0,1098.0,4302.0,43.0,26.0,5.0,0.0,0.0,7.1,88.1,0.7,49.0,43.0
Daniel Longo,Centre Midfielder,UNCG,2025-09-03,Training Session,Whole Session,101.0,803.0,5236.0,52.0,84.0,10.0,0.0,0.0,6.8,88.3,0.9,50.0,46.0
Steven Hernandez,Left Winger,UNCG,2025-09-03,Training Session,Whole Session,101.0,816.0,5702.0,56.0,131.0,18.0,38.0,4.0,8.0,95.8,0.9,45.0,60.0
Adam Rustami,Right Winger,UNCG,2025-09-03,Training Session,Whole Session,101.0,611.0,4373.0,43.0,32.0,6.0,5.0,1.0,7.2,84.9,0.7,36.0,30.0
Enzo Dovlo,Right Winger,UNCG,2025-09-03,Training Session,Whole Session,101.0,760.0,5401.0,53.0,119.0,11.0,8.0,1.0,7.4,89.7,0.9,41.0,32.0
Sami Lachekar,Centre Back,"Defense, UNCG",2025-09-04,Training Session,Whole Session,96.0,527.0,4534.0,47.0,37.0,5.0,0.0,0.0,6.2,78.9,0.8,31.0,15.0
Jason Wynia,Centre Back,"Defense, UNCG",2025-09-04,Training Session,Whole Session,96.0,468.0,4128.0,43.0,55.0,6.0,28.0,1.0,8.4,101.0,0.7,45.0,24.0
Mohammed Sumaila,Centre Back,"Defense, UNCG",2025-09-04,Training Session,Whole Session,96.0,680.0,5049.0,53.0,38.0,5.0,11.0,1.0,7.6,91.0,0.9,68.0,34.0
Ben,Centre Back,"Defense, UNCG",2025-09-04,Training Session,Whole Session,96.0,481.0,3989.0,42.0,6.0,1.0,0.0,0.0,5.6,69.4,0.7,42.0,28.0
Mason Dancy,Centre Back,"Defense, UNCG",2025-09-04,Training Session,Whole Session,96.0,550.0,4345.0,45.0,17.0,3.0,0.0,0.0,6.1,72.0,0.8,32.0,21.0
bautista schmidt,Left Back,"Defense, UNCG",2025-09-04,Training Session,Whole Session,96.0,689.0,4603.0,48.0,182.0,19.0,18.0,2.0,7.2,94.3,0.8,66.0,51.0
Téva Lossec,Left Back,"Defense, UNCG",2025-09-04,Training Session,Whole Session,96.0,854.0,5230.0,54.0,149.0,18.0,32.0,3.0,7.3,83.7,0.9,63.0,34.0
Trym Linberg,Right Back,"Defense, UNCG",2025-09-04,Training Session,Whole Session,96.0,649.0,4395.0,46.0,115.0,13.0,0.0,0.0,6.5,76.5,0.8,71.0,56.0
Kimito Fritz,Right Back,"Defense, UNCG",2025-09-04,Training Session,Whole Session,96.0,734.0,5002.0,52.0,191.0,21.0,85.0,6.0,7.8,92.1,0.9,61.0,31.0
Pablo Torre,Centre Forward,"FORWARDS, UNCG",2025-09-04,Training Session,Whole Session,96.0,554.0,4459.0,46.0,14.0,2.0,0.0,0.0,6.2,75.7,0.8,43.0,30.0
Mason Poveromo,Left Winger,"FORWARDS, UNCG",2025-09-04,Training Session,Whole Session,96.0,720.0,4820.0,50.0,143.0,14.0,19.0,1.0,7.6,91.8,0.8,41.0,33.0
Ethan lam,Centre Attacking Midfielder,"MIDS, UNCG",2025-09-04,Training Session,Whole Session,96.0,471.0,3683.0,38.0,65.0,9.0,19.0,2.0,7.1,91.5,0.6,44.0,18.0
Sigurd,Centre Midfielder,"MIDS, UNCG",2025-09-04,Training Session,Whole Session,96.0,639.0,4314.0,45.0,52.0,9.0,0.0,0.0,5.9,76.8,0.7,58.0,39.0
Issah Haruna,Centre Attacking Midfielder,UNCG,2025-09-04,Training Session,Whole Session,96.0,745.0,4738.0,49.0,89.0,12.0,0.0,0.0,6.8,85.6,0.8,60.0,58.0
Robert elliott,Centre Defensive Midfielder,UNCG,2025-09-04,Training Session,Whole Session,96.0,580.0,4416.0,46.0,18.0,4.0,0.0,0.0,5.9,71.1,0.8,48.0,30.0
julien le bourdoulous,Centre Defensive Midfielder,UNCG,2025-09-04,Training Session,Whole Session,96.0,667.0,4694.0,49.0,21.0,3.0,0.0,0.0,6.0,76.2,0.8,41.0,36.0
Magnus Kjoeller,Centre Defensive Midfielder,UNCG,2025-09-04,Training Session,Whole Session,96.0,638.0,5025.0,52.0,27.0,4.0,6.0,1.0,7.0,87.5,0.9,59.0,21.0
Arnaud Tattevin,Centre Forward,UNCG,2025-09-04,Training Session,Whole Session,96.0,640.0,4772.0,50.0,17.0,3.0,0.0,0.0,6.0,70.6,0.8,46.0,35.0
Colton Sessoms,Centre Forward,UNCG,2025-09-04,Training Session,Whole Session,96.0,517.0,4039.0,42.0,62.0,10.0,0.0,0.0,6.1,73.3,0.7,40.0,29.0
Xavi Wences,Centre Midfielder,UNCG,2025-09-04,Training Session,Whole Session,96.0,1097.0,4008.0,42.0,85.0,14.0,7.0,1.0,7.7,95.4,0.7,65.0,54.0
Daniel Longo,Centre Midfielder,UNCG,2025-09-04,Training Session,Whole Session,96.0,641.0,4611.0,48.0,27.0,3.0,0.0,0.0,6.6,85.2,0.8,60.0,29.0
Steven Hernandez,Left Winger,UNCG,2025-09-04,Training Session,Whole Session,96.0,794.0,5300.0,55.0,121.0,13.0,31.0,2.0,7.9,94.5,0.9,57.0,48.0
Adam Rustami,Right Winger,UNCG,2025-09-04,Training Session,Whole Session,96.0,0.0,0.0,0.0,0.0,0.0,0.0,0.0,0.0,0.0,0.0,0.0,0.0
Enzo Dovlo,Right Winger,UNCG,2025-09-04,Training Session,Whole Session,96.0,629.0,4872.0,51.0,95.0,10.0,0.0,0.0,6.7,81.0,0.8,41.0,27.0
Sami Lachekar,Centre Back,"Defense, UNCG",2025-09-05,Training Session,Whole Session,91.0,412.0,3772.0,41.0,5.0,1.0,0.0,0.0,5.9,74.4,0.7,23.0,15.0
Mason Dancy,Centre Back,"Defense, UNCG",2025-09-05,Training Session,Whole Session,91.0,437.0,3680.0,40.0,3.0,1.0,0.0,0.0,5.5,65.2,0.7,33.0,18.0
Jason Wynia,Centre Back,"Defense, UNCG",2025-09-05,Training Session,Whole Session,91.0,511.0,4407.0,48.0,34.0,6.0,24.0,1.0,7.8,93.7,0.8,24.0,28.0
Ben,Centre Back,"Defense, UNCG",2025-09-05,Training Session,Whole Session,91.0,403.0,3824.0,42.0,0.0,0.0,0.0,0.0,4.9,60.5,0.7,28.0,14.0
Mohammed Sumaila,Centre Back,"Defense, UNCG",2025-09-05,Training Session,Whole Session,91.0,496.0,3827.0,42.0,0.0,0.0,0.0,0.0,5.5,66.5,0.7,55.0,37.0
bautista schmidt,Left Back,"Defense, UNCG",2025-09-05,Training Session,Whole Session,91.0,487.0,3867.0,42.0,43.0,4.0,12.0,1.0,7.2,93.9,0.7,40.0,31.0
Téva Lossec,Left Back,"Defense, UNCG",2025-09-05,Training Session,Whole Session,91.0,643.0,4452.0,49.0,33.0,5.0,50.0,2.0,8.1,92.2,0.8,34.0,17.0
Kimito Fritz,Right Back,"Defense, UNCG",2025-09-05,Training Session,Whole Session,91.0,546.0,4155.0,46.0,39.0,6.0,41.0,2.0,7.8,92.6,0.8,46.0,17.0
Trym Linberg,Right Back,"Defense, UNCG",2025-09-05,Training Session,Whole Session,91.0,497.0,3558.0,39.0,109.0,11.0,45.0,3.0,7.6,89.5,0.7,40.0,35.0
Pablo Torre,Centre Forward,"FORWARDS, UNCG",2025-09-05,Training Session,Whole Session,91.0,546.0,4183.0,46.0,144.0,12.0,4.0,1.0,7.0,85.3,0.8,45.0,33.0
Mason Poveromo,Left Winger,"FORWARDS, UNCG",2025-09-05,Training Session,Whole Session,91.0,515.0,3801.0,42.0,53.0,6.0,27.0,2.0,7.6,91.8,0.7,20.0,27.0
Ethan lam,Centre Attacking Midfielder,"MIDS, UNCG",2025-09-05,Training Session,Whole Session,91.0,503.0,3925.0,43.0,32.0,4.0,12.0,2.0,7.2,92.8,0.7,38.0,38.0
Sigurd,Centre Midfielder,"MIDS, UNCG",2025-09-05,Training Session,Whole Session,91.0,749.0,4787.0,53.0,59.0,5.0,0.0,0.0,6.7,87.1,0.9,47.0,41.0
Issah Haruna,Centre Attacking Midfielder,UNCG,2025-09-05,Training Session,Whole Session,91.0,672.0,4404.0,48.0,173.0,14.0,4.0,1.0,6.9,86.6,0.8,43.0,29.0
julien le bourdoulous,Centre Defensive Midfielder,UNCG,2025-09-05,Training Session,Whole Session,91.0,499.0,3830.0,42.0,26.0,4.0,0.0,0.0,5.8,73.9,0.7,30.0,38.0
Magnus Kjoeller,Centre Defensive Midfielder,UNCG,2025-09-05,Training Session,Whole Session,91.0,502.0,4118.0,45.0,0.0,0.0,0.0,0.0,5.4,67.9,0.8,52.0,21.0
Robert elliott,Centre Defensive Midfielder,UNCG,2025-09-05,Training Session,Whole Session,91.0,392.0,3169.0,35.0,8.0,1.0,0.0,0.0,6.2,74.6,0.6,37.0,17.0
Colton Sessoms,Centre Forward,UNCG,2025-09-05,Training Session,Whole Session,91.0,376.0,3324.0,37.0,88.0,10.0,31.0,3.0,7.5,90.6,0.6,18.0,15.0
Arnaud Tattevin,Centre Forward,UNCG,2025-09-05,Training Session,Whole Session,91.0,562.0,4432.0,49.0,138.0,13.0,18.0,2.0,7.4,87.3,0.8,41.0,33.0
Xavi Wences,Centre Midfielder,UNCG,2025-09-05,Training Session,Whole Session,91.0,1196.0,4257.0,47.0,120.0,13.0,0.0,0.0,8.0,104.8,0.8,50.0,45.0
Daniel Longo,Centre Midfielder,UNCG,2025-09-05,Training Session,Whole Session,91.0,606.0,4518.0,50.0,25.0,4.0,0.0,0.0,6.0,78.0,0.8,45.0,30.0
Steven Hernandez,Left Winger,UNCG,2025-09-05,Training Session,Whole Session,91.0,603.0,4540.0,50.0,199.0,19.0,71.0,5.0,8.1,96.7,0.8,33.0,31.0
Adam Rustami,Right Winger,UNCG,2025-09-05,Training Session,Whole Session,91.0,438.0,3198.0,35.0,55.0,7.0,39.0,3.0,8.1,95.5,0.6,28.0,14.0
Enzo Dovlo,Right Winger,UNCG,2025-09-05,Training Session,Whole Session,91.0,623.0,4636.0,51.0,181.0,17.0,44.0,4.0,7.3,88.6,0.8,34.0,29.0
Sami Lachekar,Centre Back,"Defense, UNCG",2025-09-06,Match Session,Whole Session,91.0,1322.0,8287.0,91.0,153.0,16.0,63.0,3.0,8.2,102.7,1.5,31.0,36.0
Mason Dancy,Centre Back,"Defense, UNCG",2025-09-06,Match Session,Whole Session,91.0,12.0,342.0,4.0,0.0,0.0,0.0,0.0,1.7,20.4,0.1,0.0,0.0
Jason Wynia,Centre Back,"Defense, UNCG",2025-09-06,Match Session,Whole Session,91.0,23.0,504.0,6.0,0.0,0.0,0.0,0.0,2.2,26.6,0.1,0.0,0.0
Mohammed Sumaila,Centre Back,"Defense, UNCG",2025-09-06,Match Session,Whole Session,91.0,1485.0,9197.0,101.0,199.0,22.0,15.0,2.0,7.4,86.1,1.7,86.0,54.0
Ben,Centre Back,"Defense, UNCG",2025-09-06,Match Session,Whole Session,91.0,17.0,408.0,4.0,0.0,0.0,0.0,0.0,1.7,21.7,0.1,0.0,0.0
Téva Lossec,Left Back,"Defense, UNCG",2025-09-06,Match Session,Whole Session,91.0,2021.0,9854.0,108.0,478.0,45.0,204.0,13.0,8.6,98.4,1.8,57.0,65.0
bautista schmidt,Left Back,"Defense, UNCG",2025-09-06,Match Session,Whole Session,91.0,8.0,239.0,3.0,0.0,0.0,0.0,0.0,1.3,16.7,0.0,0.0,0.0
Kimito Fritz,Right Back,"Defense, UNCG",2025-09-06,Match Session,Whole Session,91.0,1443.0,9016.0,99.0,558.0,47.0,309.0,16.0,8.3,98.0,1.6,59.0,60.0
Trym Linberg,Right Back,"Defense, UNCG",2025-09-06,Match Session,Whole Session,91.0,668.0,4392.0,48.0,326.0,30.0,128.0,9.0,8.1,94.9,0.8,28.0,49.0
Pablo Torre,Centre Forward,"FORWARDS, UNCG",2025-09-06,Match Session,Whole Session,91.0,790.0,4662.0,51.0,365.0,32.0,43.0,3.0,8.0,97.8,0.9,31.0,28.0
Mason Poveromo,Left Winger,"FORWARDS, UNCG",2025-09-06,Match Session,Whole Session,91.0,16.0,336.0,4.0,0.0,0.0,0.0,0.0,1.7,20.1,0.1,0.0,0.0
Ethan lam,Centre Attacking Midfielder,"MIDS, UNCG",2025-09-06,Match Session,Whole Session,91.0,22.0,388.0,4.0,0.0,0.0,0.0,0.0,2.9,37.5,0.1,1.0,0.0
Sigurd,Centre Midfielder,"MIDS, UNCG",2025-09-06,Match Session,Whole Session,91.0,858.0,4675.0,51.0,274.0,24.0,129.0,8.0,8.1,104.9,0.9,19.0,31.0
Issah Haruna,Centre Attacking Midfielder,UNCG,2025-09-06,Match Session,Whole Session,91.0,1130.0,5565.0,61.0,356.0,29.0,12.0,2.0,7.0,88.1,1.0,43.0,44.0
julien le bourdoulous,Centre Defensive Midfielder,UNCG,2025-09-06,Match Session,Whole Session,91.0,1446.0,8909.0,98.0,171.0,18.0,7.0,1.0,7.3,92.0,1.6,46.0,79.0
Robert elliott,Centre Defensive Midfielder,UNCG,2025-09-06,Match Session,Whole Session,91.0,13.0,362.0,4.0,0.0,0.0,0.0,0.0,1.6,19.9,0.1,0.0,0.0
Magnus Kjoeller,Centre Defensive Midfielder,UNCG,2025-09-06,Match Session,Whole Session,91.0,35.0,666.0,7.0,0.0,0.0,0.0,0.0,2.8,34.7,0.1,0.0,0.0
Colton Sessoms,Centre Forward,UNCG,2025-09-06,Match Session,Whole Session,91.0,632.0,4291.0,47.0,249.0,19.0,11.0,1.0,7.5,90.2,0.8,30.0,37.0
Arnaud Tattevin,Centre Forward,UNCG,2025-09-06,Match Session,Whole Session,91.0,893.0,5458.0,60.0,344.0,34.0,45.0,5.0,7.4,84.5,1.0,34.0,35.0
Daniel Longo,Centre Midfielder,UNCG,2025-09-06,Match Session,Whole Session,91.0,1704.0,9570.0,105.0,312.0,31.0,56.0,5.0,7.8,101.0,1.8,53.0,72.0
Xavi Wences,Centre Midfielder,UNCG,2025-09-06,Match Session,Whole Session,91.0,25.0,246.0,3.0,0.0,0.0,0.0,0.0,2.0,23.7,0.0,0.0,0.0
Steven Hernandez,Left Winger,UNCG,2025-09-06,Match Session,Whole Session,91.0,969.0,5507.0,61.0,363.0,37.0,178.0,9.0,9.1,105.1,1.0,32.0,42.0
Enzo Dovlo,Right Winger,UNCG,2025-09-06,Match Session,Whole Session,91.0,856.0,5168.0,57.0,383.0,37.0,126.0,10.0,8.6,100.1,0.9,45.0,41.0
Adam Rustami,Right Winger,UNCG,2025-09-06,Match Session,Whole Session,91.0,12.0,338.0,4.0,0.0,0.0,0.0,0.0,1.5,17.5,0.1,0.0,0.0
Jason Wynia,Centre Back,"Defense, UNCG",2025-09-09,Training Session,Whole Session,90.0,328.0,2862.0,32.0,39.0,5.0,26.0,2.0,7.5,89.4,0.5,27.0,21.0
Sami Lachekar,Centre Back,"Defense, UNCG",2025-09-09,Training Session,Whole Session,90.0,0.0,0.0,0.0,0.0,0.0,0.0,0.0,0.1,1.8,0.0,0.0,0.0
Mason Dancy,Centre Back,"Defense, UNCG",2025-09-09,Training Session,Whole Session,90.0,300.0,2263.0,25.0,20.0,3.0,0.0,0.0,6.0,71.4,0.4,42.0,27.0
Mohammed Sumaila,Centre Back,"Defense, UNCG",2025-09-09,Training Session,Whole Session,90.0,456.0,3222.0,36.0,56.0,7.0,0.0,0.0,6.5,78.6,0.6,69.0,48.0
Ben,Centre Back,"Defense, UNCG",2025-09-09,Training Session,Whole Session,90.0,406.0,3162.0,35.0,66.0,7.0,0.0,0.0,6.0,75.1,0.6,35.0,33.0
bautista schmidt,Left Back,"Defense, UNCG",2025-09-09,Training Session,Whole Session,90.0,365.0,2951.0,33.0,122.0,11.0,8.0,1.0,6.9,90.0,0.5,42.0,35.0
Téva Lossec,Left Back,"Defense, UNCG",2025-09-09,Training Session,Whole Session,90.0,0.0,1.0,0.0,0.0,0.0,0.0,0.0,0.2,2.1,0.0,0.0,0.0
Kimito Fritz,Right Back,"Defense, UNCG",2025-09-09,Training Session,Whole Session,90.0,0.0,0.0,0.0,0.0,0.0,0.0,0.0,0.0,0.0,0.0,0.0,0.0
Trym Linberg,Right Back,"Defense, UNCG",2025-09-09,Training Session,Whole Session,90.0,614.0,4479.0,50.0,360.0,37.0,182.0,11.0,8.1,95.0,0.8,53.0,33.0
Pablo Torre,Centre Forward,"FORWARDS, UNCG",2025-09-09,Training Session,Whole Session,90.0,1.0,43.0,0.0,0.0,0.0,0.0,0.0,2.0,24.7,0.0,0.0,0.0
Mason Poveromo,Left Winger,"FORWARDS, UNCG",2025-09-09,Training Session,Whole Session,90.0,460.0,3474.0,39.0,165.0,15.0,49.0,4.0,7.3,87.5,0.6,22.0,23.0
Ethan lam,Centre Attacking Midfielder,"MIDS, UNCG",2025-09-09,Training Session,Whole Session,90.0,378.0,3007.0,33.0,68.0,7.0,0.0,0.0,6.7,86.7,0.6,46.0,31.0
Sigurd,Centre Midfielder,"MIDS, UNCG",2025-09-09,Training Session,Whole Session,90.0,550.0,3721.0,41.0,10.0,2.0,0.0,0.0,6.3,81.4,0.7,42.0,34.0
Issah Haruna,Centre Attacking Midfielder,UNCG,2025-09-09,Training Session,Whole Session,90.0,649.0,4284.0,48.0,289.0,22.0,55.0,4.0,7.9,98.8,0.8,35.0,20.0
Magnus Kjoeller,Centre Defensive Midfielder,UNCG,2025-09-09,Training Session,Whole Session,90.0,397.0,3336.0,37.0,7.0,1.0,0.0,0.0,6.0,74.1,0.6,35.0,25.0
julien le bourdoulous,Centre Defensive Midfielder,UNCG,2025-09-09,Training Session,Whole Session,90.0,0.0,1.0,0.0,0.0,0.0,0.0,0.0,0.1,1.8,0.0,0.0,0.0
Robert elliott,Centre Defensive Midfielder,UNCG,2025-09-09,Training Session,Whole Session,90.0,306.0,2930.0,33.0,0.0,0.0,0.0,0.0,5.0,60.9,0.5,35.0,21.0
Arnaud Tattevin,Centre Forward,UNCG,2025-09-09,Training Session,Whole Session,90.0,0.0,0.0,0.0,0.0,0.0,0.0,0.0,0.0,0.0,0.0,0.0,0.0
Colton Sessoms,Centre Forward,UNCG,2025-09-09,Training Session,Whole Session,90.0,2.0,39.0,0.0,0.0,0.0,0.0,0.0,1.2,14.9,0.0,0.0,0.0
Xavi Wences,Centre Midfielder,UNCG,2025-09-09,Training Session,Whole Session,90.0,850.0,3521.0,39.0,133.0,14.0,54.0,7.0,8.3,103.5,0.7,38.0,17.0
Daniel Longo,Centre Midfielder,UNCG,2025-09-09,Training Session,Whole Session,90.0,430.0,3282.0,36.0,23.0,2.0,0.0,0.0,6.5,84.1,0.6,36.0,15.0
Steven Hernandez,Left Winger,UNCG,2025-09-09,Training Session,Whole Session,90.0,6.0,77.0,1.0,0.0,0.0,0.0,0.0,1.5,17.6,0.0,0.0,0.0
Adam Rustami,Right Winger,UNCG,2025-09-09,Training Session,Whole Session,90.0,0.0,1.0,0.0,0.0,0.0,0.0,0.0,0.3,3.2,0.0,0.0,0.0
Enzo Dovlo,Right Winger,UNCG,2025-09-09,Training Session,Whole Session,90.0,600.0,4206.0,47.0,177.0,18.0,55.0,5.0,8.2,98.4,0.8,36.0,24.0
Jason Wynia,Centre Back,"Defense, UNCG",2025-09-10,Training Session,Whole Session,98.0,668.0,5074.0,52.0,126.0,13.0,41.0,2.0,7.9,94.2,0.9,30.0,21.0
Sami Lachekar,Centre Back,"Defense, UNCG",2025-09-10,Training Session,Whole Session,98.0,713.0,5282.0,54.0,32.0,5.0,0.0,0.0,5.9,74.2,0.9,39.0,34.0
Mohammed Sumaila,Centre Back,"Defense, UNCG",2025-09-10,Training Session,Whole Session,98.0,942.0,6428.0,66.0,73.0,10.0,12.0,1.0,7.3,87.8,1.1,71.0,51.0
Ben,Centre Back,"Defense, UNCG",2025-09-10,Training Session,Whole Session,98.0,792.0,5913.0,60.0,57.0,5.0,11.0,1.0,7.3,90.9,1.0,33.0,25.0
Mason Dancy,Centre Back,"Defense, UNCG",2025-09-10,Training Session,Whole Session,98.0,921.0,6172.0,63.0,111.0,10.0,5.0,1.0,7.0,83.2,1.0,43.0,33.0
bautista schmidt,Left Back,"Defense, UNCG",2025-09-10,Training Session,Whole Session,98.0,793.0,5240.0,53.0,277.0,33.0,113.0,7.0,7.9,102.7,0.9,50.0,55.0
Téva Lossec,Left Back,"Defense, UNCG",2025-09-10,Training Session,Whole Session,98.0,1318.0,7473.0,76.0,159.0,21.0,0.0,0.0,6.7,76.7,1.3,75.0,55.0
Trym Linberg,Right Back,"Defense, UNCG",2025-09-10,Training Session,Whole Session,98.0,767.0,5629.0,57.0,234.0,23.0,46.0,3.0,8.1,94.8,1.0,64.0,51.0
Kimito Fritz,Right Back,"Defense, UNCG",2025-09-10,Training Session,Whole Session,98.0,1002.0,6678.0,68.0,192.0,25.0,100.0,7.0,7.8,92.1,1.1,63.0,57.0
Pablo Torre,Centre Forward,"FORWARDS, UNCG",2025-09-10,Training Session,Whole Session,98.0,995.0,6816.0,70.0,79.0,7.0,15.0,1.0,7.7,93.7,1.2,56.0,42.0
Mason Poveromo,Left Winger,"FORWARDS, UNCG",2025-09-10,Training Session,Whole Session,98.0,591.0,4203.0,43.0,124.0,9.0,19.0,2.0,7.6,91.8,0.7,21.0,20.0
Ethan lam,Centre Attacking Midfielder,"MIDS, UNCG",2025-09-10,Training Session,Whole Session,98.0,617.0,4340.0,44.0,104.0,13.0,38.0,4.0,7.7,99.3,0.7,44.0,34.0
Sigurd,Centre Midfielder,"MIDS, UNCG",2025-09-10,Training Session,Whole Session,98.0,1517.0,8410.0,86.0,141.0,15.0,5.0,1.0,7.2,93.3,1.4,58.0,65.0
Issah Haruna,Centre Attacking Midfielder,UNCG,2025-09-10,Training Session,Whole Session,98.0,1280.0,6889.0,70.0,289.0,27.0,20.0,3.0,7.7,96.8,1.2,73.0,68.0
Robert elliott,Centre Defensive Midfielder,UNCG,2025-09-10,Training Session,Whole Session,98.0,514.0,3977.0,41.0,22.0,2.0,0.0,0.0,6.3,75.9,0.7,33.0,28.0
Magnus Kjoeller,Centre Defensive Midfielder,UNCG,2025-09-10,Training Session,Whole Session,98.0,948.0,6853.0,70.0,99.0,10.0,10.0,1.0,7.1,88.0,1.2,49.0,45.0
julien le bourdoulous,Centre Defensive Midfielder,UNCG,2025-09-10,Training Session,Whole Session,98.0,858.0,5815.0,59.0,112.0,10.0,27.0,2.0,7.8,99.2,1.0,44.0,44.0
Arnaud Tattevin,Centre Forward,UNCG,2025-09-10,Training Session,Whole Session,98.0,1186.0,7003.0,71.0,227.0,21.0,69.0,5.0,8.1,95.1,1.2,52.0,42.0
Colton Sessoms,Centre Forward,UNCG,2025-09-10,Training Session,Whole Session,98.0,892.0,6467.0,66.0,147.0,17.0,52.0,4.0,7.4,89.7,1.1,51.0,36.0
Daniel Longo,Centre Midfielder,UNCG,2025-09-10,Training Session,Whole Session,98.0,1292.0,7208.0,74.0,168.0,20.0,18.0,3.0,7.1,92.2,1.2,56.0,45.0
Xavi Wences,Centre Midfielder,UNCG,2025-09-10,Training Session,Whole Session,98.0,2058.0,6862.0,70.0,237.0,27.0,5.0,1.0,7.5,90.9,1.2,51.0,78.0
Steven Hernandez,Left Winger,UNCG,2025-09-10,Training Session,Whole Session,98.0,1004.0,6470.0,66.0,276.0,25.0,54.0,5.0,7.8,92.6,1.1,50.0,49.0
Enzo Dovlo,Right Winger,UNCG,2025-09-10,Training Session,Whole Session,98.0,735.0,4147.0,42.0,231.0,20.0,12.0,1.0,7.3,87.5,0.7,30.0,33.0
Adam Rustami,Right Winger,UNCG,2025-09-10,Training Session,Whole Session,98.0,894.0,5471.0,56.0,63.0,7.0,24.0,2.0,8.2,96.7,0.9,39.0,37.0
Mohammed Sumaila,Centre Back,"Defense, UNCG",2025-09-11,Training Session,Whole Session,105.0,594.0,4922.0,47.0,8.0,1.0,0.0,0.0,6.2,75.0,0.8,58.0,24.0
Mason Dancy,Centre Back,"Defense, UNCG",2025-09-11,Training Session,Whole Session,105.0,466.0,4254.0,41.0,19.0,3.0,0.0,0.0,6.4,75.7,0.7,48.0,18.0
Jason Wynia,Centre Back,"Defense, UNCG",2025-09-11,Training Session,Whole Session,105.0,0.0,1.0,0.0,0.0,0.0,0.0,0.0,0.2,1.9,0.0,0.0,0.0
Ben,Centre Back,"Defense, UNCG",2025-09-11,Training Session,Whole Session,105.0,465.0,4256.0,41.0,5.0,1.0,0.0,0.0,5.9,73.5,0.7,41.0,18.0
Sami Lachekar,Centre Back,"Defense, UNCG",2025-09-11,Training Session,Whole Session,105.0,0.0,0.0,0.0,0.0,0.0,0.0,0.0,0.0,0.0,0.0,0.0,0.0
bautista schmidt,Left Back,"Defense, UNCG",2025-09-11,Training Session,Whole Session,105.0,0.0,0.0,0.0,0.0,0.0,0.0,0.0,0.0,0.0,0.0,0.0,0.0
Téva Lossec,Left Back,"Defense, UNCG",2025-09-11,Training Session,Whole Session,105.0,0.0,1.0,0.0,0.0,0.0,0.0,0.0,0.3,3.3,0.0,0.0,0.0
Trym Linberg,Right Back,"Defense, UNCG",2025-09-11,Training Session,Whole Session,105.0,536.0,4532.0,43.0,182.0,19.0,53.0,5.0,7.6,89.2,0.7,32.0,27.0
Kimito Fritz,Right Back,"Defense, UNCG",2025-09-11,Training Session,Whole Session,105.0,807.0,5817.0,55.0,222.0,24.0,68.0,6.0,8.1,95.6,0.9,48.0,41.0
Pablo Torre,Centre Forward,"FORWARDS, UNCG",2025-09-11,Training Session,Whole Session,105.0,581.0,4807.0,46.0,209.0,18.0,24.0,3.0,7.6,92.8,0.8,34.0,22.0
Mason Poveromo,Left Winger,"FORWARDS, UNCG",2025-09-11,Training Session,Whole Session,105.0,449.0,3458.0,33.0,149.0,10.0,4.0,1.0,7.2,86.9,0.5,21.0,19.0
Ethan lam,Centre Attacking Midfielder,"MIDS, UNCG",2025-09-11,Training Session,Whole Session,105.0,632.0,5102.0,49.0,139.0,15.0,16.0,1.0,7.2,93.2,0.8,51.0,34.0
Sigurd,Centre Midfielder,"MIDS, UNCG",2025-09-11,Training Session,Whole Session,105.0,679.0,4885.0,47.0,14.0,1.0,0.0,0.0,6.3,81.6,0.8,42.0,18.0
Issah Haruna,Centre Attacking Midfielder,UNCG,2025-09-11,Training Session,Whole Session,105.0,592.0,4031.0,38.0,191.0,18.0,40.0,3.0,7.5,93.8,0.6,44.0,37.0
Robert elliott,Centre Defensive Midfielder,UNCG,2025-09-11,Training Session,Whole Session,105.0,432.0,3696.0,35.0,5.0,1.0,0.0,0.0,5.6,67.6,0.6,30.0,10.0
julien le bourdoulous,Centre Defensive Midfielder,UNCG,2025-09-11,Training Session,Whole Session,105.0,0.0,0.0,0.0,0.0,0.0,0.0,0.0,0.0,0.0,0.0,0.0,0.0
Magnus Kjoeller,Centre Defensive Midfielder,UNCG,2025-09-11,Training Session,Whole Session,105.0,499.0,4305.0,41.0,94.0,8.0,0.0,0.0,6.5,80.9,0.7,36.0,14.0
Colton Sessoms,Centre Forward,UNCG,2025-09-11,Training Session,Whole Session,105.0,327.0,2995.0,29.0,68.0,8.0,20.0,1.0,7.5,91.2,0.5,12.0,8.0
Arnaud Tattevin,Centre Forward,UNCG,2025-09-11,Training Session,Whole Session,105.0,637.0,4957.0,47.0,144.0,14.0,31.0,4.0,7.4,86.9,0.8,42.0,26.0
Xavi Wences,Centre Midfielder,UNCG,2025-09-11,Training Session,Whole Session,105.0,1012.0,4059.0,39.0,143.0,15.0,17.0,3.0,8.1,97.9,0.6,34.0,20.0
Daniel Longo,Centre Midfielder,UNCG,2025-09-11,Training Session,Whole Session,105.0,739.0,5089.0,48.0,32.0,2.0,0.0,0.0,6.5,83.4,0.8,46.0,15.0
Steven Hernandez,Left Winger,UNCG,2025-09-11,Training Session,Whole Session,105.0,610.0,4885.0,47.0,300.0,24.0,26.0,4.0,7.5,89.1,0.8,41.0,32.0
Enzo Dovlo,Right Winger,UNCG,2025-09-11,Training Session,Whole Session,105.0,751.0,5537.0,53.0,196.0,19.0,21.0,2.0,7.6,91.8,0.9,40.0,29.0
Adam Rustami,Right Winger,UNCG,2025-09-11,Training Session,Whole Session,105.0,452.0,3343.0,32.0,105.0,9.0,13.0,1.0,7.5,88.4,0.5,36.0,19.0
Ben,Centre Back,"Defense, UNCG",2025-09-13,Match Session,Whole Session,90.0,13.0,371.0,4.0,0.0,0.0,0.0,0.0,1.4,17.9,0.1,0.0,0.0
Sami Lachekar,Centre Back,"Defense, UNCG",2025-09-13,Match Session,Whole Session,90.0,1231.0,8284.0,92.0,279.0,29.0,93.0,6.0,8.0,100.7,1.5,52.0,59.0
Mohammed Sumaila,Centre Back,"Defense, UNCG",2025-09-13,Match Session,Whole Session,90.0,1501.0,9581.0,106.0,343.0,34.0,160.0,9.0,8.6,102.7,1.8,83.0,77.0
Mason Dancy,Centre Back,"Defense, UNCG",2025-09-13,Match Session,Whole Session,90.0,8.0,226.0,3.0,0.0,0.0,0.0,0.0,1.6,19.3,0.0,0.0,0.0
Jason Wynia,Centre Back,"Defense, UNCG",2025-09-13,Match Session,Whole Session,90.0,17.0,420.0,5.0,0.0,0.0,0.0,0.0,2.2,26.1,0.1,0.0,0.0
bautista schmidt,Left Back,"Defense, UNCG",2025-09-13,Match Session,Whole Session,90.0,11.0,269.0,3.0,0.0,0.0,0.0,0.0,4.2,53.0,0.0,0.0,0.0
Téva Lossec,Left Back,"Defense, UNCG",2025-09-13,Match Session,Whole Session,90.0,1972.0,10401.0,116.0,530.0,48.0,139.0,10.0,8.3,95.6,1.9,65.0,80.0
Kimito Fritz,Right Back,"Defense, UNCG",2025-09-13,Match Session,Whole Session,90.0,1570.0,9467.0,105.0,316.0,32.0,64.0,5.0,8.1,95.3,1.8,65.0,64.0
Trym Linberg,Right Back,"Defense, UNCG",2025-09-13,Match Session,Whole Session,90.0,533.0,3398.0,38.0,225.0,15.0,11.0,1.0,7.7,90.8,0.6,28.0,33.0
Pablo Torre,Centre Forward,"FORWARDS, UNCG",2025-09-13,Match Session,Whole Session,90.0,432.0,2542.0,28.0,106.0,10.0,20.0,2.0,7.6,92.5,0.5,17.0,24.0
Mason Poveromo,Left Winger,"FORWARDS, UNCG",2025-09-13,Match Session,Whole Session,90.0,8.0,191.0,2.0,0.0,0.0,0.0,0.0,1.5,18.3,0.0,0.0,0.0
Ethan lam,Centre Attacking Midfielder,"MIDS, UNCG",2025-09-13,Match Session,Whole Session,90.0,10.0,221.0,2.0,0.0,0.0,0.0,0.0,2.3,30.2,0.0,0.0,0.0
Sigurd,Centre Midfielder,"MIDS, UNCG",2025-09-13,Match Session,Whole Session,90.0,14.0,218.0,2.0,0.0,0.0,0.0,0.0,2.7,35.1,0.0,0.0,0.0
Issah Haruna,Centre Attacking Midfielder,UNCG,2025-09-13,Match Session,Whole Session,90.0,1833.0,9638.0,107.0,493.0,60.0,128.0,13.0,7.7,95.9,1.8,87.0,88.0
Magnus Kjoeller,Centre Defensive Midfielder,UNCG,2025-09-13,Match Session,Whole Session,90.0,31.0,635.0,7.0,0.0,0.0,0.0,0.0,3.0,37.3,0.1,0.0,0.0
Robert elliott,Centre Defensive Midfielder,UNCG,2025-09-13,Match Session,Whole Session,90.0,10.0,256.0,3.0,0.0,0.0,0.0,0.0,1.4,17.4,0.0,0.0,0.0
julien le bourdoulous,Centre Defensive Midfielder,UNCG,2025-09-13,Match Session,Whole Session,90.0,1523.0,9643.0,107.0,183.0,19.0,12.0,1.0,7.9,100.1,1.8,48.0,81.0
Colton Sessoms,Centre Forward,UNCG,2025-09-13,Match Session,Whole Session,90.0,465.0,3272.0,36.0,185.0,20.0,47.0,4.0,7.5,90.9,0.6,19.0,23.0
Arnaud Tattevin,Centre Forward,UNCG,2025-09-13,Match Session,Whole Session,90.0,1351.0,8161.0,91.0,397.0,41.0,99.0,5.0,8.8,103.4,1.5,59.0,63.0
Xavi Wences,Centre Midfielder,UNCG,2025-09-13,Match Session,Whole Session,90.0,28.0,200.0,2.0,0.0,0.0,0.0,0.0,4.1,49.1,0.0,0.0,0.0
Daniel Longo,Centre Midfielder,UNCG,2025-09-13,Match Session,Whole Session,90.0,1901.0,10721.0,119.0,256.0,26.0,0.0,0.0,6.9,88.4,2.0,66.0,78.0
Steven Hernandez,Left Winger,UNCG,2025-09-13,Match Session,Whole Session,90.0,1127.0,6755.0,75.0,363.0,40.0,168.0,8.0,8.7,103.4,1.2,52.0,48.0
Adam Rustami,Right Winger,UNCG,2025-09-13,Match Session,Whole Session,90.0,8.0,188.0,2.0,0.0,0.0,0.0,0.0,1.7,20.1,0.0,0.0,0.0
Enzo Dovlo,Right Winger,UNCG,2025-09-13,Match Session,Whole Session,90.0,1099.0,6606.0,73.0,375.0,47.0,244.0,16.0,8.6,104.1,1.2,44.0,54.0
Ben,Centre Back,"Defense, UNCG",2025-09-15,Training Session,Whole Session,70.0,664.0,4408.0,63.0,6.0,1.0,0.0,0.0,5.7,71.5,1.0,47.0,28.0
Jason Wynia,Centre Back,"Defense, UNCG",2025-09-15,Training Session,Whole Session,70.0,759.0,4977.0,71.0,65.0,6.0,0.0,0.0,6.6,79.3,1.2,56.0,41.0
Mason Dancy,Centre Back,"Defense, UNCG",2025-09-15,Training Session,Whole Session,70.0,802.0,4650.0,66.0,67.0,8.0,0.0,0.0,6.5,77.3,1.1,67.0,33.0
bautista schmidt,Left Back,"Defense, UNCG",2025-09-15,Training Session,Whole Session,70.0,775.0,4703.0,67.0,71.0,9.0,0.0,0.0,7.1,89.5,1.1,86.0,48.0
Trym Linberg,Right Back,"Defense, UNCG",2025-09-15,Training Session,Whole Session,70.0,741.0,4672.0,67.0,81.0,10.0,0.0,0.0,6.6,77.5,1.1,78.0,56.0
Pablo Torre,Centre Forward,"FORWARDS, UNCG",2025-09-15,Training Session,Whole Session,70.0,898.0,5087.0,73.0,58.0,5.0,0.0,0.0,7.2,87.8,1.2,76.0,32.0
Mason Poveromo,Left Winger,"FORWARDS, UNCG",2025-09-15,Training Session,Whole Session,70.0,851.0,4995.0,71.0,17.0,3.0,0.0,0.0,5.9,70.9,1.2,59.0,35.0
Ethan lam,Centre Attacking Midfielder,"MIDS, UNCG",2025-09-15,Training Session,Whole Session,70.0,722.0,4718.0,67.0,103.0,11.0,0.0,0.0,6.7,86.8,1.1,66.0,38.0
Sigurd,Centre Midfielder,"MIDS, UNCG",2025-09-15,Training Session,Whole Session,70.0,1004.0,5328.0,76.0,79.0,8.0,0.0,0.0,6.6,85.8,1.3,87.0,45.0
Magnus Kjoeller,Centre Defensive Midfielder,UNCG,2025-09-15,Training Session,Whole Session,70.0,685.0,4800.0,69.0,52.0,6.0,0.0,0.0,6.4,80.1,1.1,83.0,40.0
Robert elliott,Centre Defensive Midfielder,UNCG,2025-09-15,Training Session,Whole Session,70.0,749.0,4638.0,66.0,35.0,4.0,0.0,0.0,6.6,79.3,1.1,83.0,38.0
Colton Sessoms,Centre Forward,UNCG,2025-09-15,Training Session,Whole Session,70.0,622.0,4354.0,62.0,59.0,7.0,7.0,1.0,7.3,88.0,1.0,69.0,33.0
Xavi Wences,Centre Midfielder,UNCG,2025-09-15,Training Session,Whole Session,70.0,1279.0,5059.0,72.0,92.0,12.0,19.0,3.0,8.1,97.2,1.2,86.0,74.0
Adam Rustami,Right Winger,UNCG,2025-09-15,Training Session,Whole Session,70.0,741.0,4472.0,64.0,21.0,4.0,0.0,0.0,6.4,75.5,1.1,66.0,43.0
Ben,Centre Back,"Defense, UNCG",2025-09-16,Training Session,Whole Session,98.0,546.0,4757.0,49.0,107.0,8.0,5.0,1.0,7.0,86.9,0.8,33.0,20.0
Mason Dancy,Centre Back,"Defense, UNCG",2025-09-16,Training Session,Whole Session,98.0,646.0,4995.0,51.0,127.0,14.0,22.0,2.0,7.5,89.5,0.8,37.0,33.0
Mohammed Sumaila,Centre Back,"Defense, UNCG",2025-09-16,Training Session,Whole Session,98.0,739.0,5345.0,55.0,133.0,15.0,91.0,6.0,8.2,95.5,0.9,67.0,44.0
Sami Lachekar,Centre Back,"Defense, UNCG",2025-09-16,Training Session,Whole Session,98.0,662.0,5078.0,52.0,120.0,13.0,15.0,2.0,7.3,92.0,0.9,36.0,26.0
Jason Wynia,Centre Back,"Defense, UNCG",2025-09-16,Training Session,Whole Session,98.0,601.0,4936.0,50.0,184.0,19.0,0.0,0.0,7.2,86.1,0.8,47.0,48.0
Téva Lossec,Left Back,"Defense, UNCG",2025-09-16,Training Session,Whole Session,98.0,983.0,6022.0,61.0,392.0,34.0,76.0,6.0,7.9,90.6,1.0,77.0,55.0
bautista schmidt,Left Back,"Defense, UNCG",2025-09-16,Training Session,Whole Session,98.0,678.0,5186.0,53.0,184.0,21.0,26.0,2.0,7.8,98.5,0.9,79.0,59.0
Kimito Fritz,Right Back,"Defense, UNCG",2025-09-16,Training Session,Whole Session,98.0,784.0,5805.0,59.0,281.0,26.0,8.0,1.0,7.5,89.1,1.0,69.0,54.0
Trym Linberg,Right Back,"Defense, UNCG",2025-09-16,Training Session,Whole Session,98.0,802.0,5909.0,60.0,301.0,31.0,43.0,6.0,7.5,87.5,1.0,73.0,63.0
Pablo Torre,Centre Forward,"FORWARDS, UNCG",2025-09-16,Training Session,Whole Session,98.0,711.0,5411.0,55.0,98.0,11.0,4.0,1.0,7.3,88.6,0.9,73.0,50.0
Mason Poveromo,Left Winger,"FORWARDS, UNCG",2025-09-16,Training Session,Whole Session,98.0,849.0,5699.0,58.0,443.0,40.0,70.0,4.0,7.7,92.2,1.0,65.0,58.0
Ethan lam,Centre Attacking Midfielder,"MIDS, UNCG",2025-09-16,Training Session,Whole Session,98.0,597.0,4860.0,50.0,86.0,7.0,9.0,1.0,7.4,95.9,0.8,46.0,40.0
Sigurd,Centre Midfielder,"MIDS, UNCG",2025-09-16,Training Session,Whole Session,98.0,676.0,4585.0,47.0,165.0,14.0,12.0,2.0,7.2,93.2,0.8,55.0,36.0
Issah Haruna,Centre Attacking Midfielder,UNCG,2025-09-16,Training Session,Whole Session,98.0,634.0,4365.0,45.0,71.0,9.0,19.0,1.0,7.2,90.4,0.7,61.0,42.0
Robert elliott,Centre Defensive Midfielder,UNCG,2025-09-16,Training Session,Whole Session,98.0,579.0,4343.0,44.0,21.0,2.0,0.0,0.0,6.1,73.2,0.7,49.0,25.0
julien le bourdoulous,Centre Defensive Midfielder,UNCG,2025-09-16,Training Session,Whole Session,98.0,647.0,5082.0,52.0,49.0,6.0,0.0,0.0,6.8,86.5,0.9,40.0,54.0
Magnus Kjoeller,Centre Defensive Midfielder,UNCG,2025-09-16,Training Session,Whole Session,98.0,508.0,4217.0,43.0,169.0,16.0,14.0,1.0,7.2,90.0,0.7,46.0,32.0
Arnaud Tattevin,Centre Forward,UNCG,2025-09-16,Training Session,Whole Session,98.0,638.0,4807.0,49.0,204.0,18.0,0.0,0.0,6.9,78.9,0.8,65.0,58.0
Colton Sessoms,Centre Forward,UNCG,2025-09-16,Training Session,Whole Session,98.0,580.0,4575.0,47.0,303.0,30.0,6.0,1.0,7.1,86.2,0.8,62.0,47.0
Daniel Longo,Centre Midfielder,UNCG,2025-09-16,Training Session,Whole Session,98.0,790.0,5532.0,56.0,113.0,13.0,38.0,2.0,7.4,96.1,0.9,49.0,33.0
Xavi Wences,Centre Midfielder,UNCG,2025-09-16,Training Session,Whole Session,98.0,1202.0,4539.0,46.0,129.0,20.0,4.0,1.0,7.0,84.4,0.8,75.0,76.0
Steven Hernandez,Left Winger,UNCG,2025-09-16,Training Session,Whole Session,98.0,810.0,6030.0,62.0,458.0,47.0,54.0,9.0,7.5,86.4,1.0,73.0,53.0
Enzo Dovlo,Right Winger,UNCG,2025-09-16,Training Session,Whole Session,98.0,642.0,5278.0,54.0,141.0,16.0,43.0,3.0,8.1,93.3,0.9,37.0,30.0
Adam Rustami,Right Winger,UNCG,2025-09-16,Training Session,Whole Session,98.0,854.0,5763.0,59.0,352.0,35.0,52.0,6.0,7.7,91.1,1.0,56.0,47.0
Mohammed Sumaila,Centre Back,"Defense, UNCG",2025-09-17,Training Session,Whole Session,90.0,509.0,3710.0,41.0,28.0,4.0,0.0,0.0,6.5,75.6,0.7,48.0,19.0
Jason Wynia,Centre Back,"Defense, UNCG",2025-09-17,Training Session,Whole Session,90.0,718.0,5415.0,60.0,188.0,16.0,43.0,3.0,7.8,93.1,1.0,41.0,39.0
Mason Dancy,Centre Back,"Defense, UNCG",2025-09-17,Training Session,Whole Session,90.0,0.0,2.0,0.0,0.0,0.0,0.0,0.0,0.3,4.0,0.0,0.0,0.0
Ben,Centre Back,"Defense, UNCG",2025-09-17,Training Session,Whole Session,90.0,478.0,4037.0,45.0,5.0,1.0,0.0,0.0,5.7,70.4,0.7,36.0,14.0
Sami Lachekar,Centre Back,"Defense, UNCG",2025-09-17,Training Session,Whole Session,90.0,489.0,4088.0,45.0,9.0,1.0,0.0,0.0,5.9,73.5,0.8,38.0,12.0
Téva Lossec,Left Back,"Defense, UNCG",2025-09-17,Training Session,Whole Session,90.0,910.0,5141.0,57.0,135.0,10.0,8.0,1.0,7.3,83.2,1.0,58.0,24.0
bautista schmidt,Left Back,"Defense, UNCG",2025-09-17,Training Session,Whole Session,90.0,650.0,4722.0,52.0,178.0,15.0,0.0,0.0,6.9,86.8,0.9,57.0,51.0
Kimito Fritz,Right Back,"Defense, UNCG",2025-09-17,Training Session,Whole Session,90.0,868.0,5461.0,61.0,183.0,20.0,25.0,4.0,7.6,89.3,1.0,68.0,29.0
Trym Linberg,Right Back,"Defense, UNCG",2025-09-17,Training Session,Whole Session,90.0,499.0,3472.0,39.0,129.0,16.0,16.0,2.0,7.2,83.8,0.6,47.0,25.0
Pablo Torre,Centre Forward,"FORWARDS, UNCG",2025-09-17,Training Session,Whole Session,90.0,736.0,5014.0,56.0,132.0,14.0,0.0,0.0,6.8,82.5,0.9,49.0,28.0
Mason Poveromo,Left Winger,"FORWARDS, UNCG",2025-09-17,Training Session,Whole Session,90.0,496.0,3861.0,43.0,54.0,7.0,4.0,1.0,7.1,85.6,0.7,26.0,18.0
Ethan lam,Centre Attacking Midfielder,"MIDS, UNCG",2025-09-17,Training Session,Whole Session,90.0,518.0,4000.0,44.0,4.0,1.0,0.0,0.0,5.6,72.4,0.7,56.0,22.0
Sigurd,Centre Midfielder,"MIDS, UNCG",2025-09-17,Training Session,Whole Session,90.0,909.0,5475.0,61.0,85.0,9.0,0.0,0.0,6.7,87.2,1.0,68.0,42.0
Issah Haruna,Centre Attacking Midfielder,UNCG,2025-09-17,Training Session,Whole Session,90.0,739.0,4704.0,52.0,21.0,2.0,0.0,0.0,6.5,81.2,0.9,67.0,37.0
Magnus Kjoeller,Centre Defensive Midfielder,UNCG,2025-09-17,Training Session,Whole Session,90.0,655.0,4957.0,55.0,50.0,5.0,12.0,2.0,7.2,89.5,0.9,42.0,26.0
Robert elliott,Centre Defensive Midfielder,UNCG,2025-09-17,Training Session,Whole Session,90.0,423.0,3125.0,35.0,11.0,1.0,0.0,0.0,6.4,77.3,0.6,29.0,10.0
julien le bourdoulous,Centre Defensive Midfielder,UNCG,2025-09-17,Training Session,Whole Session,90.0,474.0,3748.0,42.0,48.0,4.0,7.0,1.0,7.4,93.8,0.7,35.0,20.0
Arnaud Tattevin,Centre Forward,UNCG,2025-09-17,Training Session,Whole Session,90.0,611.0,4207.0,47.0,70.0,5.0,0.0,0.0,6.8,77.5,0.8,43.0,38.0
Colton Sessoms,Centre Forward,UNCG,2025-09-17,Training Session,Whole Session,90.0,549.0,4203.0,47.0,76.0,9.0,15.0,2.0,7.3,88.5,0.8,40.0,29.0
Xavi Wences,Centre Midfielder,UNCG,2025-09-17,Training Session,Whole Session,90.0,620.0,2869.0,32.0,6.0,1.0,0.0,0.0,6.1,73.5,0.5,46.0,21.0
Daniel Longo,Centre Midfielder,UNCG,2025-09-17,Training Session,Whole Session,90.0,590.0,4136.0,46.0,4.0,1.0,0.0,0.0,5.6,72.8,0.8,41.0,18.0
Steven Hernandez,Left Winger,UNCG,2025-09-17,Training Session,Whole Session,90.0,654.0,4700.0,52.0,153.0,18.0,17.0,3.0,7.2,82.5,0.9,57.0,33.0
Adam Rustami,Right Winger,UNCG,2025-09-17,Training Session,Whole Session,90.0,776.0,4947.0,55.0,121.0,13.0,22.0,3.0,7.4,87.8,0.9,55.0,37.0
Enzo Dovlo,Right Winger,UNCG,2025-09-17,Training Session,Whole Session,90.0,521.0,4251.0,47.0,92.0,9.0,0.0,0.0,7.0,80.6,0.8,35.0,19.0
Mason Dancy,Centre Back,"Defense, UNCG",2025-09-18,Training Session,Whole Session,90.0,452.0,3504.0,39.0,0.0,0.0,0.0,0.0,4.9,58.2,0.6,22.0,12.0
Sami Lachekar,Centre Back,"Defense, UNCG",2025-09-18,Training Session,Whole Session,90.0,392.0,3593.0,40.0,0.0,0.0,0.0,0.0,5.4,66.6,0.7,26.0,19.0
Mohammed Sumaila,Centre Back,"Defense, UNCG",2025-09-18,Training Session,Whole Session,90.0,432.0,3443.0,38.0,30.0,2.0,0.0,0.0,6.9,80.3,0.6,34.0,15.0
Ben,Centre Back,"Defense, UNCG",2025-09-18,Training Session,Whole Session,90.0,417.0,3604.0,40.0,0.0,0.0,0.0,0.0,5.0,62.7,0.7,17.0,13.0
Jason Wynia,Centre Back,"Defense, UNCG",2025-09-18,Training Session,Whole Session,90.0,516.0,4556.0,51.0,13.0,2.0,0.0,0.0,5.9,70.7,0.8,23.0,15.0
bautista schmidt,Left Back,"Defense, UNCG",2025-09-18,Training Session,Whole Session,90.0,383.0,3441.0,38.0,35.0,5.0,0.0,0.0,6.4,81.1,0.6,25.0,20.0
Téva Lossec,Left Back,"Defense, UNCG",2025-09-18,Training Session,Whole Session,90.0,582.0,3876.0,43.0,37.0,4.0,5.0,1.0,7.2,82.0,0.7,29.0,17.0
Kimito Fritz,Right Back,"Defense, UNCG",2025-09-18,Training Session,Whole Session,90.0,585.0,4001.0,44.0,17.0,2.0,0.0,0.0,6.2,73.5,0.7,30.0,29.0
Trym Linberg,Right Back,"Defense, UNCG",2025-09-18,Training Session,Whole Session,90.0,439.0,3512.0,39.0,7.0,1.0,0.0,0.0,6.3,74.1,0.6,32.0,21.0
Pablo Torre,Centre Forward,"FORWARDS, UNCG",2025-09-18,Training Session,Whole Session,90.0,467.0,3764.0,42.0,18.0,3.0,5.0,1.0,7.4,89.5,0.7,24.0,17.0
Mason Poveromo,Left Winger,"FORWARDS, UNCG",2025-09-18,Training Session,Whole Session,90.0,503.0,3644.0,40.0,8.0,1.0,0.0,0.0,5.8,70.1,0.7,17.0,13.0
Ethan lam,Centre Attacking Midfielder,"MIDS, UNCG",2025-09-18,Training Session,Whole Session,90.0,369.0,3277.0,36.0,15.0,1.0,0.0,0.0,6.3,81.0,0.6,22.0,19.0
Sigurd,Centre Midfielder,"MIDS, UNCG",2025-09-18,Training Session,Whole Session,90.0,597.0,3924.0,44.0,6.0,1.0,0.0,0.0,5.9,73.4,0.7,25.0,18.0
Issah Haruna,Centre Attacking Midfielder,UNCG,2025-09-18,Training Session,Whole Session,90.0,373.0,2827.0,31.0,7.0,1.0,0.0,0.0,6.1,76.6,0.5,13.0,15.0
julien le bourdoulous,Centre Defensive Midfielder,UNCG,2025-09-18,Training Session,Whole Session,90.0,367.0,3354.0,37.0,6.0,1.0,0.0,0.0,5.8,73.0,0.6,17.0,19.0
Magnus Kjoeller,Centre Defensive Midfielder,UNCG,2025-09-18,Training Session,Whole Session,90.0,439.0,3713.0,41.0,0.0,0.0,0.0,0.0,5.0,62.1,0.7,18.0,17.0
Robert elliott,Centre Defensive Midfielder,UNCG,2025-09-18,Training Session,Whole Session,90.0,155.0,1791.0,20.0,0.0,0.0,0.0,0.0,4.5,54.3,0.3,3.0,2.0
Arnaud Tattevin,Centre Forward,UNCG,2025-09-18,Training Session,Whole Session,90.0,434.0,3465.0,39.0,28.0,3.0,0.0,0.0,6.3,72.2,0.6,33.0,25.0
Colton Sessoms,Centre Forward,UNCG,2025-09-18,Training Session,Whole Session,90.0,413.0,3524.0,39.0,9.0,1.0,0.0,0.0,6.1,73.7,0.7,15.0,11.0
Xavi Wences,Centre Midfielder,UNCG,2025-09-18,Training Session,Whole Session,90.0,791.0,3417.0,38.0,6.0,1.0,0.0,0.0,5.9,71.2,0.6,37.0,27.0
Daniel Longo,Centre Midfielder,UNCG,2025-09-18,Training Session,Whole Session,90.0,574.0,3873.0,43.0,39.0,5.0,0.0,0.0,6.6,84.0,0.7,30.0,20.0
Steven Hernandez,Left Winger,UNCG,2025-09-18,Training Session,Whole Session,90.0,563.0,4045.0,45.0,7.0,1.0,0.0,0.0,6.4,69.8,0.7,32.0,19.0
Adam Rustami,Right Winger,UNCG,2025-09-18,Training Session,Whole Session,90.0,467.0,3252.0,36.0,0.0,0.0,0.0,0.0,5.4,64.4,0.6,30.0,15.0
Enzo Dovlo,Right Winger,UNCG,2025-09-18,Training Session,Whole Session,90.0,468.0,3810.0,42.0,4.0,1.0,0.0,0.0,5.7,65.5,0.7,12.0,11.0
Mohammed Sumaila,Centre Back,"Defense, UNCG",2025-09-19,Match Session,Whole Session,90.0,1459.0,9273.0,103.0,298.0,33.0,135.0,9.0,8.3,97.5,1.7,93.0,64.0
Sami Lachekar,Centre Back,"Defense, UNCG",2025-09-19,Match Session,Whole Session,90.0,1384.0,8294.0,92.0,230.0,22.0,60.0,6.0,8.5,104.4,1.5,52.0,50.0
Mason Dancy,Centre Back,"Defense, UNCG",2025-09-19,Match Session,Whole Session,90.0,72.0,999.0,11.0,0.0,0.0,0.0,0.0,4.0,47.3,0.2,1.0,0.0
Ben,Centre Back,"Defense, UNCG",2025-09-19,Match Session,Whole Session,90.0,76.0,1001.0,11.0,0.0,0.0,0.0,0.0,4.0,49.9,0.2,2.0,0.0
Jason Wynia,Centre Back,"Defense, UNCG",2025-09-19,Match Session,Whole Session,90.0,93.0,1294.0,14.0,0.0,0.0,0.0,0.0,5.4,65.0,0.2,1.0,0.0
bautista schmidt,Left Back,"Defense, UNCG",2025-09-19,Match Session,Whole Session,90.0,52.0,943.0,10.0,0.0,0.0,0.0,0.0,3.7,46.5,0.2,2.0,0.0
Téva Lossec,Left Back,"Defense, UNCG",2025-09-19,Match Session,Whole Session,90.0,2082.0,10483.0,116.0,514.0,45.0,160.0,11.0,8.7,99.5,1.9,75.0,77.0
Kimito Fritz,Right Back,"Defense, UNCG",2025-09-19,Match Session,Whole Session,90.0,966.0,5497.0,61.0,197.0,20.0,48.0,5.0,8.1,96.2,1.0,24.0,41.0
Trym Linberg,Right Back,"Defense, UNCG",2025-09-19,Match Session,Whole Session,90.0,771.0,5086.0,57.0,245.0,25.0,70.0,6.0,8.1,94.8,0.9,36.0,55.0
Pablo Torre,Centre Forward,"FORWARDS, UNCG",2025-09-19,Match Session,Whole Session,90.0,231.0,1738.0,19.0,29.0,2.0,0.0,0.0,6.8,82.2,0.3,12.0,7.0
Mason Poveromo,Left Winger,"FORWARDS, UNCG",2025-09-19,Match Session,Whole Session,90.0,58.0,967.0,11.0,0.0,0.0,0.0,0.0,4.3,51.2,0.2,0.0,0.0
Ethan lam,Centre Attacking Midfielder,"MIDS, UNCG",2025-09-19,Match Session,Whole Session,90.0,85.0,1125.0,13.0,0.0,0.0,0.0,0.0,5.1,65.7,0.2,3.0,0.0
Sigurd,Centre Midfielder,"MIDS, UNCG",2025-09-19,Match Session,Whole Session,90.0,285.0,2086.0,23.0,68.0,2.0,0.0,0.0,6.9,86.1,0.4,5.0,5.0
Issah Haruna,Centre Attacking Midfielder,UNCG,2025-09-19,Match Session,Whole Session,90.0,1619.0,8701.0,97.0,471.0,46.0,4.0,1.0,7.0,88.2,1.6,84.0,88.0
Magnus Kjoeller,Centre Defensive Midfielder,UNCG,2025-09-19,Match Session,Whole Session,90.0,279.0,2304.0,26.0,13.0,2.0,0.0,0.0,5.9,73.4,0.4,8.0,9.0
Robert elliott,Centre Defensive Midfielder,UNCG,2025-09-19,Match Session,Whole Session,90.0,63.0,1018.0,11.0,0.0,0.0,0.0,0.0,3.9,47.7,0.2,1.0,0.0
julien le bourdoulous,Centre Defensive Midfielder,UNCG,2025-09-19,Match Session,Whole Session,90.0,1552.0,9705.0,108.0,203.0,22.0,5.0,1.0,7.0,88.8,1.8,57.0,90.0
Arnaud Tattevin,Centre Forward,UNCG,2025-09-19,Match Session,Whole Session,90.0,1550.0,9318.0,104.0,657.0,63.0,103.0,9.0,8.1,92.2,1.7,78.0,79.0
Colton Sessoms,Centre Forward,UNCG,2025-09-19,Match Session,Whole Session,90.0,97.0,1133.0,13.0,29.0,2.0,0.0,0.0,6.7,81.2,0.2,1.0,1.0
Xavi Wences,Centre Midfielder,UNCG,2025-09-19,Match Session,Whole Session,90.0,138.0,907.0,10.0,0.0,0.0,0.0,0.0,4.2,51.1,0.2,1.0,0.0
Daniel Longo,Centre Midfielder,UNCG,2025-09-19,Match Session,Whole Session,90.0,1979.0,9798.0,109.0,200.0,24.0,8.0,1.0,7.2,92.4,1.8,58.0,71.0
Steven Hernandez,Left Winger,UNCG,2025-09-19,Match Session,Whole Session,90.0,1762.0,9912.0,110.0,605.0,62.0,210.0,15.0,8.7,94.9,1.8,80.0,88.0
Adam Rustami,Right Winger,UNCG,2025-09-19,Match Session,Whole Session,90.0,94.0,1178.0,13.0,0.0,0.0,0.0,0.0,5.2,61.7,0.2,2.0,2.0
Enzo Dovlo,Right Winger,UNCG,2025-09-19,Match Session,Whole Session,90.0,1686.0,9454.0,105.0,652.0,72.0,267.0,19.0,8.5,98.6,1.7,88.0,92.0
Jason Wynia,Centre Back,"Defense, UNCG",2025-09-21,Training Session,Whole Session,65.0,668.0,4380.0,67.0,8.0,2.0,0.0,0.0,5.9,69.9,1.1,58.0,36.0
Mason Dancy,Centre Back,"Defense, UNCG",2025-09-21,Training Session,Whole Session,65.0,678.0,4153.0,64.0,32.0,5.0,0.0,0.0,6.4,76.5,1.1,73.0,33.0
Ben,Centre Back,"Defense, UNCG",2025-09-21,Training Session,Whole Session,65.0,553.0,3797.0,58.0,0.0,0.0,0.0,0.0,5.5,68.9,1.0,36.0,16.0
bautista schmidt,Left Back,"Defense, UNCG",2025-09-21,Training Session,Whole Session,65.0,725.0,4346.0,67.0,148.0,12.0,0.0,0.0,6.7,84.6,1.1,77.0,58.0
Trym Linberg,Right Back,"Defense, UNCG",2025-09-21,Training Session,Whole Session,65.0,437.0,3061.0,47.0,23.0,4.0,0.0,0.0,6.0,70.3,0.8,67.0,27.0
Kimito Fritz,Right Back,"Defense, UNCG",2025-09-21,Training Session,Whole Session,65.0,465.0,3076.0,47.0,23.0,3.0,0.0,0.0,7.0,82.2,0.8,61.0,18.0
Pablo Torre,Centre Forward,"FORWARDS, UNCG",2025-09-21,Training Session,Whole Session,65.0,0.0,0.0,0.0,0.0,0.0,0.0,0.0,0.0,0.0,0.0,0.0,0.0
Mason Poveromo,Left Winger,"FORWARDS, UNCG",2025-09-21,Training Session,Whole Session,65.0,710.0,4187.0,64.0,36.0,5.0,23.0,1.0,8.0,95.7,1.1,64.0,45.0
Ethan lam,Centre Attacking Midfielder,"MIDS, UNCG",2025-09-21,Training Session,Whole Session,65.0,635.0,4220.0,65.0,72.0,9.0,6.0,1.0,7.1,92.2,1.1,51.0,32.0
Sigurd,Centre Midfielder,"MIDS, UNCG",2025-09-21,Training Session,Whole Session,65.0,855.0,4833.0,74.0,69.0,10.0,18.0,1.0,7.4,91.4,1.2,75.0,53.0
Robert elliott,Centre Defensive Midfielder,UNCG,2025-09-21,Training Session,Whole Session,65.0,616.0,4081.0,63.0,39.0,4.0,0.0,0.0,6.4,76.9,1.0,67.0,33.0
Magnus Kjoeller,Centre Defensive Midfielder,UNCG,2025-09-21,Training Session,Whole Session,65.0,665.0,4502.0,69.0,55.0,8.0,5.0,1.0,7.1,88.4,1.2,69.0,28.0
Colton Sessoms,Centre Forward,UNCG,2025-09-21,Training Session,Whole Session,65.0,550.0,4119.0,63.0,24.0,3.0,0.0,0.0,6.3,75.6,1.1,49.0,29.0
Xavi Wences,Centre Midfielder,UNCG,2025-09-21,Training Session,Whole Session,65.0,1218.0,4346.0,67.0,34.0,4.0,0.0,0.0,7.2,86.7,1.1,80.0,60.0
Adam Rustami,Right Winger,UNCG,2025-09-21,Training Session,Whole Session,65.0,642.0,3999.0,62.0,40.0,5.0,22.0,1.0,7.7,91.3,1.0,54.0,36.0
Mohammed Sumaila,Centre Back,"Defense, UNCG",2025-09-23,Match Session,Whole Session,90.0,1310.0,8685.0,97.0,207.0,26.0,65.0,3.0,8.2,95.5,1.6,96.0,64.0
Ben,Centre Back,"Defense, UNCG",2025-09-23,Match Session,Whole Session,90.0,11.0,296.0,3.0,0.0,0.0,0.0,0.0,1.7,21.4,0.1,0.0,0.0
Jason Wynia,Centre Back,"Defense, UNCG",2025-09-23,Match Session,Whole Session,90.0,19.0,383.0,4.0,0.0,0.0,0.0,0.0,2.3,27.2,0.1,0.0,0.0
Mason Dancy,Centre Back,"Defense, UNCG",2025-09-23,Match Session,Whole Session,90.0,8.0,235.0,3.0,0.0,0.0,0.0,0.0,1.6,18.5,0.0,0.0,0.0
Sami Lachekar,Centre Back,"Defense, UNCG",2025-09-23,Match Session,Whole Session,90.0,1.0,2.0,0.0,0.0,0.0,0.0,0.0,0.3,3.8,0.0,0.0,0.0
Téva Lossec,Left Back,"Defense, UNCG",2025-09-23,Match Session,Whole Session,90.0,1682.0,9513.0,106.0,496.0,44.0,86.0,7.0,8.1,92.6,1.8,90.0,68.0
bautista schmidt,Left Back,"Defense, UNCG",2025-09-23,Match Session,Whole Session,90.0,6.0,199.0,2.0,0.0,0.0,0.0,0.0,1.4,17.8,0.0,0.0,0.0
Kimito Fritz,Right Back,"Defense, UNCG",2025-09-23,Match Session,Whole Session,90.0,1414.0,8991.0,100.0,365.0,39.0,199.0,9.0,8.9,104.7,1.7,42.0,61.0
Trym Linberg,Right Back,"Defense, UNCG",2025-09-23,Match Session,Whole Session,90.0,65.0,437.0,5.0,0.0,0.0,0.0,0.0,5.5,64.3,0.1,5.0,2.0
Pablo Torre,Centre Forward,"FORWARDS, UNCG",2025-09-23,Match Session,Whole Session,90.0,66.0,467.0,5.0,7.0,1.0,0.0,0.0,6.0,73.2,0.1,2.0,2.0
Mason Poveromo,Left Winger,"FORWARDS, UNCG",2025-09-23,Match Session,Whole Session,90.0,10.0,268.0,3.0,0.0,0.0,0.0,0.0,1.3,16.0,0.0,0.0,0.0
Ethan lam,Centre Attacking Midfielder,"MIDS, UNCG",2025-09-23,Match Session,Whole Session,90.0,9.0,229.0,3.0,0.0,0.0,0.0,0.0,1.5,19.3,0.0,0.0,0.0
Sigurd,Centre Midfielder,"MIDS, UNCG",2025-09-23,Match Session,Whole Session,90.0,12.0,197.0,2.0,0.0,0.0,0.0,0.0,3.0,36.9,0.0,0.0,0.0
Issah Haruna,Centre Attacking Midfielder,UNCG,2025-09-23,Match Session,Whole Session,90.0,1618.0,8897.0,99.0,542.0,55.0,57.0,5.0,7.8,98.0,1.6,82.0,80.0
Robert elliott,Centre Defensive Midfielder,UNCG,2025-09-23,Match Session,Whole Session,90.0,8.0,212.0,2.0,0.0,0.0,0.0,0.0,1.3,16.3,0.0,0.0,0.0
julien le bourdoulous,Centre Defensive Midfielder,UNCG,2025-09-23,Match Session,Whole Session,90.0,1280.0,8577.0,95.0,177.0,22.0,0.0,0.0,6.8,86.6,1.6,57.0,70.0
Magnus Kjoeller,Centre Defensive Midfielder,UNCG,2025-09-23,Match Session,Whole Session,90.0,22.0,372.0,4.0,0.0,0.0,0.0,0.0,2.9,36.1,0.1,0.0,0.0
Colton Sessoms,Centre Forward,UNCG,2025-09-23,Match Session,Whole Session,90.0,44.0,445.0,5.0,0.0,0.0,0.0,0.0,5.5,66.5,0.1,2.0,1.0
Arnaud Tattevin,Centre Forward,UNCG,2025-09-23,Match Session,Whole Session,90.0,1280.0,8677.0,96.0,441.0,43.0,145.0,11.0,8.3,94.3,1.6,59.0,62.0
Xavi Wences,Centre Midfielder,UNCG,2025-09-23,Match Session,Whole Session,90.0,16.0,153.0,2.0,0.0,0.0,0.0,0.0,1.6,19.1,0.0,0.0,0.0
Daniel Longo,Centre Midfielder,UNCG,2025-09-23,Match Session,Whole Session,90.0,1574.0,9430.0,105.0,368.0,29.0,20.0,4.0,7.2,91.4,1.7,57.0,59.0
Steven Hernandez,Left Winger,UNCG,2025-09-23,Match Session,Whole Session,90.0,1216.0,8107.0,90.0,413.0,44.0,189.0,11.0,8.7,95.4,1.5,62.0,58.0
Adam Rustami,Right Winger,UNCG,2025-09-23,Match Session,Whole Session,90.0,63.0,572.0,6.0,0.0,0.0,0.0,0.0,5.4,64.2,0.1,1.0,4.0
Enzo Dovlo,Right Winger,UNCG,2025-09-23,Match Session,Whole Session,90.0,1430.0,8507.0,95.0,460.0,50.0,173.0,11.0,8.8,101.5,1.6,74.0,78.0
Jason Wynia,Centre Back,"Defense, UNCG",2025-09-25,Training Session,Whole Session,70.0,638.0,4500.0,64.0,17.0,2.0,0.0,0.0,6.9,82.7,1.1,52.0,34.0
Ben,Centre Back,"Defense, UNCG",2025-09-25,Training Session,Whole Session,70.0,642.0,4250.0,61.0,11.0,1.0,0.0,0.0,6.3,78.9,1.0,66.0,28.0
Mason Dancy,Centre Back,"Defense, UNCG",2025-09-25,Training Session,Whole Session,70.0,649.0,3993.0,57.0,24.0,4.0,0.0,0.0,6.0,71.5,0.9,82.0,26.0
bautista schmidt,Left Back,"Defense, UNCG",2025-09-25,Training Session,Whole Session,70.0,666.0,4303.0,61.0,37.0,5.0,0.0,0.0,6.0,76.6,1.0,87.0,54.0
Trym Linberg,Right Back,"Defense, UNCG",2025-09-25,Training Session,Whole Session,70.0,555.0,4029.0,58.0,47.0,7.0,0.0,0.0,6.5,76.6,1.0,70.0,37.0
Pablo Torre,Centre Forward,"FORWARDS, UNCG",2025-09-25,Training Session,Whole Session,70.0,589.0,3892.0,56.0,9.0,1.0,0.0,0.0,6.1,74.7,0.9,78.0,43.0
Mason Poveromo,Left Winger,"FORWARDS, UNCG",2025-09-25,Training Session,Whole Session,70.0,683.0,4122.0,59.0,12.0,1.0,0.0,0.0,6.3,75.1,1.0,52.0,26.0
Ethan lam,Centre Attacking Midfielder,"MIDS, UNCG",2025-09-25,Training Session,Whole Session,70.0,618.0,4097.0,59.0,8.0,2.0,0.0,0.0,5.7,73.3,1.0,69.0,35.0
Sigurd,Centre Midfielder,"MIDS, UNCG",2025-09-25,Training Session,Whole Session,70.0,786.0,4599.0,66.0,10.0,2.0,0.0,0.0,5.8,72.1,1.1,94.0,39.0
Magnus Kjoeller,Centre Defensive Midfielder,UNCG,2025-09-25,Training Session,Whole Session,70.0,581.0,4213.0,60.0,18.0,2.0,0.0,0.0,6.0,74.5,1.0,90.0,27.0
Robert elliott,Centre Defensive Midfielder,UNCG,2025-09-25,Training Session,Whole Session,70.0,536.0,3663.0,52.0,21.0,3.0,0.0,0.0,6.3,75.8,0.9,61.0,24.0
Colton Sessoms,Centre Forward,UNCG,2025-09-25,Training Session,Whole Session,70.0,442.0,3399.0,49.0,20.0,2.0,0.0,0.0,6.7,81.4,0.8,65.0,22.0
Xavi Wences,Centre Midfielder,UNCG,2025-09-25,Training Session,Whole Session,70.0,1151.0,4097.0,59.0,11.0,2.0,0.0,0.0,6.1,73.6,1.0,78.0,69.0
Adam Rustami,Right Winger,UNCG,2025-09-25,Training Session,Whole Session,70.0,673.0,4041.0,58.0,27.0,5.0,0.0,0.0,6.0,70.8,1.0,65.0,32.0
Mason Dancy,Centre Back,"Defense, UNCG",2025-09-26,Training Session,Whole Session,90.0,522.0,4390.0,49.0,28.0,3.0,0.0,0.0,6.3,74.7,0.8,50.0,23.0
Ben,Centre Back,"Defense, UNCG",2025-09-26,Training Session,Whole Session,90.0,597.0,4671.0,52.0,18.0,2.0,0.0,0.0,5.8,72.6,0.9,46.0,22.0
Sami Lachekar,Centre Back,"Defense, UNCG",2025-09-26,Training Session,Whole Session,90.0,620.0,4741.0,53.0,25.0,2.0,0.0,0.0,6.6,77.7,0.9,63.0,30.0
Mohammed Sumaila,Centre Back,"Defense, UNCG",2025-09-26,Training Session,Whole Session,90.0,0.0,0.0,0.0,0.0,0.0,0.0,0.0,0.0,0.0,0.0,0.0,0.0
Jason Wynia,Centre Back,"Defense, UNCG",2025-09-26,Training Session,Whole Session,90.0,81.0,421.0,5.0,0.0,0.0,0.0,0.0,5.2,62.7,0.1,9.0,7.0
bautista schmidt,Left Back,"Defense, UNCG",2025-09-26,Training Session,Whole Session,90.0,556.0,4398.0,49.0,86.0,8.0,0.0,0.0,6.8,85.8,0.8,84.0,49.0
Téva Lossec,Left Back,"Defense, UNCG",2025-09-26,Training Session,Whole Session,90.0,0.0,0.0,0.0,0.0,0.0,0.0,0.0,0.0,0.0,0.0,0.0,0.0
Trym Linberg,Right Back,"Defense, UNCG",2025-09-26,Training Session,Whole Session,90.0,529.0,4384.0,49.0,50.0,4.0,0.0,0.0,6.7,79.1,0.8,89.0,43.0
Kimito Fritz,Right Back,"Defense, UNCG",2025-09-26,Training Session,Whole Session,90.0,0.0,0.0,0.0,0.0,0.0,0.0,0.0,0.0,0.0,0.0,0.0,0.0
Pablo Torre,Centre Forward,"FORWARDS, UNCG",2025-09-26,Training Session,Whole Session,90.0,0.0,0.0,0.0,0.0,0.0,0.0,0.0,0.0,0.0,0.0,0.0,0.0
Mason Poveromo,Left Winger,"FORWARDS, UNCG",2025-09-26,Training Session,Whole Session,90.0,635.0,4718.0,52.0,92.0,6.0,0.0,0.0,6.5,78.0,0.9,56.0,29.0
Ethan lam,Centre Attacking Midfielder,"MIDS, UNCG",2025-09-26,Training Session,Whole Session,90.0,491.0,4492.0,50.0,0.0,0.0,0.0,0.0,5.3,68.5,0.8,60.0,16.0
Sigurd,Centre Midfielder,"MIDS, UNCG",2025-09-26,Training Session,Whole Session,90.0,767.0,5278.0,59.0,85.0,12.0,0.0,0.0,6.1,75.8,1.0,101.0,43.0
Issah Haruna,Centre Attacking Midfielder,UNCG,2025-09-26,Training Session,Whole Session,90.0,0.0,0.0,0.0,0.0,0.0,0.0,0.0,0.0,0.0,0.0,0.0,0.0
Robert elliott,Centre Defensive Midfielder,UNCG,2025-09-26,Training Session,Whole Session,90.0,0.0,0.0,0.0,0.0,0.0,0.0,0.0,0.0,0.0,0.0,0.0,0.0
julien le bourdoulous,Centre Defensive Midfielder,UNCG,2025-09-26,Training Session,Whole Session,90.0,0.0,0.0,0.0,0.0,0.0,0.0,0.0,0.0,0.0,0.0,0.0,0.0
Magnus Kjoeller,Centre Defensive Midfielder,UNCG,2025-09-26,Training Session,Whole Session,90.0,0.0,0.0,0.0,0.0,0.0,0.0,0.0,0.0,0.0,0.0,0.0,0.0
Colton Sessoms,Centre Forward,UNCG,2025-09-26,Training Session,Whole Session,90.0,415.0,3824.0,42.0,52.0,5.0,0.0,0.0,6.1,74.3,0.7,52.0,15.0
Arnaud Tattevin,Centre Forward,UNCG,2025-09-26,Training Session,Whole Session,90.0,721.0,4893.0,54.0,50.0,8.0,0.0,0.0,6.1,69.9,0.9,90.0,51.0
Daniel Longo,Centre Midfielder,UNCG,2025-09-26,Training Session,Whole Session,90.0,0.0,0.0,0.0,0.0,0.0,0.0,0.0,0.0,0.0,0.0,0.0,0.0
Xavi Wences,Centre Midfielder,UNCG,2025-09-26,Training Session,Whole Session,90.0,1270.0,4892.0,54.0,37.0,7.0,0.0,0.0,6.9,83.5,0.9,96.0,72.0
Steven Hernandez,Left Winger,UNCG,2025-09-26,Training Session,Whole Session,90.0,610.0,4449.0,49.0,175.0,18.0,0.0,0.0,6.8,74.6,0.8,68.0,33.0
Enzo Dovlo,Right Winger,UNCG,2025-09-26,Training Session,Whole Session,90.0,568.0,4299.0,48.0,14.0,2.0,0.0,0.0,5.9,67.0,0.8,38.0,25.0
Adam Rustami,Right Winger,UNCG,2025-09-26,Training Session,Whole Session,90.0,511.0,3861.0,43.0,8.0,2.0,0.0,0.0,5.6,66.4,0.7,65.0,27.0
Mason Dancy,Centre Back,"Defense, UNCG",2025-09-27,Training Session,Whole Session,98.0,496.0,4313.0,44.0,13.0,3.0,9.0,1.0,7.6,89.8,0.7,51.0,22.0
Ben,Centre Back,"Defense, UNCG",2025-09-27,Training Session,Whole Session,98.0,473.0,4383.0,45.0,14.0,1.0,0.0,0.0,6.5,81.4,0.7,46.0,32.0
Jason Wynia,Centre Back,"Defense, UNCG",2025-09-27,Training Session,Whole Session,98.0,0.0,0.0,0.0,0.0,0.0,0.0,0.0,0.0,0.0,0.0,0.0,0.0
Mohammed Sumaila,Centre Back,"Defense, UNCG",2025-09-27,Training Session,Whole Session,98.0,507.0,4331.0,44.0,27.0,4.0,0.0,0.0,6.6,77.1,0.7,59.0,40.0
Sami Lachekar,Centre Back,"Defense, UNCG",2025-09-27,Training Session,Whole Session,98.0,455.0,4064.0,41.0,24.0,2.0,6.0,1.0,7.3,85.1,0.7,47.0,32.0
bautista schmidt,Left Back,"Defense, UNCG",2025-09-27,Training Session,Whole Session,98.0,519.0,4474.0,46.0,110.0,10.0,0.0,0.0,6.6,83.7,0.8,73.0,60.0
Téva Lossec,Left Back,"Defense, UNCG",2025-09-27,Training Session,Whole Session,98.0,702.0,4948.0,50.0,73.0,8.0,0.0,0.0,6.6,76.0,0.8,58.0,34.0
Kimito Fritz,Right Back,"Defense, UNCG",2025-09-27,Training Session,Whole Session,98.0,629.0,4872.0,50.0,49.0,7.0,0.0,0.0,6.5,73.8,0.8,74.0,50.0
Trym Linberg,Right Back,"Defense, UNCG",2025-09-27,Training Session,Whole Session,98.0,653.0,4931.0,50.0,126.0,13.0,38.0,3.0,8.0,93.7,0.8,82.0,65.0
Pablo Torre,Centre Forward,"FORWARDS, UNCG",2025-09-27,Training Session,Whole Session,98.0,559.0,4432.0,45.0,55.0,7.0,15.0,1.0,7.8,94.5,0.8,61.0,33.0
Mason Poveromo,Left Winger,"FORWARDS, UNCG",2025-09-27,Training Session,Whole Session,98.0,677.0,5044.0,51.0,106.0,11.0,19.0,1.0,7.8,93.7,0.9,41.0,45.0
Ethan lam,Centre Attacking Midfielder,"MIDS, UNCG",2025-09-27,Training Session,Whole Session,98.0,577.0,4579.0,47.0,40.0,3.0,0.0,0.0,6.6,84.7,0.8,61.0,30.0
Sigurd,Centre Midfielder,"MIDS, UNCG",2025-09-27,Training Session,Whole Session,98.0,746.0,5023.0,51.0,88.0,9.0,4.0,1.0,7.1,88.1,0.9,70.0,48.0
Issah Haruna,Centre Attacking Midfielder,UNCG,2025-09-27,Training Session,Whole Session,98.0,627.0,3885.0,40.0,143.0,12.0,0.0,0.0,6.9,86.1,0.7,74.0,39.0
julien le bourdoulous,Centre Defensive Midfielder,UNCG,2025-09-27,Training Session,Whole Session,98.0,549.0,4449.0,45.0,61.0,8.0,0.0,0.0,6.4,81.0,0.8,57.0,43.0
Robert elliott,Centre Defensive Midfielder,UNCG,2025-09-27,Training Session,Whole Session,98.0,617.0,4745.0,48.0,3.0,1.0,0.0,0.0,5.7,68.6,0.8,82.0,56.0
Magnus Kjoeller,Centre Defensive Midfielder,UNCG,2025-09-27,Training Session,Whole Session,98.0,527.0,4535.0,46.0,73.0,8.0,0.0,0.0,6.3,78.5,0.8,46.0,37.0
Colton Sessoms,Centre Forward,UNCG,2025-09-27,Training Session,Whole Session,98.0,474.0,3904.0,40.0,128.0,12.0,32.0,3.0,7.5,90.9,0.7,51.0,35.0
Arnaud Tattevin,Centre Forward,UNCG,2025-09-27,Training Session,Whole Session,98.0,616.0,4735.0,48.0,133.0,11.0,7.0,1.0,7.3,83.1,0.8,62.0,37.0
Daniel Longo,Centre Midfielder,UNCG,2025-09-27,Training Session,Whole Session,98.0,591.0,4222.0,43.0,62.0,7.0,0.0,0.0,6.6,83.9,0.7,59.0,46.0
Xavi Wences,Centre Midfielder,UNCG,2025-09-27,Training Session,Whole Session,98.0,1335.0,5285.0,54.0,58.0,9.0,0.0,0.0,6.5,78.3,0.9,99.0,65.0
Steven Hernandez,Left Winger,UNCG,2025-09-27,Training Session,Whole Session,98.0,608.0,4715.0,48.0,115.0,12.0,26.0,3.0,7.6,83.0,0.8,56.0,42.0
Enzo Dovlo,Right Winger,UNCG,2025-09-27,Training Session,Whole Session,98.0,200.0,1847.0,19.0,0.0,0.0,0.0,0.0,4.2,48.2,0.3,6.0,4.0
Adam Rustami,Right Winger,UNCG,2025-09-27,Training Session,Whole Session,98.0,692.0,4751.0,48.0,130.0,11.0,22.0,2.0,7.6,90.2,0.8,75.0,37.0
Mohammed Sumaila,Centre Back,"Defense, UNCG",2025-09-28,Training Session,Whole Session,105.0,909.0,6289.0,60.0,87.0,10.0,6.0,1.0,7.0,82.5,1.0,74.0,37.0
Ben,Centre Back,"Defense, UNCG",2025-09-28,Training Session,Whole Session,105.0,783.0,5905.0,56.0,52.0,6.0,0.0,0.0,6.4,79.2,0.9,49.0,36.0
Sami Lachekar,Centre Back,"Defense, UNCG",2025-09-28,Training Session,Whole Session,105.0,718.0,5500.0,52.0,64.0,6.0,0.0,0.0,6.5,76.5,0.9,28.0,18.0
Mason Dancy,Centre Back,"Defense, UNCG",2025-09-28,Training Session,Whole Session,105.0,829.0,5897.0,56.0,99.0,12.0,18.0,2.0,7.5,89.1,0.9,60.0,34.0
Jason Wynia,Centre Back,"Defense, UNCG",2025-09-28,Training Session,Whole Session,105.0,0.0,1.0,0.0,0.0,0.0,0.0,0.0,0.2,2.3,0.0,0.0,0.0
Téva Lossec,Left Back,"Defense, UNCG",2025-09-28,Training Session,Whole Session,105.0,1358.0,7201.0,69.0,323.0,33.0,97.0,9.0,7.9,90.0,1.1,83.0,38.0
bautista schmidt,Left Back,"Defense, UNCG",2025-09-28,Training Session,Whole Session,105.0,915.0,6533.0,62.0,365.0,38.0,51.0,6.0,7.7,97.0,1.0,81.0,68.0
Trym Linberg,Right Back,"Defense, UNCG",2025-09-28,Training Session,Whole Session,105.0,0.0,0.0,0.0,0.0,0.0,0.0,0.0,0.0,0.0,0.0,0.0,0.0
Kimito Fritz,Right Back,"Defense, UNCG",2025-09-28,Training Session,Whole Session,105.0,1033.0,6835.0,65.0,282.0,31.0,99.0,7.0,7.9,88.8,1.1,71.0,43.0
Pablo Torre,Centre Forward,"FORWARDS, UNCG",2025-09-28,Training Session,Whole Session,105.0,990.0,6353.0,61.0,173.0,17.0,7.0,1.0,7.2,87.9,1.0,77.0,52.0
Mason Poveromo,Left Winger,"FORWARDS, UNCG",2025-09-28,Training Session,Whole Session,105.0,826.0,5541.0,53.0,259.0,23.0,57.0,3.0,7.7,92.8,0.9,39.0,39.0
Ethan lam,Centre Attacking Midfielder,"MIDS, UNCG",2025-09-28,Training Session,Whole Session,105.0,826.0,5660.0,54.0,101.0,12.0,30.0,3.0,7.4,96.0,0.9,66.0,35.0
Sigurd,Centre Midfielder,"MIDS, UNCG",2025-09-28,Training Session,Whole Session,105.0,1231.0,7144.0,68.0,233.0,24.0,21.0,2.0,7.5,93.1,1.1,73.0,47.0
Issah Haruna,Centre Attacking Midfielder,UNCG,2025-09-28,Training Session,Whole Session,105.0,964.0,5876.0,56.0,171.0,19.0,25.0,3.0,7.7,95.9,0.9,50.0,49.0
Robert elliott,Centre Defensive Midfielder,UNCG,2025-09-28,Training Session,Whole Session,105.0,758.0,5191.0,49.0,51.0,6.0,0.0,0.0,6.3,76.3,0.8,61.0,43.0
julien le bourdoulous,Centre Defensive Midfielder,UNCG,2025-09-28,Training Session,Whole Session,105.0,796.0,5512.0,52.0,43.0,6.0,6.0,1.0,7.0,88.9,0.9,36.0,38.0
Magnus Kjoeller,Centre Defensive Midfielder,UNCG,2025-09-28,Training Session,Whole Session,105.0,802.0,6180.0,59.0,55.0,7.0,0.0,0.0,6.5,80.5,1.0,56.0,28.0
Colton Sessoms,Centre Forward,UNCG,2025-09-28,Training Session,Whole Session,105.0,710.0,5231.0,50.0,239.0,24.0,12.0,2.0,7.3,87.9,0.8,54.0,34.0
Arnaud Tattevin,Centre Forward,UNCG,2025-09-28,Training Session,Whole Session,105.0,1035.0,6397.0,61.0,187.0,22.0,0.0,0.0,6.8,77.6,1.0,47.0,41.0
Xavi Wences,Centre Midfielder,UNCG,2025-09-28,Training Session,Whole Session,105.0,1354.0,5226.0,50.0,70.0,11.0,0.0,0.0,6.6,79.7,0.8,83.0,50.0
Daniel Longo,Centre Midfielder,UNCG,2025-09-28,Training Session,Whole Session,105.0,994.0,6189.0,59.0,142.0,10.0,0.0,0.0,6.9,87.6,1.0,74.0,29.0
Steven Hernandez,Left Winger,UNCG,2025-09-28,Training Session,Whole Session,105.0,822.0,5516.0,53.0,284.0,28.0,49.0,3.0,8.1,89.1,0.9,60.0,47.0
Adam Rustami,Right Winger,UNCG,2025-09-28,Training Session,Whole Session,105.0,1112.0,6853.0,65.0,332.0,33.0,76.0,6.0,7.9,92.9,1.1,63.0,48.0
Enzo Dovlo,Right Winger,UNCG,2025-09-28,Training Session,Whole Session,105.0,0.0,0.0,0.0,0.0,0.0,0.0,0.0,0.0,0.0,0.0,0.0,0.0
Sami Lachekar,Centre Back,"Defense, UNCG",2025-09-29,Training Session,Whole Session,80.0,245.0,2879.0,36.0,0.0,0.0,0.0,0.0,4.2,48.9,0.6,18.0,6.0
Ben,Centre Back,"Defense, UNCG",2025-09-29,Training Session,Whole Session,80.0,264.0,2568.0,32.0,0.0,0.0,0.0,0.0,4.7,58.3,0.5,15.0,7.0
Mason Dancy,Centre Back,"Defense, UNCG",2025-09-29,Training Session,Whole Session,80.0,272.0,2513.0,31.0,0.0,0.0,0.0,0.0,4.6,54.5,0.5,12.0,9.0
Mohammed Sumaila,Centre Back,"Defense, UNCG",2025-09-29,Training Session,Whole Session,80.0,360.0,3055.0,38.0,18.0,2.0,0.0,0.0,6.5,76.1,0.6,43.0,11.0
Jason Wynia,Centre Back,"Defense, UNCG",2025-09-29,Training Session,Whole Session,80.0,388.0,3401.0,43.0,58.0,6.0,0.0,0.0,6.8,81.2,0.7,24.0,15.0
bautista schmidt,Left Back,"Defense, UNCG",2025-09-29,Training Session,Whole Session,80.0,368.0,3040.0,38.0,106.0,12.0,8.0,1.0,7.0,88.9,0.6,29.0,27.0
Téva Lossec,Left Back,"Defense, UNCG",2025-09-29,Training Session,Whole Session,80.0,613.0,3842.0,48.0,114.0,12.0,11.0,1.0,7.7,87.9,0.8,49.0,31.0
Trym Linberg,Right Back,"Defense, UNCG",2025-09-29,Training Session,Whole Session,80.0,393.0,3083.0,39.0,42.0,5.0,0.0,0.0,6.4,74.5,0.6,33.0,22.0
Kimito Fritz,Right Back,"Defense, UNCG",2025-09-29,Training Session,Whole Session,80.0,565.0,3726.0,47.0,81.0,8.0,0.0,0.0,6.9,77.6,0.8,36.0,22.0
Pablo Torre,Centre Forward,"FORWARDS, UNCG",2025-09-29,Training Session,Whole Session,80.0,354.0,2888.0,36.0,15.0,1.0,0.0,0.0,6.7,81.1,0.6,31.0,10.0
Mason Poveromo,Left Winger,"FORWARDS, UNCG",2025-09-29,Training Session,Whole Session,80.0,314.0,2505.0,31.0,52.0,5.0,0.0,0.0,6.7,80.4,0.5,11.0,12.0
Ethan lam,Centre Attacking Midfielder,"MIDS, UNCG",2025-09-29,Training Session,Whole Session,80.0,294.0,2409.0,30.0,13.0,1.0,0.0,0.0,6.1,78.2,0.5,9.0,9.0
Sigurd,Centre Midfielder,"MIDS, UNCG",2025-09-29,Training Session,Whole Session,80.0,529.0,3612.0,45.0,3.0,1.0,0.0,0.0,6.0,74.3,0.8,42.0,29.0
Issah Haruna,Centre Attacking Midfielder,UNCG,2025-09-29,Training Session,Whole Session,80.0,424.0,2969.0,37.0,6.0,1.0,0.0,0.0,6.1,76.3,0.6,48.0,20.0
Magnus Kjoeller,Centre Defensive Midfielder,UNCG,2025-09-29,Training Session,Whole Session,80.0,334.0,2771.0,35.0,10.0,2.0,0.0,0.0,5.7,71.3,0.6,15.0,15.0
Robert elliott,Centre Defensive Midfielder,UNCG,2025-09-29,Training Session,Whole Session,80.0,244.0,2239.0,28.0,0.0,0.0,0.0,0.0,5.5,67.1,0.5,13.0,4.0
julien le bourdoulous,Centre Defensive Midfielder,UNCG,2025-09-29,Training Session,Whole Session,80.0,365.0,3084.0,39.0,17.0,2.0,0.0,0.0,6.1,77.1,0.6,27.0,16.0
Colton Sessoms,Centre Forward,UNCG,2025-09-29,Training Session,Whole Session,80.0,278.0,2435.0,30.0,39.0,4.0,0.0,0.0,6.3,76.4,0.5,14.0,12.0
Arnaud Tattevin,Centre Forward,UNCG,2025-09-29,Training Session,Whole Session,80.0,555.0,3822.0,48.0,31.0,3.0,0.0,0.0,6.6,75.3,0.8,42.0,25.0
Daniel Longo,Centre Midfielder,UNCG,2025-09-29,Training Session,Whole Session,80.0,543.0,3709.0,46.0,10.0,1.0,0.0,0.0,5.8,74.4,0.8,24.0,18.0
Xavi Wences,Centre Midfielder,UNCG,2025-09-29,Training Session,Whole Session,80.0,398.0,2058.0,26.0,0.0,0.0,0.0,0.0,5.0,60.5,0.4,21.0,19.0
Steven Hernandez,Left Winger,UNCG,2025-09-29,Training Session,Whole Session,80.0,506.0,3495.0,44.0,88.0,10.0,0.0,0.0,6.8,74.3,0.7,37.0,34.0
Enzo Dovlo,Right Winger,UNCG,2025-09-29,Training Session,Whole Session,80.0,0.0,0.0,0.0,0.0,0.0,0.0,0.0,0.0,0.0,0.0,0.0,0.0
Adam Rustami,Right Winger,UNCG,2025-09-29,Training Session,Whole Session,80.0,423.0,3074.0,38.0,50.0,5.0,0.0,0.0,6.5,76.4,0.6,17.0,30.0
Ben,Centre Back,"Defense, UNCG",2025-09-30,Match Session,Whole Session,90.0,0.0,0.0,0.0,0.0,0.0,0.0,0.0,0.0,0.0,0.0,0.0,0.0
Jason Wynia,Centre Back,"Defense, UNCG",2025-09-30,Match Session,Whole Session,90.0,0.0,0.0,0.0,0.0,0.0,0.0,0.0,0.0,0.0,0.0,0.0,0.0
Mohammed Sumaila,Centre Back,"Defense, UNCG",2025-09-30,Match Session,Whole Session,90.0,0.0,0.0,0.0,0.0,0.0,0.0,0.0,0.0,0.0,0.0,0.0,0.0
Sami Lachekar,Centre Back,"Defense, UNCG",2025-09-30,Match Session,Whole Session,90.0,0.0,0.0,0.0,0.0,0.0,0.0,0.0,0.0,0.0,0.0,0.0,0.0
Mason Dancy,Centre Back,"Defense, UNCG",2025-09-30,Match Session,Whole Session,90.0,0.0,0.0,0.0,0.0,0.0,0.0,0.0,0.0,0.0,0.0,0.0,0.0
Téva Lossec,Left Back,"Defense, UNCG",2025-09-30,Match Session,Whole Session,90.0,0.0,0.0,0.0,0.0,0.0,0.0,0.0,0.0,0.0,0.0,0.0,0.0
bautista schmidt,Left Back,"Defense, UNCG",2025-09-30,Match Session,Whole Session,90.0,0.0,0.0,0.0,0.0,0.0,0.0,0.0,0.0,0.0,0.0,0.0,0.0
Kimito Fritz,Right Back,"Defense, UNCG",2025-09-30,Match Session,Whole Session,90.0,0.0,0.0,0.0,0.0,0.0,0.0,0.0,0.0,0.0,0.0,0.0,0.0
Trym Linberg,Right Back,"Defense, UNCG",2025-09-30,Match Session,Whole Session,90.0,0.0,0.0,0.0,0.0,0.0,0.0,0.0,0.0,0.0,0.0,0.0,0.0
Pablo Torre,Centre Forward,"FORWARDS, UNCG",2025-09-30,Match Session,Whole Session,90.0,0.0,0.0,0.0,0.0,0.0,0.0,0.0,0.0,0.0,0.0,0.0,0.0
Mason Poveromo,Left Winger,"FORWARDS, UNCG",2025-09-30,Match Session,Whole Session,90.0,0.0,0.0,0.0,0.0,0.0,0.0,0.0,0.0,0.0,0.0,0.0,0.0
Ethan lam,Centre Attacking Midfielder,"MIDS, UNCG",2025-09-30,Match Session,Whole Session,90.0,0.0,0.0,0.0,0.0,0.0,0.0,0.0,0.0,0.0,0.0,0.0,0.0
Sigurd,Centre Midfielder,"MIDS, UNCG",2025-09-30,Match Session,Whole Session,90.0,0.0,0.0,0.0,0.0,0.0,0.0,0.0,0.0,0.0,0.0,0.0,0.0
Issah Haruna,Centre Attacking Midfielder,UNCG,2025-09-30,Match Session,Whole Session,90.0,0.0,0.0,0.0,0.0,0.0,0.0,0.0,0.0,0.0,0.0,0.0,0.0
julien le bourdoulous,Centre Defensive Midfielder,UNCG,2025-09-30,Match Session,Whole Session,90.0,0.0,0.0,0.0,0.0,0.0,0.0,0.0,0.0,0.0,0.0,0.0,0.0
Magnus Kjoeller,Centre Defensive Midfielder,UNCG,2025-09-30,Match Session,Whole Session,90.0,0.0,0.0,0.0,0.0,0.0,0.0,0.0,0.0,0.0,0.0,0.0,0.0
Robert elliott,Centre Defensive Midfielder,UNCG,2025-09-30,Match Session,Whole Session,90.0,0.0,0.0,0.0,0.0,0.0,0.0,0.0,0.0,0.0,0.0,0.0,0.0
Colton Sessoms,Centre Forward,UNCG,2025-09-30,Match Session,Whole Session,90.0,0.0,0.0,0.0,0.0,0.0,0.0,0.0,0.0,0.0,0.0,0.0,0.0
Arnaud Tattevin,Centre Forward,UNCG,2025-09-30,Match Session,Whole Session,90.0,0.0,0.0,0.0,0.0,0.0,0.0,0.0,0.0,0.0,0.0,0.0,0.0
Daniel Longo,Centre Midfielder,UNCG,2025-09-30,Match Session,Whole Session,90.0,0.0,0.0,0.0,0.0,0.0,0.0,0.0,0.0,0.0,0.0,0.0,0.0
Xavi Wences,Centre Midfielder,UNCG,2025-09-30,Match Session,Whole Session,90.0,0.0,0.0,0.0,0.0,0.0,0.0,0.0,0.0,0.0,0.0,0.0,0.0
Steven Hernandez,Left Winger,UNCG,2025-09-30,Match Session,Whole Session,90.0,0.0,0.0,0.0,0.0,0.0,0.0,0.0,0.0,0.0,0.0,0.0,0.0
Adam Rustami,Right Winger,UNCG,2025-09-30,Match Session,Whole Session,90.0,0.0,0.0,0.0,0.0,0.0,0.0,0.0,0.0,0.0,0.0,0.0,0.0
Enzo Dovlo,Right Winger,UNCG,2025-09-30,Match Session,Whole Session,90.0,0.0,0.0,0.0,0.0,0.0,0.0,0.0,0.0,0.0,0.0,0.0,0.0
Jason Wynia,Centre Back,"Defense, UNCG",2025-10-01,Training Session,Whole Session,70.0,734.0,5060.0,72.0,65.0,11.0,24.0,2.0,7.7,91.9,1.2,48.0,48.0
Mason Dancy,Centre Back,"Defense, UNCG",2025-10-01,Training Session,Whole Session,70.0,620.0,4055.0,58.0,37.0,5.0,7.0,1.0,7.2,85.6,1.0,55.0,25.0
Ben,Centre Back,"Defense, UNCG",2025-10-01,Training Session,Whole Session,70.0,0.0,2.0,0.0,0.0,0.0,0.0,0.0,0.3,4.3,0.0,0.0,0.0
bautista schmidt,Left Back,"Defense, UNCG",2025-10-01,Training Session,Whole Session,70.0,777.0,4996.0,71.0,35.0,4.0,0.0,0.0,6.8,86.4,1.2,69.0,61.0
Trym Linberg,Right Back,"Defense, UNCG",2025-10-01,Training Session,Whole Session,70.0,724.0,4799.0,69.0,73.0,6.0,0.0,0.0,7.1,83.6,1.1,77.0,56.0
Pablo Torre,Centre Forward,"FORWARDS, UNCG",2025-10-01,Training Session,Whole Session,70.0,0.0,3.0,0.0,0.0,0.0,0.0,0.0,0.1,1.4,0.0,0.0,0.0
Mason Poveromo,Left Winger,"FORWARDS, UNCG",2025-10-01,Training Session,Whole Session,70.0,860.0,5044.0,72.0,58.0,7.0,0.0,0.0,6.4,77.5,1.2,70.0,53.0
Ethan lam,Centre Attacking Midfielder,"MIDS, UNCG",2025-10-01,Training Session,Whole Session,70.0,715.0,4756.0,68.0,48.0,7.0,0.0,0.0,6.9,88.5,1.1,69.0,43.0
Sigurd,Centre Midfielder,"MIDS, UNCG",2025-10-01,Training Session,Whole Session,70.0,0.0,2.0,0.0,0.0,0.0,0.0,0.0,0.2,2.7,0.0,0.0,0.0
Robert elliott,Centre Defensive Midfielder,UNCG,2025-10-01,Training Session,Whole Session,70.0,0.0,1.0,0.0,0.0,0.0,0.0,0.0,0.1,1.4,0.0,0.0,0.0
Magnus Kjoeller,Centre Defensive Midfielder,UNCG,2025-10-01,Training Session,Whole Session,70.0,0.0,1.0,0.0,0.0,0.0,0.0,0.0,0.1,1.3,0.0,0.0,0.0
Colton Sessoms,Centre Forward,UNCG,2025-10-01,Training Session,Whole Session,70.0,0.0,0.0,0.0,0.0,0.0,0.0,0.0,0.1,1.2,0.0,0.0,0.0
Xavi Wences,Centre Midfielder,UNCG,2025-10-01,Training Session,Whole Session,70.0,1562.0,5186.0,74.0,12.0,2.0,0.0,0.0,6.1,73.6,1.2,78.0,66.0
Adam Rustami,Right Winger,UNCG,2025-10-01,Training Session,Whole Session,70.0,727.0,4488.0,64.0,58.0,9.0,0.0,0.0,6.2,73.7,1.1,71.0,54.0
Mason Dancy,Centre Back,"Defense, UNCG",2025-10-02,Training Session,Whole Session,90.0,558.0,4359.0,48.0,19.0,3.0,0.0,0.0,5.7,68.0,0.8,63.0,27.0
Mohammed Sumaila,Centre Back,"Defense, UNCG",2025-10-02,Training Session,Whole Session,90.0,343.0,2916.0,32.0,0.0,0.0,0.0,0.0,5.1,60.2,0.5,33.0,10.0
Ben,Centre Back,"Defense, UNCG",2025-10-02,Training Session,Whole Session,90.0,478.0,4182.0,46.0,11.0,2.0,0.0,0.0,5.8,71.8,0.8,48.0,19.0
Jason Wynia,Centre Back,"Defense, UNCG",2025-10-02,Training Session,Whole Session,90.0,561.0,4981.0,55.0,12.0,3.0,0.0,0.0,5.8,68.9,0.9,50.0,31.0
Sami Lachekar,Centre Back,"Defense, UNCG",2025-10-02,Training Session,Whole Session,90.0,245.0,2617.0,29.0,0.0,0.0,0.0,0.0,5.3,62.2,0.5,17.0,4.0
bautista schmidt,Left Back,"Defense, UNCG",2025-10-02,Training Session,Whole Session,90.0,514.0,4400.0,49.0,52.0,5.0,0.0,0.0,6.4,80.6,0.8,77.0,61.0
Téva Lossec,Left Back,"Defense, UNCG",2025-10-02,Training Session,Whole Session,90.0,336.0,2691.0,30.0,0.0,0.0,0.0,0.0,4.8,54.9,0.5,27.0,3.0
Kimito Fritz,Right Back,"Defense, UNCG",2025-10-02,Training Session,Whole Session,90.0,342.0,3164.0,35.0,0.0,0.0,0.0,0.0,4.9,55.0,0.6,42.0,9.0
Trym Linberg,Right Back,"Defense, UNCG",2025-10-02,Training Session,Whole Session,90.0,560.0,4499.0,50.0,13.0,1.0,0.0,0.0,6.4,75.3,0.8,72.0,59.0
Pablo Torre,Centre Forward,"FORWARDS, UNCG",2025-10-02,Training Session,Whole Session,90.0,534.0,4467.0,50.0,22.0,4.0,0.0,0.0,6.1,74.4,0.8,64.0,45.0
Mason Poveromo,Left Winger,"FORWARDS, UNCG",2025-10-02,Training Session,Whole Session,90.0,636.0,4634.0,51.0,12.0,2.0,0.0,0.0,6.1,73.0,0.9,55.0,55.0
Ethan lam,Centre Attacking Midfielder,"MIDS, UNCG",2025-10-02,Training Session,Whole Session,90.0,489.0,4406.0,49.0,0.0,0.0,0.0,0.0,5.2,67.1,0.8,40.0,24.0
Sigurd,Centre Midfielder,"MIDS, UNCG",2025-10-02,Training Session,Whole Session,90.0,719.0,4940.0,55.0,6.0,1.0,0.0,0.0,5.6,69.7,0.9,69.0,50.0
Issah Haruna,Centre Attacking Midfielder,UNCG,2025-10-02,Training Session,Whole Session,90.0,369.0,2794.0,31.0,0.0,0.0,0.0,0.0,4.6,57.2,0.5,17.0,6.0
julien le bourdoulous,Centre Defensive Midfielder,UNCG,2025-10-02,Training Session,Whole Session,90.0,391.0,3682.0,41.0,0.0,0.0,0.0,0.0,5.1,64.8,0.7,36.0,14.0
Robert elliott,Centre Defensive Midfielder,UNCG,2025-10-02,Training Session,Whole Session,90.0,519.0,4475.0,50.0,10.0,2.0,0.0,0.0,5.8,70.4,0.8,59.0,49.0
Magnus Kjoeller,Centre Defensive Midfielder,UNCG,2025-10-02,Training Session,Whole Session,90.0,567.0,4710.0,52.0,15.0,2.0,0.0,0.0,5.9,73.8,0.9,66.0,49.0
Colton Sessoms,Centre Forward,UNCG,2025-10-02,Training Session,Whole Session,90.0,758.0,3753.0,42.0,5.0,1.0,0.0,0.0,5.9,71.8,0.7,63.0,39.0
Arnaud Tattevin,Centre Forward,UNCG,2025-10-02,Training Session,Whole Session,90.0,474.0,3525.0,39.0,9.0,1.0,0.0,0.0,5.9,66.9,0.7,38.0,9.0
Xavi Wences,Centre Midfielder,UNCG,2025-10-02,Training Session,Whole Session,90.0,1171.0,4567.0,51.0,6.0,1.0,0.0,0.0,5.9,70.5,0.8,73.0,61.0
Daniel Longo,Centre Midfielder,UNCG,2025-10-02,Training Session,Whole Session,90.0,320.0,2695.0,30.0,0.0,0.0,0.0,0.0,5.1,65.7,0.5,31.0,7.0
Steven Hernandez,Left Winger,UNCG,2025-10-02,Training Session,Whole Session,90.0,458.0,3877.0,43.0,22.0,3.0,0.0,0.0,6.3,68.8,0.7,52.0,25.0
Enzo Dovlo,Right Winger,UNCG,2025-10-02,Training Session,Whole Session,90.0,559.0,2528.0,28.0,0.0,0.0,0.0,0.0,4.6,52.0,0.5,25.0,14.0
Adam Rustami,Right Winger,UNCG,2025-10-02,Training Session,Whole Session,90.0,618.0,4264.0,47.0,4.0,1.0,0.0,0.0,5.6,65.9,0.8,71.0,54.0
Mason Dancy,Centre Back,"Defense, UNCG",2025-10-04,Match Session,Whole Session,90.0,125.0,1335.0,15.0,0.0,0.0,0.0,0.0,5.5,65.0,0.2,2.0,1.0
Ben,Centre Back,"Defense, UNCG",2025-10-04,Match Session,Whole Session,90.0,154.0,1420.0,16.0,7.0,1.0,0.0,0.0,5.6,69.8,0.3,2.0,1.0
Jason Wynia,Centre Back,"Defense, UNCG",2025-10-04,Match Session,Whole Session,90.0,112.0,1264.0,14.0,0.0,0.0,0.0,0.0,5.3,63.8,0.2,4.0,1.0
Mohammed Sumaila,Centre Back,"Defense, UNCG",2025-10-04,Match Session,Whole Session,90.0,1507.0,9879.0,110.0,199.0,21.0,44.0,4.0,8.1,94.6,1.8,100.0,68.0
Sami Lachekar,Centre Back,"Defense, UNCG",2025-10-04,Match Session,Whole Session,90.0,1386.0,9085.0,101.0,204.0,24.0,36.0,3.0,7.8,91.3,1.7,57.0,68.0
bautista schmidt,Left Back,"Defense, UNCG",2025-10-04,Match Session,Whole Session,90.0,68.0,904.0,10.0,0.0,0.0,0.0,0.0,5.2,66.1,0.2,0.0,1.0
Téva Lossec,Left Back,"Defense, UNCG",2025-10-04,Match Session,Whole Session,90.0,2220.0,11477.0,128.0,527.0,50.0,88.0,7.0,8.0,91.4,2.1,79.0,95.0
Trym Linberg,Right Back,"Defense, UNCG",2025-10-04,Match Session,Whole Session,90.0,589.0,4093.0,45.0,141.0,17.0,11.0,1.0,7.3,86.1,0.8,36.0,45.0
Kimito Fritz,Right Back,"Defense, UNCG",2025-10-04,Match Session,Whole Session,90.0,1826.0,10135.0,113.0,401.0,40.0,63.0,6.0,8.1,91.8,1.9,59.0,80.0
Pablo Torre,Centre Forward,"FORWARDS, UNCG",2025-10-04,Match Session,Whole Session,90.0,668.0,4173.0,46.0,217.0,18.0,88.0,6.0,8.2,100.3,0.8,33.0,30.0
Mason Poveromo,Left Winger,"FORWARDS, UNCG",2025-10-04,Match Session,Whole Session,90.0,93.0,1031.0,11.0,0.0,0.0,0.0,0.0,4.9,58.4,0.2,1.0,2.0
Ethan lam,Centre Attacking Midfielder,"MIDS, UNCG",2025-10-04,Match Session,Whole Session,90.0,93.0,1164.0,13.0,15.0,1.0,0.0,0.0,5.9,76.2,0.2,1.0,1.0
Sigurd,Centre Midfielder,"MIDS, UNCG",2025-10-04,Match Session,Whole Session,90.0,235.0,1736.0,19.0,5.0,1.0,0.0,0.0,5.5,68.2,0.3,0.0,3.0
Issah Haruna,Centre Attacking Midfielder,UNCG,2025-10-04,Match Session,Whole Session,90.0,1884.0,10297.0,114.0,497.0,49.0,48.0,6.0,7.5,94.4,1.9,89.0,92.0
Magnus Kjoeller,Centre Defensive Midfielder,UNCG,2025-10-04,Match Session,Whole Session,90.0,843.0,5646.0,63.0,169.0,16.0,0.0,0.0,6.8,84.5,1.0,33.0,41.0
Robert elliott,Centre Defensive Midfielder,UNCG,2025-10-04,Match Session,Whole Session,90.0,141.0,1540.0,17.0,16.0,1.0,0.0,0.0,5.9,71.7,0.3,2.0,2.0
julien le bourdoulous,Centre Defensive Midfielder,UNCG,2025-10-04,Match Session,Whole Session,90.0,1618.0,10274.0,114.0,203.0,19.0,13.0,1.0,7.1,90.1,1.9,55.0,78.0
Colton Sessoms,Centre Forward,UNCG,2025-10-04,Match Session,Whole Session,90.0,540.0,3811.0,42.0,111.0,12.0,9.0,1.0,7.1,86.3,0.7,18.0,30.0
Arnaud Tattevin,Centre Forward,UNCG,2025-10-04,Match Session,Whole Session,90.0,1199.0,7441.0,83.0,348.0,29.0,43.0,5.0,7.7,87.7,1.4,52.0,54.0
Daniel Longo,Centre Midfielder,UNCG,2025-10-04,Match Session,Whole Session,90.0,1319.0,7328.0,81.0,212.0,23.0,18.0,2.0,7.2,92.0,1.4,37.0,46.0
Steven Hernandez,Left Winger,UNCG,2025-10-04,Match Session,Whole Session,90.0,1328.0,7578.0,84.0,413.0,43.0,97.0,10.0,8.0,87.6,1.4,49.0,52.0
Enzo Dovlo,Right Winger,UNCG,2025-10-04,Match Session,Whole Session,90.0,1347.0,7611.0,85.0,441.0,43.0,56.0,5.0,8.0,91.6,1.4,63.0,68.0
Mason Dancy,Centre Back,"Defense, UNCG",2025-10-07,Training Session,Whole Session,85.0,303.0,3004.0,35.0,28.0,1.0,0.0,0.0,6.6,78.1,0.6,15.0,3.0
Jason Wynia,Centre Back,"Defense, UNCG",2025-10-07,Training Session,Whole Session,85.0,401.0,3578.0,42.0,60.0,7.0,56.0,3.0,7.9,93.8,0.7,13.0,18.0
Sami Lachekar,Centre Back,"Defense, UNCG",2025-10-07,Training Session,Whole Session,85.0,198.0,2416.0,28.0,0.0,0.0,0.0,0.0,5.4,62.7,0.5,14.0,7.0
Mohammed Sumaila,Centre Back,"Defense, UNCG",2025-10-07,Training Session,Whole Session,85.0,277.0,2505.0,29.0,16.0,3.0,0.0,0.0,6.5,75.7,0.5,24.0,11.0
Ben,Centre Back,"Defense, UNCG",2025-10-07,Training Session,Whole Session,85.0,258.0,2715.0,32.0,0.0,0.0,0.0,0.0,4.5,55.4,0.5,10.0,3.0
bautista schmidt,Left Back,"Defense, UNCG",2025-10-07,Training Session,Whole Session,85.0,311.0,2778.0,33.0,107.0,8.0,16.0,2.0,7.5,94.4,0.5,12.0,21.0
Téva Lossec,Left Back,"Defense, UNCG",2025-10-07,Training Session,Whole Session,85.0,437.0,3002.0,35.0,144.0,12.0,40.0,3.0,7.3,83.9,0.6,23.0,15.0
Trym Linberg,Right Back,"Defense, UNCG",2025-10-07,Training Session,Whole Session,85.0,257.0,2489.0,29.0,152.0,13.0,8.0,1.0,7.1,83.8,0.5,20.0,12.0
Kimito Fritz,Right Back,"Defense, UNCG",2025-10-07,Training Session,Whole Session,85.0,378.0,3010.0,35.0,54.0,9.0,32.0,3.0,7.4,83.1,0.6,15.0,6.0
Pablo Torre,Centre Forward,"FORWARDS, UNCG",2025-10-07,Training Session,Whole Session,85.0,421.0,3329.0,39.0,201.0,16.0,18.0,1.0,7.7,93.1,0.7,26.0,16.0
Mason Poveromo,Left Winger,"FORWARDS, UNCG",2025-10-07,Training Session,Whole Session,85.0,261.0,2149.0,25.0,136.0,9.0,9.0,1.0,7.3,87.1,0.4,13.0,7.0
Ethan lam,Centre Attacking Midfielder,"MIDS, UNCG",2025-10-07,Training Session,Whole Session,85.0,258.0,2479.0,29.0,89.0,6.0,0.0,0.0,7.0,89.8,0.5,14.0,5.0
Sigurd,Centre Midfielder,"MIDS, UNCG",2025-10-07,Training Session,Whole Session,85.0,523.0,3573.0,42.0,66.0,5.0,0.0,0.0,6.3,78.6,0.7,29.0,20.0
Issah Haruna,Centre Attacking Midfielder,UNCG,2025-10-07,Training Session,Whole Session,85.0,454.0,3285.0,39.0,211.0,16.0,31.0,4.0,7.4,92.8,0.6,34.0,25.0
julien le bourdoulous,Centre Defensive Midfielder,UNCG,2025-10-07,Training Session,Whole Session,85.0,323.0,2839.0,33.0,4.0,1.0,0.0,0.0,5.7,72.6,0.6,11.0,13.0
Robert elliott,Centre Defensive Midfielder,UNCG,2025-10-07,Training Session,Whole Session,85.0,259.0,2234.0,26.0,6.0,1.0,0.0,0.0,5.7,69.6,0.4,13.0,9.0
Magnus Kjoeller,Centre Defensive Midfielder,UNCG,2025-10-07,Training Session,Whole Session,85.0,308.0,2764.0,33.0,40.0,2.0,0.0,0.0,6.3,78.7,0.5,17.0,11.0
Colton Sessoms,Centre Forward,UNCG,2025-10-07,Training Session,Whole Session,85.0,358.0,3072.0,36.0,253.0,23.0,22.0,3.0,7.3,88.6,0.6,20.0,22.0
Arnaud Tattevin,Centre Forward,UNCG,2025-10-07,Training Session,Whole Session,85.0,19.0,176.0,2.0,0.0,0.0,0.0,0.0,3.4,38.8,0.0,1.0,1.0
Daniel Longo,Centre Midfielder,UNCG,2025-10-07,Training Session,Whole Session,85.0,463.0,3474.0,41.0,37.0,6.0,0.0,0.0,5.7,72.5,0.7,36.0,17.0
Xavi Wences,Centre Midfielder,UNCG,2025-10-07,Training Session,Whole Session,85.0,589.0,2625.0,31.0,41.0,6.0,23.0,4.0,8.0,95.8,0.5,29.0,19.0
Steven Hernandez,Left Winger,UNCG,2025-10-07,Training Session,Whole Session,85.0,385.0,3157.0,37.0,195.0,14.0,25.0,4.0,7.2,78.9,0.6,25.0,18.0
Adam Rustami,Right Winger,UNCG,2025-10-07,Training Session,Whole Session,85.0,0.0,7.0,0.0,0.0,0.0,0.0,0.0,0.4,5.2,0.0,0.0,0.0
Enzo Dovlo,Right Winger,UNCG,2025-10-07,Training Session,Whole Session,85.0,414.0,3154.0,37.0,7.0,1.0,0.0,0.0,5.7,65.2,0.6,17.0,17.0
Jason Wynia,Centre Back,"Defense, UNCG",2025-10-08,Match Session,Whole Session,90.0,0.0,0.0,0.0,0.0,0.0,0.0,0.0,0.1,1.2,0.0,0.0,0.0
Sami Lachekar,Centre Back,"Defense, UNCG",2025-10-08,Match Session,Whole Session,90.0,1446.0,8438.0,94.0,324.0,36.0,29.0,3.0,7.7,90.0,1.6,37.0,59.0
Mohammed Sumaila,Centre Back,"Defense, UNCG",2025-10-08,Match Session,Whole Session,90.0,1473.0,9370.0,104.0,404.0,38.0,52.0,5.0,7.9,92.5,1.7,98.0,71.0
Ben,Centre Back,"Defense, UNCG",2025-10-08,Match Session,Whole Session,90.0,11.0,314.0,3.0,0.0,0.0,0.0,0.0,2.7,33.8,0.1,0.0,0.0
Mason Dancy,Centre Back,"Defense, UNCG",2025-10-08,Match Session,Whole Session,90.0,10.0,240.0,3.0,0.0,0.0,0.0,0.0,1.5,17.4,0.0,0.0,0.0
Téva Lossec,Left Back,"Defense, UNCG",2025-10-08,Match Session,Whole Session,90.0,1889.0,9866.0,110.0,626.0,57.0,180.0,11.0,8.9,102.4,1.8,67.0,98.0
bautista schmidt,Left Back,"Defense, UNCG",2025-10-08,Match Session,Whole Session,90.0,8.0,240.0,3.0,0.0,0.0,0.0,0.0,1.9,24.7,0.0,0.0,0.0
Kimito Fritz,Right Back,"Defense, UNCG",2025-10-08,Match Session,Whole Session,90.0,1548.0,9096.0,101.0,369.0,37.0,118.0,11.0,8.1,91.5,1.7,74.0,79.0
Trym Linberg,Right Back,"Defense, UNCG",2025-10-08,Match Session,Whole Session,90.0,7.0,168.0,2.0,0.0,0.0,0.0,0.0,1.4,16.8,0.0,0.0,0.0
Pablo Torre,Centre Forward,"FORWARDS, UNCG",2025-10-08,Match Session,Whole Session,90.0,51.0,371.0,4.0,16.0,1.0,0.0,0.0,5.9,71.8,0.1,2.0,1.0
Mason Poveromo,Left Winger,"FORWARDS, UNCG",2025-10-08,Match Session,Whole Session,90.0,10.0,245.0,3.0,0.0,0.0,0.0,0.0,1.7,21.0,0.0,0.0,0.0
Ethan lam,Centre Attacking Midfielder,"MIDS, UNCG",2025-10-08,Match Session,Whole Session,90.0,9.0,212.0,2.0,0.0,0.0,0.0,0.0,1.9,24.7,0.0,0.0,0.0
Sigurd,Centre Midfielder,"MIDS, UNCG",2025-10-08,Match Session,Whole Session,90.0,12.0,290.0,3.0,0.0,0.0,0.0,0.0,1.8,22.3,0.1,0.0,0.0
Issah Haruna,Centre Attacking Midfielder,UNCG,2025-10-08,Match Session,Whole Session,90.0,1421.0,7379.0,82.0,332.0,37.0,47.0,3.0,8.1,101.8,1.4,75.0,85.0
julien le bourdoulous,Centre Defensive Midfielder,UNCG,2025-10-08,Match Session,Whole Session,90.0,1484.0,9476.0,105.0,253.0,26.0,25.0,3.0,7.8,98.9,1.8,51.0,89.0
Robert elliott,Centre Defensive Midfielder,UNCG,2025-10-08,Match Session,Whole Session,90.0,9.0,223.0,2.0,0.0,0.0,0.0,0.0,2.2,27.2,0.0,0.0,0.0
Magnus Kjoeller,Centre Defensive Midfielder,UNCG,2025-10-08,Match Session,Whole Session,90.0,422.0,2911.0,32.0,50.0,6.0,0.0,0.0,6.2,77.3,0.5,16.0,18.0
Arnaud Tattevin,Centre Forward,UNCG,2025-10-08,Match Session,Whole Session,90.0,1543.0,9658.0,107.0,566.0,43.0,62.0,5.0,7.6,87.0,1.8,69.0,55.0
Colton Sessoms,Centre Forward,UNCG,2025-10-08,Match Session,Whole Session,90.0,390.0,2501.0,28.0,52.0,4.0,0.0,0.0,6.3,76.7,0.5,9.0,11.0
Daniel Longo,Centre Midfielder,UNCG,2025-10-08,Match Session,Whole Session,90.0,1415.0,7974.0,89.0,222.0,23.0,27.0,2.0,7.7,97.9,1.5,45.0,57.0
Xavi Wences,Centre Midfielder,UNCG,2025-10-08,Match Session,Whole Session,90.0,18.0,178.0,2.0,0.0,0.0,0.0,0.0,1.5,18.2,0.0,0.0,0.0
Steven Hernandez,Left Winger,UNCG,2025-10-08,Match Session,Whole Session,90.0,1499.0,9224.0,102.0,436.0,47.0,298.0,16.0,8.9,97.9,1.7,52.0,65.0
Enzo Dovlo,Right Winger,UNCG,2025-10-08,Match Session,Whole Session,90.0,1523.0,9089.0,101.0,554.0,57.0,243.0,15.0,9.3,105.8,1.7,67.0,80.0
Adam Rustami,Right Winger,UNCG,2025-10-08,Match Session,Whole Session,90.0,0.0,0.0,0.0,0.0,0.0,0.0,0.0,0.1,1.1,0.0,0.0,0.0
Mason Dancy,Centre Back,"Defense, UNCG",2025-10-11,Match Session,Whole Session,90.0,40.0,279.0,3.0,0.0,0.0,0.0,0.0,4.3,51.6,0.1,0.0,0.0
Ben,Centre Back,"Defense, UNCG",2025-10-11,Match Session,Whole Session,90.0,1376.0,9212.0,102.0,130.0,14.0,53.0,4.0,7.4,92.6,1.7,36.0,34.0
Jason Wynia,Centre Back,"Defense, UNCG",2025-10-11,Match Session,Whole Session,90.0,12.0,189.0,2.0,0.0,0.0,0.0,0.0,2.1,25.3,0.0,0.0,0.0
Mohammed Sumaila,Centre Back,"Defense, UNCG",2025-10-11,Match Session,Whole Session,90.0,812.0,5216.0,58.0,268.0,23.0,92.0,6.0,8.7,101.2,1.0,59.0,33.0
Sami Lachekar,Centre Back,"Defense, UNCG",2025-10-11,Match Session,Whole Session,90.0,760.0,4874.0,54.0,49.0,6.0,32.0,2.0,8.0,94.2,0.9,38.0,22.0
Téva Lossec,Left Back,"Defense, UNCG",2025-10-11,Match Session,Whole Session,90.0,1200.0,6260.0,70.0,198.0,20.0,43.0,1.0,7.9,88.4,1.2,41.0,39.0
bautista schmidt,Left Back,"Defense, UNCG",2025-10-11,Match Session,Whole Session,90.0,932.0,5843.0,65.0,354.0,36.0,81.0,5.0,8.1,102.3,1.1,46.0,55.0
Trym Linberg,Right Back,"Defense, UNCG",2025-10-11,Match Session,Whole Session,90.0,1129.0,7522.0,84.0,263.0,25.0,32.0,2.0,8.4,98.5,1.4,65.0,72.0
Kimito Fritz,Right Back,"Defense, UNCG",2025-10-11,Match Session,Whole Session,90.0,503.0,2843.0,32.0,196.0,18.0,90.0,5.0,7.7,87.3,0.5,17.0,18.0
Pablo Torre,Centre Forward,"FORWARDS, UNCG",2025-10-11,Match Session,Whole Session,90.0,1449.0,8551.0,95.0,298.0,29.0,45.0,5.0,7.6,92.3,1.6,91.0,71.0
Mason Poveromo,Left Winger,"FORWARDS, UNCG",2025-10-11,Match Session,Whole Session,90.0,242.0,1407.0,16.0,74.0,8.0,0.0,0.0,6.8,81.3,0.3,12.0,11.0
Sigurd,Centre Midfielder,"MIDS, UNCG",2025-10-11,Match Session,Whole Session,90.0,938.0,5007.0,56.0,303.0,28.0,60.0,3.0,7.6,94.0,0.9,34.0,45.0
Issah Haruna,Centre Attacking Midfielder,UNCG,2025-10-11,Match Session,Whole Session,90.0,1264.0,6210.0,69.0,317.0,31.0,16.0,1.0,7.6,93.9,1.1,71.0,64.0
Robert elliott,Centre Defensive Midfielder,UNCG,2025-10-11,Match Session,Whole Session,90.0,3.0,74.0,1.0,0.0,0.0,0.0,0.0,1.2,14.9,0.0,0.0,0.0
Magnus Kjoeller,Centre Defensive Midfielder,UNCG,2025-10-11,Match Session,Whole Session,90.0,782.0,5274.0,59.0,105.0,7.0,13.0,1.0,7.6,94.1,1.0,29.0,20.0
julien le bourdoulous,Centre Defensive Midfielder,UNCG,2025-10-11,Match Session,Whole Session,90.0,1041.0,6508.0,72.0,223.0,18.0,0.0,0.0,6.7,85.1,1.2,41.0,56.0
Arnaud Tattevin,Centre Forward,UNCG,2025-10-11,Match Session,Whole Session,90.0,406.0,2202.0,24.0,170.0,21.0,65.0,5.0,7.6,86.2,0.4,19.0,18.0
Colton Sessoms,Centre Forward,UNCG,2025-10-11,Match Session,Whole Session,90.0,916.0,5961.0,66.0,226.0,18.0,41.0,3.0,8.0,96.3,1.1,28.0,41.0
Daniel Longo,Centre Midfielder,UNCG,2025-10-11,Match Session,Whole Session,90.0,1229.0,6967.0,77.0,231.0,23.0,62.0,4.0,7.8,99.7,1.3,52.0,47.0
Xavi Wences,Centre Midfielder,UNCG,2025-10-11,Match Session,Whole Session,90.0,21.0,215.0,2.0,0.0,0.0,0.0,0.0,1.7,20.8,0.0,0.0,0.0
Steven Hernandez,Left Winger,UNCG,2025-10-11,Match Session,Whole Session,90.0,1340.0,8361.0,93.0,303.0,35.0,65.0,7.0,7.7,84.2,1.5,64.0,68.0
Enzo Dovlo,Right Winger,UNCG,2025-10-11,Match Session,Whole Session,90.0,1668.0,9523.0,106.0,586.0,66.0,176.0,13.0,8.7,93.8,1.8,82.0,94.0
Adam Rustami,Right Winger,UNCG,2025-10-11,Match Session,Whole Session,90.0,0.0,0.0,0.0,0.0,0.0,0.0,0.0,0.1,1.0,0.0,0.0,0.0
Ben,Centre Back,"Defense, UNCG",2025-10-14,Match Session,Whole Session,90.0,130.0,1243.0,14.0,0.0,0.0,0.0,0.0,3.4,42.4,0.2,3.0,1.0
Mohammed Sumaila,Centre Back,"Defense, UNCG",2025-10-14,Match Session,Whole Session,90.0,1503.0,9600.0,107.0,423.0,38.0,40.0,5.0,7.3,85.7,1.8,81.0,81.0
Sami Lachekar,Centre Back,"Defense, UNCG",2025-10-14,Match Session,Whole Session,90.0,1282.0,8489.0,94.0,200.0,22.0,40.0,3.0,8.6,101.0,1.6,61.0,50.0
Mason Dancy,Centre Back,"Defense, UNCG",2025-10-14,Match Session,Whole Session,90.0,134.0,1264.0,14.0,0.0,0.0,0.0,0.0,4.6,54.7,0.2,7.0,3.0
bautista schmidt,Left Back,"Defense, UNCG",2025-10-14,Match Session,Whole Session,90.0,81.0,872.0,10.0,0.0,0.0,0.0,0.0,3.5,43.9,0.2,2.0,0.0
Téva Lossec,Left Back,"Defense, UNCG",2025-10-14,Match Session,Whole Session,90.0,2225.0,11019.0,122.0,825.0,77.0,373.0,21.0,8.5,95.4,2.0,95.0,109.0
Kimito Fritz,Right Back,"Defense, UNCG",2025-10-14,Match Session,Whole Session,90.0,1490.0,8976.0,100.0,311.0,31.0,35.0,2.0,8.1,91.2,1.7,55.0,69.0
Trym Linberg,Right Back,"Defense, UNCG",2025-10-14,Match Session,Whole Session,90.0,773.0,5047.0,56.0,302.0,28.0,81.0,6.0,8.1,95.3,0.9,43.0,41.0
Pablo Torre,Centre Forward,"FORWARDS, UNCG",2025-10-14,Match Session,Whole Session,90.0,300.0,2198.0,24.0,94.0,8.0,17.0,1.0,7.5,90.9,0.4,15.0,11.0
Sigurd,Centre Midfielder,"MIDS, UNCG",2025-10-14,Match Session,Whole Session,90.0,241.0,1930.0,21.0,9.0,1.0,0.0,0.0,5.8,71.6,0.4,8.0,11.0
Issah Haruna,Centre Attacking Midfielder,UNCG,2025-10-14,Match Session,Whole Session,90.0,1992.0,9573.0,106.0,473.0,60.0,84.0,5.0,7.9,96.6,1.8,99.0,108.0
Magnus Kjoeller,Centre Defensive Midfielder,UNCG,2025-10-14,Match Session,Whole Session,90.0,668.0,4914.0,55.0,106.0,10.0,0.0,0.0,6.9,85.6,0.9,26.0,40.0
julien le bourdoulous,Centre Defensive Midfielder,UNCG,2025-10-14,Match Session,Whole Session,90.0,1518.0,9655.0,107.0,317.0,30.0,20.0,2.0,7.3,92.8,1.8,50.0,85.0
Arnaud Tattevin,Centre Forward,UNCG,2025-10-14,Match Session,Whole Session,90.0,1525.0,9037.0,100.0,567.0,54.0,72.0,8.0,8.1,91.9,1.7,71.0,80.0
Colton Sessoms,Centre Forward,UNCG,2025-10-14,Match Session,Whole Session,90.0,854.0,5711.0,63.0,214.0,18.0,62.0,5.0,7.8,94.4,1.1,33.0,41.0
Daniel Longo,Centre Midfielder,UNCG,2025-10-14,Match Session,Whole Session,90.0,1465.0,7238.0,80.0,260.0,20.0,0.0,0.0,6.7,85.6,1.3,48.0,45.0
Steven Hernandez,Left Winger,UNCG,2025-10-14,Match Session,Whole Session,90.0,951.0,5374.0,60.0,271.0,31.0,144.0,10.0,8.4,92.1,1.0,40.0,50.0
Enzo Dovlo,Right Winger,UNCG,2025-10-14,Match Session,Whole Session,90.0,1234.0,6178.0,69.0,465.0,49.0,198.0,12.0,8.7,93.3,1.1,61.0,54.0
Ben,Centre Back,"Defense, UNCG",2025-10-16,Training Session,Whole Session,65.0,444.0,3536.0,54.0,9.0,1.0,0.0,0.0,6.4,79.2,0.9,45.0,35.0
Mason Dancy,Centre Back,"Defense, UNCG",2025-10-16,Training Session,Whole Session,65.0,537.0,3981.0,61.0,0.0,0.0,0.0,0.0,5.2,61.9,1.0,79.0,34.0
Jason Wynia,Centre Back,"Defense, UNCG",2025-10-16,Training Session,Whole Session,65.0,497.0,4069.0,63.0,11.0,2.0,0.0,0.0,6.0,72.2,1.0,57.0,43.0
bautista schmidt,Left Back,"Defense, UNCG",2025-10-16,Training Session,Whole Session,65.0,526.0,3866.0,59.0,23.0,4.0,4.0,1.0,7.0,86.4,1.0,89.0,59.0
Trym Linberg,Right Back,"Defense, UNCG",2025-10-16,Training Session,Whole Session,65.0,551.0,4084.0,63.0,15.0,1.0,0.0,0.0,5.9,68.9,1.0,103.0,49.0
Pablo Torre,Centre Forward,"FORWARDS, UNCG",2025-10-16,Training Session,Whole Session,65.0,555.0,4009.0,62.0,4.0,1.0,0.0,0.0,6.3,76.1,1.0,63.0,36.0
Mason Poveromo,Left Winger,"FORWARDS, UNCG",2025-10-16,Training Session,Whole Session,65.0,625.0,4162.0,64.0,57.0,5.0,5.0,1.0,7.0,84.1,1.1,78.0,61.0
Ethan lam,Centre Attacking Midfielder,"MIDS, UNCG",2025-10-16,Training Session,Whole Session,65.0,522.0,3927.0,60.0,3.0,1.0,0.0,0.0,5.5,71.0,1.0,84.0,38.0
Sigurd,Centre Midfielder,"MIDS, UNCG",2025-10-16,Training Session,Whole Session,65.0,715.0,4363.0,67.0,23.0,3.0,0.0,0.0,5.8,71.7,1.1,84.0,61.0
Robert elliott,Centre Defensive Midfielder,UNCG,2025-10-16,Training Session,Whole Session,65.0,494.0,3797.0,58.0,18.0,1.0,0.0,0.0,6.7,81.0,1.0,84.0,37.0
Magnus Kjoeller,Centre Defensive Midfielder,UNCG,2025-10-16,Training Session,Whole Session,65.0,553.0,4257.0,65.0,0.0,0.0,0.0,0.0,5.5,68.0,1.1,83.0,39.0
Colton Sessoms,Centre Forward,UNCG,2025-10-16,Training Session,Whole Session,65.0,388.0,3046.0,47.0,0.0,0.0,0.0,0.0,5.4,65.0,0.8,76.0,40.0
Xavi Wences,Centre Midfielder,UNCG,2025-10-16,Training Session,Whole Session,65.0,1168.0,4223.0,65.0,27.0,4.0,0.0,0.0,6.0,72.7,1.1,103.0,64.0
Steven Hernandez,Left Winger,UNCG,2025-10-16,Training Session,Whole Session,65.0,593.0,4071.0,63.0,33.0,4.0,0.0,0.0,6.5,71.2,1.0,85.0,55.0
Enzo Dovlo,Right Winger,UNCG,2025-10-16,Training Session,Whole Session,65.0,435.0,2769.0,43.0,0.0,0.0,0.0,0.0,5.0,53.9,0.7,67.0,35.0
Adam Rustami,Right Winger,UNCG,2025-10-16,Training Session,Whole Session,65.0,537.0,3761.0,58.0,7.0,1.0,0.0,0.0,6.3,74.1,1.0,69.0,29.0
Ben,Centre Back,"Defense, UNCG",2025-10-17,Training Session,Whole Session,90.0,384.0,3695.0,41.0,10.0,2.0,0.0,0.0,5.8,71.7,0.7,63.0,41.0
Mason Dancy,Centre Back,"Defense, UNCG",2025-10-17,Training Session,Whole Session,90.0,423.0,3942.0,44.0,0.0,0.0,0.0,0.0,5.4,63.6,0.7,53.0,37.0
Sami Lachekar,Centre Back,"Defense, UNCG",2025-10-17,Training Session,Whole Session,90.0,302.0,3507.0,39.0,0.0,0.0,0.0,0.0,5.0,58.3,0.6,26.0,4.0
Jason Wynia,Centre Back,"Defense, UNCG",2025-10-17,Training Session,Whole Session,90.0,380.0,4074.0,45.0,98.0,14.0,125.0,7.0,8.1,96.8,0.8,35.0,26.0
Mohammed Sumaila,Centre Back,"Defense, UNCG",2025-10-17,Training Session,Whole Session,90.0,406.0,3465.0,39.0,4.0,1.0,0.0,0.0,5.6,65.0,0.6,67.0,46.0
Téva Lossec,Left Back,"Defense, UNCG",2025-10-17,Training Session,Whole Session,90.0,359.0,2848.0,32.0,81.0,7.0,21.0,2.0,7.5,83.8,0.5,39.0,9.0
bautista schmidt,Left Back,"Defense, UNCG",2025-10-17,Training Session,Whole Session,90.0,277.0,2636.0,29.0,112.0,7.0,8.0,1.0,7.1,87.8,0.5,34.0,7.0
Trym Linberg,Right Back,"Defense, UNCG",2025-10-17,Training Session,Whole Session,90.0,414.0,3445.0,38.0,119.0,14.0,64.0,7.0,7.8,91.8,0.6,52.0,19.0
Kimito Fritz,Right Back,"Defense, UNCG",2025-10-17,Training Session,Whole Session,90.0,468.0,3828.0,43.0,130.0,15.0,92.0,7.0,7.7,87.1,0.7,43.0,22.0
Pablo Torre,Centre Forward,"FORWARDS, UNCG",2025-10-17,Training Session,Whole Session,90.0,523.0,4064.0,45.0,121.0,12.0,0.0,0.0,6.9,83.5,0.8,57.0,25.0
Mason Poveromo,Left Winger,"FORWARDS, UNCG",2025-10-17,Training Session,Whole Session,90.0,350.0,3093.0,34.0,101.0,6.0,0.0,0.0,6.8,81.3,0.6,39.0,23.0
Ethan lam,Centre Attacking Midfielder,"MIDS, UNCG",2025-10-17,Training Session,Whole Session,90.0,350.0,3063.0,34.0,77.0,5.0,0.0,0.0,6.6,85.3,0.6,44.0,15.0
Sigurd,Centre Midfielder,"MIDS, UNCG",2025-10-17,Training Session,Whole Session,90.0,580.0,4363.0,48.0,46.0,6.0,15.0,1.0,7.5,92.7,0.8,65.0,29.0
Issah Haruna,Centre Attacking Midfielder,UNCG,2025-10-17,Training Session,Whole Session,90.0,500.0,3578.0,40.0,126.0,14.0,14.0,2.0,7.2,88.5,0.7,51.0,26.0
Magnus Kjoeller,Centre Defensive Midfielder,UNCG,2025-10-17,Training Session,Whole Session,90.0,489.0,4147.0,46.0,57.0,6.0,0.0,0.0,6.2,77.5,0.8,57.0,28.0
Robert elliott,Centre Defensive Midfielder,UNCG,2025-10-17,Training Session,Whole Session,90.0,395.0,3453.0,38.0,21.0,3.0,0.0,0.0,6.4,76.9,0.6,43.0,14.0
julien le bourdoulous,Centre Defensive Midfielder,UNCG,2025-10-17,Training Session,Whole Session,90.0,0.0,0.0,0.0,0.0,0.0,0.0,0.0,0.1,0.7,0.0,0.0,0.0
Colton Sessoms,Centre Forward,UNCG,2025-10-17,Training Session,Whole Session,90.0,285.0,2746.0,31.0,74.0,7.0,8.0,1.0,7.0,84.5,0.5,39.0,17.0
Arnaud Tattevin,Centre Forward,UNCG,2025-10-17,Training Session,Whole Session,90.0,570.0,4168.0,46.0,180.0,17.0,0.0,0.0,6.3,71.9,0.8,71.0,37.0
Xavi Wences,Centre Midfielder,UNCG,2025-10-17,Training Session,Whole Session,90.0,884.0,3352.0,37.0,77.0,11.0,5.0,1.0,8.0,96.1,0.6,78.0,44.0
Daniel Longo,Centre Midfielder,UNCG,2025-10-17,Training Session,Whole Session,90.0,465.0,3923.0,44.0,41.0,4.0,0.0,0.0,6.1,78.1,0.7,75.0,23.0
Steven Hernandez,Left Winger,UNCG,2025-10-17,Training Session,Whole Session,90.0,493.0,3973.0,44.0,188.0,15.0,0.0,0.0,6.9,75.6,0.7,72.0,34.0
Enzo Dovlo,Right Winger,UNCG,2025-10-17,Training Session,Whole Session,90.0,581.0,4646.0,52.0,118.0,14.0,40.0,3.0,7.5,80.9,0.9,66.0,29.0
Adam Rustami,Right Winger,UNCG,2025-10-17,Training Session,Whole Session,90.0,496.0,3667.0,41.0,188.0,17.0,13.0,1.0,7.1,83.8,0.7,75.0,28.0
Sami Lachekar,Centre Back,"Defense, UNCG",2025-10-20,Training Session,Whole Session,90.0,0.0,1.0,0.0,0.0,0.0,0.0,0.0,0.1,0.7,0.0,0.0,0.0
Mason Dancy,Centre Back,"Defense, UNCG",2025-10-20,Training Session,Whole Session,90.0,132.0,1733.0,19.0,0.0,0.0,0.0,0.0,4.0,47.4,0.3,5.0,1.0
Jason Wynia,Centre Back,"Defense, UNCG",2025-10-20,Training Session,Whole Session,90.0,0.0,0.0,0.0,0.0,0.0,0.0,0.0,0.1,0.7,0.0,0.0,0.0
Mohammed Sumaila,Centre Back,"Defense, UNCG",2025-10-20,Training Session,Whole Session,90.0,141.0,1701.0,19.0,0.0,0.0,0.0,0.0,4.2,48.2,0.3,13.0,3.0
Ben,Centre Back,"Defense, UNCG",2025-10-20,Training Session,Whole Session,90.0,122.0,1534.0,17.0,0.0,0.0,0.0,0.0,3.6,44.9,0.3,5.0,2.0
Téva Lossec,Left Back,"Defense, UNCG",2025-10-20,Training Session,Whole Session,90.0,0.0,1.0,0.0,0.0,0.0,0.0,0.0,0.1,0.6,0.0,0.0,0.0
bautista schmidt,Left Back,"Defense, UNCG",2025-10-20,Training Session,Whole Session,90.0,113.0,1571.0,17.0,0.0,0.0,0.0,0.0,4.6,57.5,0.3,4.0,4.0
Kimito Fritz,Right Back,"Defense, UNCG",2025-10-20,Training Session,Whole Session,90.0,145.0,1765.0,20.0,0.0,0.0,0.0,0.0,3.6,40.9,0.3,7.0,1.0
Trym Linberg,Right Back,"Defense, UNCG",2025-10-20,Training Session,Whole Session,90.0,90.0,1252.0,14.0,0.0,0.0,0.0,0.0,3.5,40.7,0.2,1.0,2.0
Pablo Torre,Centre Forward,"FORWARDS, UNCG",2025-10-20,Training Session,Whole Session,90.0,0.0,0.0,0.0,0.0,0.0,0.0,0.0,0.1,0.7,0.0,0.0,0.0
Mason Poveromo,Left Winger,"FORWARDS, UNCG",2025-10-20,Training Session,Whole Session,90.0,153.0,1915.0,21.0,0.0,0.0,0.0,0.0,3.1,37.6,0.4,4.0,0.0
Ethan lam,Centre Attacking Midfielder,"MIDS, UNCG",2025-10-20,Training Session,Whole Session,90.0,0.0,0.0,0.0,0.0,0.0,0.0,0.0,0.1,1.2,0.0,0.0,0.0
Sigurd,Centre Midfielder,"MIDS, UNCG",2025-10-20,Training Session,Whole Session,90.0,214.0,2119.0,24.0,0.0,0.0,0.0,0.0,4.2,51.9,0.4,6.0,2.0
Issah Haruna,Centre Attacking Midfielder,UNCG,2025-10-20,Training Session,Whole Session,90.0,134.0,1448.0,16.0,0.0,0.0,0.0,0.0,3.1,38.0,0.3,4.0,1.0
Magnus Kjoeller,Centre Defensive Midfielder,UNCG,2025-10-20,Training Session,Whole Session,90.0,122.0,1802.0,20.0,0.0,0.0,0.0,0.0,4.7,58.5,0.3,10.0,3.0
Robert elliott,Centre Defensive Midfielder,UNCG,2025-10-20,Training Session,Whole Session,90.0,0.0,0.0,0.0,0.0,0.0,0.0,0.0,0.1,0.7,0.0,0.0,0.0
Arnaud Tattevin,Centre Forward,UNCG,2025-10-20,Training Session,Whole Session,90.0,0.0,1.0,0.0,0.0,0.0,0.0,0.0,0.1,0.8,0.0,0.0,0.0
Colton Sessoms,Centre Forward,UNCG,2025-10-20,Training Session,Whole Session,90.0,107.0,1420.0,16.0,0.0,0.0,0.0,0.0,3.6,43.6,0.3,2.0,0.0
Daniel Longo,Centre Midfielder,UNCG,2025-10-20,Training Session,Whole Session,90.0,157.0,1903.0,21.0,0.0,0.0,0.0,0.0,3.5,44.8,0.4,10.0,2.0
Xavi Wences,Centre Midfielder,UNCG,2025-10-20,Training Session,Whole Session,90.0,220.0,1374.0,15.0,0.0,0.0,0.0,0.0,4.0,47.6,0.3,6.0,2.0
Steven Hernandez,Left Winger,UNCG,2025-10-20,Training Session,Whole Session,90.0,146.0,1696.0,19.0,0.0,0.0,0.0,0.0,3.8,42.2,0.3,8.0,2.0
Adam Rustami,Right Winger,UNCG,2025-10-20,Training Session,Whole Session,90.0,169.0,1779.0,20.0,0.0,0.0,0.0,0.0,4.0,47.1,0.3,9.0,6.0
Enzo Dovlo,Right Winger,UNCG,2025-10-20,Training Session,Whole Session,90.0,205.0,2493.0,28.0,0.0,0.0,0.0,0.0,4.0,43.0,0.5,2.0,4.0
Mohammed Sumaila,Centre Back,"Defense, UNCG",2025-10-21,Match Session,Whole Session,90.0,1417.0,9264.0,103.0,192.0,23.0,64.0,5.0,8.4,97.3,1.7,78.0,93.0
Ben,Centre Back,"Defense, UNCG",2025-10-21,Match Session,Whole Session,90.0,222.0,1958.0,22.0,0.0,0.0,0.0,0.0,4.7,58.1,0.4,8.0,7.0
Sami Lachekar,Centre Back,"Defense, UNCG",2025-10-21,Match Session,Whole Session,90.0,1293.0,8696.0,97.0,132.0,12.0,5.0,1.0,7.0,81.0,1.6,38.0,49.0
Mason Dancy,Centre Back,"Defense, UNCG",2025-10-21,Match Session,Whole Session,90.0,163.0,1637.0,18.0,20.0,3.0,0.0,0.0,5.8,69.2,0.3,11.0,5.0
Jason Wynia,Centre Back,"Defense, UNCG",2025-10-21,Match Session,Whole Session,90.0,172.0,1764.0,20.0,0.0,0.0,0.0,0.0,4.5,54.2,0.3,9.0,2.0
Téva Lossec,Left Back,"Defense, UNCG",2025-10-21,Match Session,Whole Session,90.0,2069.0,10698.0,119.0,563.0,53.0,215.0,14.0,8.6,95.7,2.0,85.0,88.0
bautista schmidt,Left Back,"Defense, UNCG",2025-10-21,Match Session,Whole Session,90.0,83.0,1139.0,13.0,0.0,0.0,0.0,0.0,4.5,55.1,0.2,4.0,2.0
Trym Linberg,Right Back,"Defense, UNCG",2025-10-21,Match Session,Whole Session,90.0,198.0,2003.0,22.0,18.0,2.0,0.0,0.0,6.1,71.5,0.4,13.0,4.0
Kimito Fritz,Right Back,"Defense, UNCG",2025-10-21,Match Session,Whole Session,90.0,1506.0,9455.0,105.0,287.0,32.0,143.0,7.0,8.3,93.8,1.7,60.0,68.0
Pablo Torre,Centre Forward,"FORWARDS, UNCG",2025-10-21,Match Session,Whole Session,90.0,859.0,4862.0,54.0,294.0,23.0,58.0,5.0,7.7,92.9,0.9,34.0,40.0
Mason Poveromo,Left Winger,"FORWARDS, UNCG",2025-10-21,Match Session,Whole Session,90.0,109.0,1226.0,14.0,0.0,0.0,0.0,0.0,4.7,56.8,0.2,2.0,0.0
Ethan lam,Centre Attacking Midfielder,"MIDS, UNCG",2025-10-21,Match Session,Whole Session,90.0,146.0,1589.0,18.0,8.0,1.0,0.0,0.0,5.9,76.2,0.3,10.0,2.0
Sigurd,Centre Midfielder,"MIDS, UNCG",2025-10-21,Match Session,Whole Session,90.0,291.0,2153.0,24.0,67.0,8.0,0.0,0.0,6.7,83.1,0.4,8.0,9.0
Issah Haruna,Centre Attacking Midfielder,UNCG,2025-10-21,Match Session,Whole Session,90.0,1473.0,7129.0,79.0,392.0,39.0,43.0,4.0,7.9,96.6,1.3,68.0,61.0
Robert elliott,Centre Defensive Midfielder,UNCG,2025-10-21,Match Session,Whole Session,90.0,127.0,1365.0,15.0,0.0,0.0,0.0,0.0,5.3,63.5,0.3,7.0,3.0
Magnus Kjoeller,Centre Defensive Midfielder,UNCG,2025-10-21,Match Session,Whole Session,90.0,1623.0,11117.0,124.0,181.0,18.0,52.0,4.0,8.3,103.3,2.1,59.0,74.0
Colton Sessoms,Centre Forward,UNCG,2025-10-21,Match Session,Whole Session,90.0,704.0,4733.0,53.0,143.0,13.0,12.0,2.0,7.2,86.5,0.9,23.0,32.0
Arnaud Tattevin,Centre Forward,UNCG,2025-10-21,Match Session,Whole Session,90.0,1264.0,7293.0,81.0,400.0,37.0,133.0,6.0,8.2,93.2,1.3,48.0,50.0
Daniel Longo,Centre Midfielder,UNCG,2025-10-21,Match Session,Whole Session,90.0,1986.0,10800.0,120.0,349.0,35.0,66.0,4.0,7.7,98.7,2.0,55.0,93.0
Xavi Wences,Centre Midfielder,UNCG,2025-10-21,Match Session,Whole Session,90.0,201.0,1347.0,15.0,0.0,0.0,0.0,0.0,4.0,48.0,0.2,2.0,2.0
Steven Hernandez,Left Winger,UNCG,2025-10-21,Match Session,Whole Session,90.0,1825.0,10434.0,116.0,663.0,64.0,351.0,18.0,8.9,97.3,1.9,84.0,111.0
Adam Rustami,Right Winger,UNCG,2025-10-21,Match Session,Whole Session,90.0,179.0,1505.0,17.0,0.0,0.0,0.0,0.0,4.8,56.9,0.3,10.0,5.0
Enzo Dovlo,Right Winger,UNCG,2025-10-21,Match Session,Whole Session,90.0,2135.0,10884.0,121.0,597.0,66.0,335.0,17.0,8.9,96.4,2.0,81.0,103.0
Jason Wynia,Centre Back,"Defense, UNCG",2025-10-25,Match Session,Whole Session,90.0,196.0,2175.0,24.0,0.0,0.0,0.0,0.0,3.7,44.4,0.4,2.0,0.0
Mohammed Sumaila,Centre Back,"Defense, UNCG",2025-10-25,Match Session,Whole Session,90.0,1109.0,7413.0,82.0,240.0,26.0,32.0,3.0,7.6,87.8,1.4,79.0,56.0
Ben,Centre Back,"Defense, UNCG",2025-10-25,Match Session,Whole Session,90.0,492.0,3881.0,43.0,42.0,3.0,0.0,0.0,6.6,82.7,0.7,10.0,14.0
Mason Dancy,Centre Back,"Defense, UNCG",2025-10-25,Match Session,Whole Session,90.0,164.0,2204.0,24.0,0.0,0.0,0.0,0.0,3.8,45.2,0.4,2.0,0.0
Sami Lachekar,Centre Back,"Defense, UNCG",2025-10-25,Match Session,Whole Session,90.0,0.0,0.0,0.0,0.0,0.0,0.0,0.0,0.1,0.8,0.0,0.0,0.0
Téva Lossec,Left Back,"Defense, UNCG",2025-10-25,Match Session,Whole Session,90.0,2334.0,11708.0,130.0,627.0,60.0,137.0,11.0,8.3,92.5,2.2,81.0,93.0
bautista schmidt,Left Back,"Defense, UNCG",2025-10-25,Match Session,Whole Session,90.0,102.0,1627.0,18.0,0.0,0.0,0.0,0.0,3.1,38.3,0.3,2.0,0.0
Trym Linberg,Right Back,"Defense, UNCG",2025-10-25,Match Session,Whole Session,90.0,799.0,5387.0,60.0,213.0,24.0,66.0,5.0,8.0,94.0,1.0,33.0,43.0
Kimito Fritz,Right Back,"Defense, UNCG",2025-10-25,Match Session,Whole Session,90.0,1198.0,7342.0,82.0,251.0,25.0,95.0,5.0,8.0,90.6,1.4,35.0,50.0
Pablo Torre,Centre Forward,"FORWARDS, UNCG",2025-10-25,Match Session,Whole Session,90.0,1167.0,7406.0,82.0,235.0,25.0,72.0,5.0,7.8,94.3,1.4,70.0,47.0
Mason Poveromo,Left Winger,"FORWARDS, UNCG",2025-10-25,Match Session,Whole Session,90.0,104.0,1826.0,20.0,0.0,0.0,0.0,0.0,2.4,28.3,0.3,0.0,0.0
Ethan lam,Centre Attacking Midfielder,"MIDS, UNCG",2025-10-25,Match Session,Whole Session,90.0,252.0,2503.0,28.0,0.0,0.0,0.0,0.0,5.3,68.8,0.5,14.0,1.0
Sigurd,Centre Midfielder,"MIDS, UNCG",2025-10-25,Match Session,Whole Session,90.0,364.0,2892.0,32.0,40.0,4.0,0.0,0.0,6.4,79.9,0.5,11.0,13.0
Issah Haruna,Centre Attacking Midfielder,UNCG,2025-10-25,Match Session,Whole Session,90.0,1986.0,9921.0,110.0,294.0,40.0,23.0,4.0,7.2,88.8,1.8,88.0,90.0
Magnus Kjoeller,Centre Defensive Midfielder,UNCG,2025-10-25,Match Session,Whole Session,90.0,1282.0,8971.0,100.0,262.0,24.0,60.0,1.0,8.0,96.5,1.7,42.0,46.0
Robert elliott,Centre Defensive Midfielder,UNCG,2025-10-25,Match Session,Whole Session,90.0,130.0,1812.0,20.0,0.0,0.0,0.0,0.0,3.5,42.6,0.3,1.0,0.0
Arnaud Tattevin,Centre Forward,UNCG,2025-10-25,Match Session,Whole Session,90.0,1045.0,6837.0,76.0,353.0,32.0,84.0,7.0,7.8,89.3,1.3,48.0,52.0
Colton Sessoms,Centre Forward,UNCG,2025-10-25,Match Session,Whole Session,90.0,513.0,3949.0,44.0,91.0,8.0,6.0,1.0,7.0,85.1,0.7,15.0,26.0
Daniel Longo,Centre Midfielder,UNCG,2025-10-25,Match Session,Whole Session,90.0,1348.0,7723.0,86.0,181.0,15.0,0.0,0.0,7.0,88.8,1.4,44.0,50.0
Xavi Wences,Centre Midfielder,UNCG,2025-10-25,Match Session,Whole Session,90.0,174.0,1616.0,18.0,0.0,0.0,0.0,0.0,2.6,31.3,0.3,0.0,0.0
Steven Hernandez,Left Winger,UNCG,2025-10-25,Match Session,Whole Session,90.0,1418.0,8796.0,98.0,648.0,67.0,295.0,22.0,8.8,96.9,1.6,56.0,70.0
Adam Rustami,Right Winger,UNCG,2025-10-25,Match Session,Whole Session,90.0,231.0,2142.0,24.0,0.0,0.0,0.0,0.0,4.1,48.1,0.4,7.0,4.0
Enzo Dovlo,Right Winger,UNCG,2025-10-25,Match Session,Whole Session,90.0,1490.0,9499.0,106.0,583.0,57.0,230.0,13.0,8.5,91.4,1.8,77.0,75.0
Ben,Centre Back,"Defense, UNCG",2025-10-28,Training Session,Whole Session,70.0,302.0,2693.0,38.0,0.0,0.0,0.0,0.0,5.4,67.3,0.6,26.0,26.0
Mohammed Sumaila,Centre Back,"Defense, UNCG",2025-10-28,Training Session,Whole Session,70.0,412.0,2904.0,41.0,28.0,3.0,0.0,0.0,6.6,76.4,0.7,43.0,41.0
Jason Wynia,Centre Back,"Defense, UNCG",2025-10-28,Training Session,Whole Session,70.0,344.0,3137.0,45.0,60.0,7.0,0.0,0.0,6.2,73.6,0.7,36.0,30.0
Sami Lachekar,Centre Back,"Defense, UNCG",2025-10-28,Training Session,Whole Session,70.0,273.0,2520.0,36.0,16.0,1.0,0.0,0.0,6.1,70.5,0.6,16.0,14.0
Mason Dancy,Centre Back,"Defense, UNCG",2025-10-28,Training Session,Whole Session,70.0,322.0,2750.0,39.0,28.0,4.0,0.0,0.0,5.9,70.1,0.7,29.0,29.0
Téva Lossec,Left Back,"Defense, UNCG",2025-10-28,Training Session,Whole Session,70.0,526.0,3555.0,51.0,43.0,6.0,0.0,0.0,6.3,70.5,0.8,41.0,42.0
bautista schmidt,Left Back,"Defense, UNCG",2025-10-28,Training Session,Whole Session,70.0,336.0,2779.0,40.0,107.0,9.0,0.0,0.0,7.0,86.0,0.7,44.0,35.0
Kimito Fritz,Right Back,"Defense, UNCG",2025-10-28,Training Session,Whole Session,70.0,374.0,2952.0,42.0,59.0,6.0,0.0,0.0,6.6,74.6,0.7,40.0,38.0
Trym Linberg,Right Back,"Defense, UNCG",2025-10-28,Training Session,Whole Session,70.0,375.0,2940.0,42.0,60.0,6.0,0.0,0.0,6.6,76.8,0.7,44.0,33.0
Pablo Torre,Centre Forward,"FORWARDS, UNCG",2025-10-28,Training Session,Whole Session,70.0,394.0,3076.0,44.0,50.0,4.0,0.0,0.0,6.3,76.5,0.7,38.0,31.0
Mason Poveromo,Left Winger,"FORWARDS, UNCG",2025-10-28,Training Session,Whole Session,70.0,402.0,3121.0,45.0,59.0,5.0,0.0,0.0,6.8,81.2,0.7,38.0,35.0
Ethan lam,Centre Attacking Midfielder,"MIDS, UNCG",2025-10-28,Training Session,Whole Session,70.0,364.0,3013.0,43.0,20.0,4.0,0.0,0.0,5.8,75.1,0.7,34.0,31.0
Sigurd,Centre Midfielder,"MIDS, UNCG",2025-10-28,Training Session,Whole Session,70.0,537.0,3616.0,52.0,93.0,12.0,0.0,0.0,6.9,85.7,0.9,40.0,42.0
Issah Haruna,Centre Attacking Midfielder,UNCG,2025-10-28,Training Session,Whole Session,70.0,431.0,2699.0,39.0,45.0,7.0,0.0,0.0,6.1,74.8,0.6,38.0,44.0
Robert elliott,Centre Defensive Midfielder,UNCG,2025-10-28,Training Session,Whole Session,70.0,374.0,2776.0,40.0,29.0,5.0,0.0,0.0,6.1,73.8,0.7,45.0,28.0
Magnus Kjoeller,Centre Defensive Midfielder,UNCG,2025-10-28,Training Session,Whole Session,70.0,385.0,2947.0,42.0,89.0,10.0,0.0,0.0,6.7,80.4,0.7,44.0,34.0
Arnaud Tattevin,Centre Forward,UNCG,2025-10-28,Training Session,Whole Session,70.0,0.0,0.0,0.0,0.0,0.0,0.0,0.0,0.0,0.0,0.0,0.0,0.0
Colton Sessoms,Centre Forward,UNCG,2025-10-28,Training Session,Whole Session,70.0,260.0,2363.0,34.0,17.0,4.0,0.0,0.0,5.6,68.0,0.6,24.0,19.0
Daniel Longo,Centre Midfielder,UNCG,2025-10-28,Training Session,Whole Session,70.0,373.0,2847.0,41.0,84.0,9.0,0.0,0.0,6.9,88.0,0.7,35.0,30.0
Xavi Wences,Centre Midfielder,UNCG,2025-10-28,Training Session,Whole Session,70.0,686.0,2807.0,40.0,42.0,5.0,0.0,0.0,6.6,80.1,0.7,52.0,31.0
Steven Hernandez,Left Winger,UNCG,2025-10-28,Training Session,Whole Session,70.0,382.0,2812.0,40.0,47.0,7.0,4.0,1.0,7.0,77.1,0.7,40.0,32.0
Enzo Dovlo,Right Winger,UNCG,2025-10-28,Training Session,Whole Session,70.0,382.0,2933.0,42.0,30.0,4.0,0.0,0.0,5.8,62.8,0.7,41.0,33.0
Adam Rustami,Right Winger,UNCG,2025-10-28,Training Session,Whole Session,70.0,306.0,2830.0,40.0,5.0,1.0,0.0,0.0,5.5,65.6,0.7,30.0,19.0
Mason Dancy,Centre Back,"Defense, UNCG",2025-10-29,Training Session,Whole Session,82.0,643.0,4854.0,59.0,20.0,3.0,0.0,0.0,6.0,71.4,1.0,40.0,24.0
Sami Lachekar,Centre Back,"Defense, UNCG",2025-10-29,Training Session,Whole Session,82.0,0.0,0.0,0.0,0.0,0.0,0.0,0.0,0.1,1.3,0.0,0.0,0.0
Ben,Centre Back,"Defense, UNCG",2025-10-29,Training Session,Whole Session,82.0,561.0,4532.0,55.0,4.0,1.0,0.0,0.0,5.5,68.4,0.9,29.0,22.0
Mohammed Sumaila,Centre Back,"Defense, UNCG",2025-10-29,Training Session,Whole Session,82.0,0.0,0.0,0.0,0.0,0.0,0.0,0.0,0.1,1.1,0.0,0.0,0.0
Jason Wynia,Centre Back,"Defense, UNCG",2025-10-29,Training Session,Whole Session,82.0,0.0,0.0,0.0,0.0,0.0,0.0,0.0,0.1,1.1,0.0,0.0,0.0
bautista schmidt,Left Back,"Defense, UNCG",2025-10-29,Training Session,Whole Session,82.0,594.0,4280.0,52.0,161.0,17.0,49.0,4.0,7.5,92.2,0.9,70.0,50.0
Téva Lossec,Left Back,"Defense, UNCG",2025-10-29,Training Session,Whole Session,82.0,1024.0,6090.0,74.0,205.0,19.0,57.0,5.0,8.0,89.1,1.2,78.0,42.0
Kimito Fritz,Right Back,"Defense, UNCG",2025-10-29,Training Session,Whole Session,82.0,820.0,5338.0,65.0,207.0,24.0,76.0,8.0,7.9,89.5,1.1,76.0,39.0
Trym Linberg,Right Back,"Defense, UNCG",2025-10-29,Training Session,Whole Session,82.0,686.0,5018.0,61.0,114.0,17.0,51.0,6.0,7.5,87.6,1.0,68.0,44.0
Pablo Torre,Centre Forward,"FORWARDS, UNCG",2025-10-29,Training Session,Whole Session,82.0,0.0,0.0,0.0,0.0,0.0,0.0,0.0,0.1,1.1,0.0,0.0,0.0
Mason Poveromo,Left Winger,"FORWARDS, UNCG",2025-10-29,Training Session,Whole Session,82.0,513.0,3405.0,42.0,74.0,6.0,0.0,0.0,6.8,81.7,0.7,40.0,24.0
Ethan lam,Centre Attacking Midfielder,"MIDS, UNCG",2025-10-29,Training Session,Whole Session,82.0,0.0,0.0,0.0,0.0,0.0,0.0,0.0,0.1,1.4,0.0,0.0,0.0
Sigurd,Centre Midfielder,"MIDS, UNCG",2025-10-29,Training Session,Whole Session,82.0,866.0,5515.0,67.0,128.0,13.0,0.0,0.0,6.8,83.7,1.1,93.0,47.0
Issah Haruna,Centre Attacking Midfielder,UNCG,2025-10-29,Training Session,Whole Session,82.0,821.0,4925.0,60.0,158.0,14.0,0.0,0.0,6.9,84.3,1.0,77.0,57.0
Magnus Kjoeller,Centre Defensive Midfielder,UNCG,2025-10-29,Training Session,Whole Session,82.0,633.0,5057.0,62.0,104.0,13.0,13.0,1.0,7.6,92.2,1.0,52.0,29.0
Robert elliott,Centre Defensive Midfielder,UNCG,2025-10-29,Training Session,Whole Session,82.0,553.0,4453.0,54.0,19.0,2.0,0.0,0.0,6.2,75.6,0.9,45.0,18.0
Arnaud Tattevin,Centre Forward,UNCG,2025-10-29,Training Session,Whole Session,82.0,0.0,0.0,0.0,0.0,0.0,0.0,0.0,0.1,1.1,0.0,0.0,0.0
Colton Sessoms,Centre Forward,UNCG,2025-10-29,Training Session,Whole Session,82.0,508.0,4059.0,50.0,63.0,5.0,0.0,0.0,6.3,76.4,0.8,43.0,24.0
Xavi Wences,Centre Midfielder,UNCG,2025-10-29,Training Session,Whole Session,82.0,887.0,3230.0,39.0,42.0,6.0,0.0,0.0,6.5,78.5,0.7,28.0,33.0
Daniel Longo,Centre Midfielder,UNCG,2025-10-29,Training Session,Whole Session,82.0,707.0,4995.0,61.0,60.0,6.0,11.0,1.0,7.4,94.6,1.0,78.0,35.0
Steven Hernandez,Left Winger,UNCG,2025-10-29,Training Session,Whole Session,82.0,0.0,0.0,0.0,0.0,0.0,0.0,0.0,0.1,1.0,0.0,0.0,0.0
Adam Rustami,Right Winger,UNCG,2025-10-29,Training Session,Whole Session,82.0,522.0,3837.0,47.0,62.0,7.0,12.0,1.0,7.6,89.6,0.8,47.0,25.0
Enzo Dovlo,Right Winger,UNCG,2025-10-29,Training Session,Whole Session,82.0,652.0,4728.0,58.0,117.0,10.0,0.0,0.0,6.8,73.2,1.0,46.0,31.0
Sami Lachekar,Centre Back,"Defense, UNCG",2025-10-30,Training Session,Whole Session,110.0,35.0,278.0,3.0,0.0,0.0,0.0,0.0,2.6,30.7,0.0,2.0,0.0
Mohammed Sumaila,Centre Back,"Defense, UNCG",2025-10-30,Training Session,Whole Session,110.0,676.0,5083.0,46.0,36.0,5.0,10.0,1.0,7.4,85.0,0.8,65.0,43.0
Mason Dancy,Centre Back,"Defense, UNCG",2025-10-30,Training Session,Whole Session,110.0,703.0,5255.0,48.0,66.0,9.0,20.0,2.0,7.8,92.4,0.8,71.0,40.0
Ben,Centre Back,"Defense, UNCG",2025-10-30,Training Session,Whole Session,110.0,641.0,5173.0,47.0,11.0,1.0,0.0,0.0,6.3,78.0,0.8,42.0,24.0
Jason Wynia,Centre Back,"Defense, UNCG",2025-10-30,Training Session,Whole Session,110.0,729.0,5970.0,54.0,60.0,8.0,0.0,0.0,6.8,81.6,0.9,52.0,45.0
bautista schmidt,Left Back,"Defense, UNCG",2025-10-30,Training Session,Whole Session,110.0,683.0,5496.0,50.0,122.0,12.0,9.0,1.0,7.3,89.9,0.8,63.0,67.0
Téva Lossec,Left Back,"Defense, UNCG",2025-10-30,Training Session,Whole Session,110.0,655.0,4260.0,39.0,102.0,8.0,28.0,3.0,7.7,86.1,0.6,46.0,36.0
Trym Linberg,Right Back,"Defense, UNCG",2025-10-30,Training Session,Whole Session,110.0,829.0,5900.0,54.0,235.0,18.0,50.0,3.0,7.9,92.4,0.9,64.0,51.0
Kimito Fritz,Right Back,"Defense, UNCG",2025-10-30,Training Session,Whole Session,110.0,572.0,4302.0,39.0,38.0,6.0,0.0,0.0,6.5,73.6,0.7,50.0,36.0
Pablo Torre,Centre Forward,"FORWARDS, UNCG",2025-10-30,Training Session,Whole Session,110.0,639.0,5198.0,47.0,37.0,3.0,0.0,0.0,6.9,83.3,0.8,51.0,31.0
Mason Poveromo,Left Winger,"FORWARDS, UNCG",2025-10-30,Training Session,Whole Session,110.0,912.0,5823.0,53.0,136.0,18.0,33.0,3.0,7.7,92.2,0.9,60.0,54.0
Ethan lam,Centre Attacking Midfielder,"MIDS, UNCG",2025-10-30,Training Session,Whole Session,110.0,769.0,5764.0,52.0,83.0,11.0,4.0,1.0,7.1,91.1,0.9,71.0,65.0
Sigurd,Centre Midfielder,"MIDS, UNCG",2025-10-30,Training Session,Whole Session,110.0,1112.0,6567.0,60.0,115.0,14.0,5.0,1.0,7.1,87.7,1.0,66.0,51.0
Issah Haruna,Centre Attacking Midfielder,UNCG,2025-10-30,Training Session,Whole Session,110.0,656.0,4078.0,37.0,44.0,6.0,0.0,0.0,6.9,85.1,0.6,54.0,46.0
Robert elliott,Centre Defensive Midfielder,UNCG,2025-10-30,Training Session,Whole Session,110.0,803.0,5651.0,51.0,65.0,11.0,0.0,0.0,6.0,72.3,0.9,70.0,46.0
Magnus Kjoeller,Centre Defensive Midfielder,UNCG,2025-10-30,Training Session,Whole Session,110.0,861.0,6136.0,56.0,90.0,6.0,0.0,0.0,6.8,82.3,0.9,63.0,39.0
Colton Sessoms,Centre Forward,UNCG,2025-10-30,Training Session,Whole Session,110.0,665.0,5220.0,47.0,71.0,7.0,11.0,1.0,7.3,87.6,0.8,56.0,29.0
Arnaud Tattevin,Centre Forward,UNCG,2025-10-30,Training Session,Whole Session,110.0,30.0,277.0,3.0,0.0,0.0,0.0,0.0,2.1,23.4,0.0,1.0,1.0
Daniel Longo,Centre Midfielder,UNCG,2025-10-30,Training Session,Whole Session,110.0,963.0,6068.0,55.0,81.0,6.0,0.0,0.0,6.7,85.6,0.9,62.0,57.0
Xavi Wences,Centre Midfielder,UNCG,2025-10-30,Training Session,Whole Session,110.0,1082.0,3862.0,35.0,99.0,12.0,16.0,2.0,8.0,96.1,0.6,39.0,40.0
Steven Hernandez,Left Winger,UNCG,2025-10-30,Training Session,Whole Session,110.0,597.0,4362.0,40.0,33.0,4.0,13.0,1.0,7.5,82.2,0.7,41.0,37.0
Enzo Dovlo,Right Winger,UNCG,2025-10-30,Training Session,Whole Session,110.0,847.0,5650.0,51.0,130.0,17.0,15.0,1.0,7.3,78.7,0.9,65.0,54.0
Adam Rustami,Right Winger,UNCG,2025-10-30,Training Session,Whole Session,110.0,798.0,5407.0,49.0,85.0,10.0,15.0,1.0,7.5,88.2,0.8,59.0,44.0
Sami Lachekar,Centre Back,"Defense, UNCG",2025-10-31,Training Session,Whole Session,90.0,0.0,4.0,0.0,0.0,0.0,0.0,0.0,0.1,1.1,0.0,0.0,0.0
Mason Dancy,Centre Back,"Defense, UNCG",2025-10-31,Training Session,Whole Session,90.0,312.0,3050.0,34.0,0.0,0.0,0.0,0.0,5.1,60.6,0.6,30.0,9.0
Ben,Centre Back,"Defense, UNCG",2025-10-31,Training Session,Whole Session,90.0,312.0,2778.0,31.0,12.0,2.0,0.0,0.0,6.1,75.5,0.5,21.0,16.0
Jason Wynia,Centre Back,"Defense, UNCG",2025-10-31,Training Session,Whole Session,90.0,10.0,93.0,1.0,0.0,0.0,0.0,0.0,1.4,17.2,0.0,0.0,0.0
Mohammed Sumaila,Centre Back,"Defense, UNCG",2025-10-31,Training Session,Whole Session,90.0,463.0,3669.0,41.0,24.0,3.0,8.0,1.0,7.4,85.0,0.7,45.0,30.0
bautista schmidt,Left Back,"Defense, UNCG",2025-10-31,Training Session,Whole Session,90.0,0.0,6.0,0.0,0.0,0.0,0.0,0.0,0.1,1.4,0.0,0.0,0.0
Téva Lossec,Left Back,"Defense, UNCG",2025-10-31,Training Session,Whole Session,90.0,661.0,4173.0,46.0,109.0,10.0,4.0,1.0,7.0,78.5,0.8,46.0,29.0
Kimito Fritz,Right Back,"Defense, UNCG",2025-10-31,Training Session,Whole Session,90.0,672.0,4687.0,52.0,110.0,14.0,6.0,1.0,7.1,80.1,0.9,44.0,27.0
Trym Linberg,Right Back,"Defense, UNCG",2025-10-31,Training Session,Whole Session,90.0,550.0,4453.0,49.0,65.0,6.0,0.0,0.0,6.5,76.7,0.8,50.0,41.0
Pablo Torre,Centre Forward,"FORWARDS, UNCG",2025-10-31,Training Session,Whole Session,90.0,0.0,1.0,0.0,0.0,0.0,0.0,0.0,0.1,0.9,0.0,0.0,0.0
Mason Poveromo,Left Winger,"FORWARDS, UNCG",2025-10-31,Training Session,Whole Session,90.0,503.0,3732.0,41.0,50.0,6.0,0.0,0.0,6.6,79.2,0.7,26.0,25.0
Ethan lam,Centre Attacking Midfielder,"MIDS, UNCG",2025-10-31,Training Session,Whole Session,90.0,409.0,3516.0,39.0,0.0,0.0,0.0,0.0,5.5,70.5,0.6,25.0,25.0
Sigurd,Centre Midfielder,"MIDS, UNCG",2025-10-31,Training Session,Whole Session,90.0,0.0,0.0,0.0,0.0,0.0,0.0,0.0,0.1,1.1,0.0,0.0,0.0
Issah Haruna,Centre Attacking Midfielder,UNCG,2025-10-31,Training Session,Whole Session,90.0,517.0,3811.0,42.0,109.0,12.0,0.0,0.0,6.8,83.2,0.7,34.0,26.0
Robert elliott,Centre Defensive Midfielder,UNCG,2025-10-31,Training Session,Whole Session,90.0,357.0,3311.0,37.0,14.0,1.0,0.0,0.0,5.8,70.3,0.6,23.0,18.0
Magnus Kjoeller,Centre Defensive Midfielder,UNCG,2025-10-31,Training Session,Whole Session,90.0,191.0,1757.0,20.0,15.0,1.0,0.0,0.0,6.3,75.4,0.3,20.0,12.0
Colton Sessoms,Centre Forward,UNCG,2025-10-31,Training Session,Whole Session,90.0,286.0,2863.0,32.0,61.0,5.0,0.0,0.0,6.8,82.3,0.5,23.0,13.0
Arnaud Tattevin,Centre Forward,UNCG,2025-10-31,Training Session,Whole Session,90.0,0.0,25.0,0.0,0.0,0.0,0.0,0.0,0.1,1.3,0.0,0.0,0.0
Daniel Longo,Centre Midfielder,UNCG,2025-10-31,Training Session,Whole Session,90.0,592.0,4505.0,50.0,82.0,10.0,0.0,0.0,6.9,87.7,0.8,34.0,20.0
Xavi Wences,Centre Midfielder,UNCG,2025-10-31,Training Session,Whole Session,90.0,754.0,3093.0,34.0,16.0,3.0,0.0,0.0,5.9,71.2,0.6,24.0,19.0
Steven Hernandez,Left Winger,UNCG,2025-10-31,Training Session,Whole Session,90.0,0.0,4.0,0.0,0.0,0.0,0.0,0.0,0.1,0.9,0.0,0.0,0.0
Enzo Dovlo,Right Winger,UNCG,2025-10-31,Training Session,Whole Session,90.0,526.0,4216.0,47.0,108.0,11.0,33.0,3.0,7.5,81.1,0.8,31.0,28.0
Adam Rustami,Right Winger,UNCG,2025-10-31,Training Session,Whole Session,90.0,526.0,3722.0,41.0,75.0,8.0,20.0,3.0,7.3,85.8,0.7,45.0,33.0
Sami Lachekar,Centre Back,"Defense, UNCG",2025-11-01,Match Session,Whole Session,90.0,0.0,0.0,0.0,0.0,0.0,0.0,0.0,0.2,2.1,0.0,0.0,0.0
Jason Wynia,Centre Back,"Defense, UNCG",2025-11-01,Match Session,Whole Session,90.0,0.0,0.0,0.0,0.0,0.0,0.0,0.0,0.1,1.1,0.0,0.0,0.0
Ben,Centre Back,"Defense, UNCG",2025-11-01,Match Session,Whole Session,90.0,7.0,149.0,2.0,0.0,0.0,0.0,0.0,1.4,17.8,0.0,0.0,0.0
Mason Dancy,Centre Back,"Defense, UNCG",2025-11-01,Match Session,Whole Session,90.0,7.0,191.0,2.0,0.0,0.0,0.0,0.0,1.5,17.9,0.0,0.0,0.0
Mohammed Sumaila,Centre Back,"Defense, UNCG",2025-11-01,Match Session,Whole Session,90.0,1430.0,9371.0,104.0,179.0,25.0,122.0,4.0,8.8,101.7,1.7,115.0,52.0
bautista schmidt,Left Back,"Defense, UNCG",2025-11-01,Match Session,Whole Session,90.0,10.0,195.0,2.0,0.0,0.0,0.0,0.0,3.2,39.0,0.0,0.0,0.0
Téva Lossec,Left Back,"Defense, UNCG",2025-11-01,Match Session,Whole Session,90.0,2074.0,10964.0,122.0,501.0,47.0,194.0,8.0,8.8,98.3,2.0,81.0,85.0
Trym Linberg,Right Back,"Defense, UNCG",2025-11-01,Match Session,Whole Session,90.0,125.0,784.0,9.0,8.0,1.0,0.0,0.0,6.3,74.1,0.1,10.0,8.0
Kimito Fritz,Right Back,"Defense, UNCG",2025-11-01,Match Session,Whole Session,90.0,1786.0,9768.0,109.0,297.0,34.0,133.0,9.0,8.2,92.6,1.8,61.0,66.0
Pablo Torre,Centre Forward,"FORWARDS, UNCG",2025-11-01,Match Session,Whole Session,90.0,148.0,917.0,10.0,5.0,1.0,0.0,0.0,5.5,67.1,0.2,4.0,5.0
Mason Poveromo,Left Winger,"FORWARDS, UNCG",2025-11-01,Match Session,Whole Session,90.0,4.0,125.0,1.0,0.0,0.0,0.0,0.0,1.0,11.4,0.0,0.0,0.0
Ethan lam,Centre Attacking Midfielder,"MIDS, UNCG",2025-11-01,Match Session,Whole Session,90.0,4.0,113.0,1.0,0.0,0.0,0.0,0.0,1.4,17.9,0.0,0.0,0.0
Sigurd,Centre Midfielder,"MIDS, UNCG",2025-11-01,Match Session,Whole Session,90.0,11.0,187.0,2.0,0.0,0.0,0.0,0.0,2.0,24.8,0.0,0.0,0.0
Issah Haruna,Centre Attacking Midfielder,UNCG,2025-11-01,Match Session,Whole Session,90.0,1845.0,9299.0,103.0,372.0,40.0,43.0,4.0,7.9,96.8,1.7,88.0,98.0
Robert elliott,Centre Defensive Midfielder,UNCG,2025-11-01,Match Session,Whole Session,90.0,5.0,129.0,1.0,0.0,0.0,0.0,0.0,1.2,14.6,0.0,0.0,0.0
Magnus Kjoeller,Centre Defensive Midfielder,UNCG,2025-11-01,Match Session,Whole Session,90.0,1452.0,10003.0,111.0,298.0,27.0,46.0,4.0,7.7,92.4,1.9,60.0,61.0
Arnaud Tattevin,Centre Forward,UNCG,2025-11-01,Match Session,Whole Session,90.0,1366.0,8412.0,93.0,449.0,42.0,128.0,10.0,8.9,101.1,1.6,67.0,54.0
Colton Sessoms,Centre Forward,UNCG,2025-11-01,Match Session,Whole Session,90.0,127.0,931.0,10.0,24.0,2.0,0.0,0.0,6.9,83.0,0.2,6.0,7.0
Xavi Wences,Centre Midfielder,UNCG,2025-11-01,Match Session,Whole Session,90.0,18.0,166.0,2.0,0.0,0.0,0.0,0.0,1.7,20.8,0.0,0.0,0.0
Daniel Longo,Centre Midfielder,UNCG,2025-11-01,Match Session,Whole Session,90.0,1822.0,10401.0,116.0,354.0,32.0,27.0,4.0,7.6,96.8,1.9,67.0,67.0
Steven Hernandez,Left Winger,UNCG,2025-11-01,Match Session,Whole Session,90.0,1618.0,9330.0,104.0,485.0,56.0,155.0,11.0,7.8,85.6,1.7,72.0,68.0
Enzo Dovlo,Right Winger,UNCG,2025-11-01,Match Session,Whole Session,90.0,0.0,0.0,0.0,0.0,0.0,0.0,0.0,0.1,1.3,0.0,0.0,0.0
Adam Rustami,Right Winger,UNCG,2025-11-01,Match Session,Whole Session,90.0,5.0,113.0,1.0,0.0,0.0,0.0,0.0,1.5,17.7,0.0,0.0,0.0
Sami Lachekar,Centre Back,"Defense, UNCG",2025-11-06,Training Session,Whole Session,75.0,0.0,8.0,0.0,0.0,0.0,0.0,0.0,0.1,1.2,0.0,0.0,0.0
Jason Wynia,Centre Back,"Defense, UNCG",2025-11-06,Training Session,Whole Session,75.0,409.0,3587.0,48.0,43.0,6.0,0.0,0.0,6.6,78.7,0.8,41.0,16.0
Mason Dancy,Centre Back,"Defense, UNCG",2025-11-06,Training Session,Whole Session,75.0,0.0,1.0,0.0,0.0,0.0,0.0,0.0,0.1,1.2,0.0,0.0,0.0
Mohammed Sumaila,Centre Back,"Defense, UNCG",2025-11-06,Training Session,Whole Session,75.0,0.0,3.0,0.0,0.0,0.0,0.0,0.0,0.1,1.0,0.0,0.0,0.0
Ben,Centre Back,"Defense, UNCG",2025-11-06,Training Session,Whole Session,75.0,280.0,2743.0,37.0,4.0,1.0,0.0,0.0,5.5,68.4,0.6,21.0,11.0
Téva Lossec,Left Back,"Defense, UNCG",2025-11-06,Training Session,Whole Session,75.0,0.0,1.0,0.0,0.0,0.0,0.0,0.0,0.1,1.1,0.0,0.0,0.0
bautista schmidt,Left Back,"Defense, UNCG",2025-11-06,Training Session,Whole Session,75.0,5.0,45.0,1.0,0.0,0.0,0.0,0.0,1.7,20.7,0.0,0.0,0.0
Kimito Fritz,Right Back,"Defense, UNCG",2025-11-06,Training Session,Whole Session,75.0,505.0,3768.0,50.0,52.0,8.0,0.0,0.0,6.1,68.3,0.8,57.0,18.0
Trym Linberg,Right Back,"Defense, UNCG",2025-11-06,Training Session,Whole Session,75.0,0.0,1.0,0.0,0.0,0.0,0.0,0.0,0.1,1.2,0.0,0.0,0.0
Pablo Torre,Centre Forward,"FORWARDS, UNCG",2025-11-06,Training Session,Whole Session,75.0,7.0,46.0,1.0,0.0,0.0,0.0,0.0,1.9,23.2,0.0,0.0,0.0
Mason Poveromo,Left Winger,"FORWARDS, UNCG",2025-11-06,Training Session,Whole Session,75.0,432.0,3424.0,46.0,53.0,5.0,0.0,0.0,6.4,76.8,0.8,35.0,13.0
Ethan lam,Centre Attacking Midfielder,"MIDS, UNCG",2025-11-06,Training Session,Whole Session,75.0,0.0,5.0,0.0,0.0,0.0,0.0,0.0,0.1,1.5,0.0,0.0,0.0
Sigurd,Centre Midfielder,"MIDS, UNCG",2025-11-06,Training Session,Whole Session,75.0,614.0,4231.0,56.0,54.0,7.0,0.0,0.0,6.4,79.2,0.9,62.0,32.0
Issah Haruna,Centre Attacking Midfielder,UNCG,2025-11-06,Training Session,Whole Session,75.0,0.0,1.0,0.0,0.0,0.0,0.0,0.0,0.1,1.0,0.0,0.0,0.0
julien le bourdoulous,Centre Defensive Midfielder,UNCG,2025-11-06,Training Session,Whole Session,75.0,0.0,1.0,0.0,0.0,0.0,0.0,0.0,0.1,1.1,0.0,0.0,0.0
Robert elliott,Centre Defensive Midfielder,UNCG,2025-11-06,Training Session,Whole Session,75.0,0.0,3.0,0.0,0.0,0.0,0.0,0.0,0.1,1.2,0.0,0.0,0.0
Magnus Kjoeller,Centre Defensive Midfielder,UNCG,2025-11-06,Training Session,Whole Session,75.0,406.0,3655.0,49.0,22.0,3.0,0.0,0.0,5.9,70.7,0.8,36.0,17.0
Arnaud Tattevin,Centre Forward,UNCG,2025-11-06,Training Session,Whole Session,75.0,0.0,2.0,0.0,0.0,0.0,0.0,0.0,0.1,1.4,0.0,0.0,0.0
Colton Sessoms,Centre Forward,UNCG,2025-11-06,Training Session,Whole Session,75.0,0.0,3.0,0.0,0.0,0.0,0.0,0.0,0.1,1.0,0.0,0.0,0.0
Daniel Longo,Centre Midfielder,UNCG,2025-11-06,Training Session,Whole Session,75.0,0.0,1.0,0.0,0.0,0.0,0.0,0.0,0.1,1.4,0.0,0.0,0.0
Xavi Wences,Centre Midfielder,UNCG,2025-11-06,Training Session,Whole Session,75.0,735.0,3063.0,41.0,30.0,4.0,0.0,0.0,6.0,72.6,0.7,38.0,17.0
Steven Hernandez,Left Winger,UNCG,2025-11-06,Training Session,Whole Session,75.0,0.0,1.0,0.0,0.0,0.0,0.0,0.0,0.1,0.9,0.0,0.0,0.0
Adam Rustami,Right Winger,UNCG,2025-11-06,Training Session,Whole Session,75.0,0.0,2.0,0.0,0.0,0.0,0.0,0.0,0.1,1.0,0.0,0.0,0.0
Enzo Dovlo,Right Winger,UNCG,2025-11-06,Training Session,Whole Session,75.0,558.0,4329.0,58.0,61.0,8.0,0.0,0.0,6.7,71.7,1.0,33.0,25.0
Mason Dancy,Centre Back,"Defense, UNCG",2025-11-07,Match Session,Whole Session,90.0,623.0,4344.0,48.0,63.0,7.0,4.0,1.0,7.1,81.7,0.8,32.0,22.0
Ben,Centre Back,"Defense, UNCG",2025-11-07,Match Session,Whole Session,90.0,505.0,3921.0,44.0,72.0,6.0,0.0,0.0,6.8,84.4,0.7,18.0,12.0
Mohammed Sumaila,Centre Back,"Defense, UNCG",2025-11-07,Match Session,Whole Session,90.0,758.0,5114.0,57.0,244.0,23.0,95.0,4.0,8.9,101.4,0.9,55.0,24.0
bautista schmidt,Left Back,"Defense, UNCG",2025-11-07,Match Session,Whole Session,90.0,768.0,4940.0,55.0,238.0,18.0,87.0,5.0,7.6,93.1,0.9,43.0,41.0
Trym Linberg,Right Back,"Defense, UNCG",2025-11-07,Match Session,Whole Session,90.0,715.0,4920.0,55.0,196.0,18.0,62.0,2.0,8.9,104.0,0.9,45.0,28.0
Pablo Torre,Centre Forward,"FORWARDS, UNCG",2025-11-07,Match Session,Whole Session,90.0,722.0,4911.0,55.0,129.0,13.0,74.0,4.0,8.4,101.8,0.9,32.0,21.0
Mason Poveromo,Left Winger,"FORWARDS, UNCG",2025-11-07,Match Session,Whole Session,90.0,837.0,4952.0,55.0,294.0,26.0,112.0,6.0,8.5,101.5,0.9,21.0,36.0
Ethan lam,Centre Attacking Midfielder,"MIDS, UNCG",2025-11-07,Match Session,Whole Session,90.0,529.0,3457.0,38.0,130.0,9.0,34.0,1.0,7.3,91.7,0.6,32.0,16.0
Sigurd,Centre Midfielder,"MIDS, UNCG",2025-11-07,Match Session,Whole Session,90.0,1005.0,5495.0,61.0,197.0,18.0,47.0,3.0,8.0,98.1,1.0,36.0,30.0
Steven Hernandez,Left Winger,UNCG,2025-11-07,Match Session,Whole Session,90.0,649.0,4281.0,48.0,181.0,14.0,7.0,1.0,7.0,76.5,0.8,33.0,34.0
Bendix Bennetzen,Centre Midfielder,,2025-11-07,Match Session,Whole Session,,,,,,,,,,,,,
Tiago Mendes de Campos,Centre Midfielder,,2025-11-07,Match Session,Whole Session,,,,,,,,,,,,,
Sho Haggerty,Right Back,,2025-11-07,Match Session,Whole Session,,,,,,,,,,,,,
Jack Shannon,,,2025-11-07,Match Session,Whole Session,,,,,,,,,,,,,
Caleb Borneo,,,2025-11-07,Match Session,Whole Session,,,,,,,,,,,,,
Jason Wynia,Centre Back,"Defense, UNCG",2025-11-09,Match Session,Whole Session,90.0,0.0,0.0,0.0,0.0,0.0,0.0,0.0,0.0,0.0,0.0,0.0,0.0
Mason Dancy,Centre Back,"Defense, UNCG",2025-11-09,Match Session,Whole Session,90.0,66.0,674.0,7.0,0.0,0.0,0.0,0.0,3.4,40.9,0.1,1.0,0.0
Ben,Centre Back,"Defense, UNCG",2025-11-09,Match Session,Whole Session,90.0,61.0,682.0,8.0,0.0,0.0,0.0,0.0,5.0,61.9,0.1,1.0,1.0
Mohammed Sumaila,Centre Back,"Defense, UNCG",2025-11-09,Match Session,Whole Session,90.0,1381.0,8445.0,94.0,270.0,19.0,58.0,2.0,8.6,95.9,1.6,79.0,57.0
Sami Lachekar,Centre Back,"Defense, UNCG",2025-11-09,Match Session,Whole Session,90.0,1192.0,7629.0,85.0,109.0,11.0,0.0,0.0,6.3,73.6,1.4,44.0,43.0
bautista schmidt,Left Back,"Defense, UNCG",2025-11-09,Match Session,Whole Session,90.0,43.0,518.0,6.0,0.0,0.0,0.0,0.0,3.4,42.0,0.1,1.0,0.0
Téva Lossec,Left Back,"Defense, UNCG",2025-11-09,Match Session,Whole Session,90.0,1918.0,9702.0,108.0,492.0,40.0,148.0,12.0,8.3,92.6,1.8,48.0,61.0
Trym Linberg,Right Back,"Defense, UNCG",2025-11-09,Match Session,Whole Session,90.0,9.0,104.0,1.0,0.0,0.0,0.0,0.0,2.2,26.3,0.0,0.0,0.0
Kimito Fritz,Right Back,"Defense, UNCG",2025-11-09,Match Session,Whole Session,90.0,1509.0,8579.0,95.0,418.0,39.0,171.0,12.0,8.4,94.8,1.6,68.0,62.0
Pablo Torre,Centre Forward,"FORWARDS, UNCG",2025-11-09,Match Session,Whole Session,90.0,0.0,0.0,0.0,0.0,0.0,0.0,0.0,0.0,0.5,0.0,0.0,0.0
Mason Poveromo,Left Winger,"FORWARDS, UNCG",2025-11-09,Match Session,Whole Session,90.0,50.0,567.0,6.0,0.0,0.0,0.0,0.0,3.0,35.8,0.1,0.0,1.0
Ethan lam,Centre Attacking Midfielder,"MIDS, UNCG",2025-11-09,Match Session,Whole Session,90.0,47.0,542.0,6.0,0.0,0.0,0.0,0.0,4.1,53.2,0.1,1.0,0.0
Sigurd,Centre Midfielder,"MIDS, UNCG",2025-11-09,Match Session,Whole Session,90.0,155.0,989.0,11.0,0.0,0.0,0.0,0.0,5.0,62.2,0.2,4.0,4.0
Issah Haruna,Centre Attacking Midfielder,UNCG,2025-11-09,Match Session,Whole Session,90.0,1638.0,8249.0,92.0,482.0,46.0,20.0,4.0,7.1,87.6,1.5,88.0,88.0
julien le bourdoulous,Centre Defensive Midfielder,UNCG,2025-11-09,Match Session,Whole Session,90.0,0.0,0.0,0.0,0.0,0.0,0.0,0.0,0.1,0.7,0.0,0.0,0.0
Robert elliott,Centre Defensive Midfielder,UNCG,2025-11-09,Match Session,Whole Session,90.0,32.0,306.0,3.0,0.0,0.0,0.0,0.0,3.4,41.4,0.1,1.0,0.0
Magnus Kjoeller,Centre Defensive Midfielder,UNCG,2025-11-09,Match Session,Whole Session,90.0,1266.0,8845.0,98.0,179.0,20.0,0.0,0.0,6.8,82.1,1.6,42.0,59.0
Colton Sessoms,Centre Forward,UNCG,2025-11-09,Match Session,Whole Session,90.0,63.0,501.0,6.0,0.0,0.0,0.0,0.0,4.6,55.5,0.1,2.0,0.0
Arnaud Tattevin,Centre Forward,UNCG,2025-11-09,Match Session,Whole Session,90.0,1540.0,8410.0,93.0,590.0,49.0,159.0,14.0,8.6,97.2,1.6,70.0,75.0
Xavi Wences,Centre Midfielder,UNCG,2025-11-09,Match Session,Whole Session,90.0,92.0,583.0,6.0,0.0,0.0,0.0,0.0,3.3,40.1,0.1,1.0,0.0
Daniel Longo,Centre Midfielder,UNCG,2025-11-09,Match Session,Whole Session,90.0,1667.0,8907.0,99.0,140.0,18.0,32.0,1.0,8.5,108.6,1.6,59.0,65.0
Steven Hernandez,Left Winger,UNCG,2025-11-09,Match Session,Whole Session,90.0,1521.0,8719.0,97.0,545.0,56.0,220.0,15.0,8.3,90.7,1.6,61.0,74.0
Adam Rustami,Right Winger,UNCG,2025-11-09,Match Session,Whole Session,90.0,77.0,711.0,8.0,0.0,0.0,0.0,0.0,3.3,39.3,0.1,2.0,0.0
Enzo Dovlo,Right Winger,UNCG,2025-11-09,Match Session,Whole Session,90.0,1588.0,8770.0,97.0,684.0,66.0,311.0,17.0,8.8,95.0,1.6,68.0,72.0
Mason Dancy,Centre Back,"Defense, UNCG",2025-11-12,Training Session,Whole Session,95.0,720.0,5492.0,58.0,0.0,0.0,0.0,0.0,5.1,60.7,1.0,85.0,46.0
Jason Wynia,Centre Back,"Defense, UNCG",2025-11-12,Training Session,Whole Session,95.0,802.0,6048.0,64.0,13.0,3.0,9.0,1.0,7.4,88.6,1.1,95.0,51.0
Ben,Centre Back,"Defense, UNCG",2025-11-12,Training Session,Whole Session,95.0,667.0,5366.0,56.0,0.0,0.0,0.0,0.0,5.0,62.0,0.9,64.0,44.0
Mohammed Sumaila,Centre Back,"Defense, UNCG",2025-11-12,Training Session,Whole Session,95.0,364.0,2981.0,31.0,0.0,0.0,0.0,0.0,4.8,53.7,0.5,47.0,16.0
Sami Lachekar,Centre Back,"Defense, UNCG",2025-11-12,Training Session,Whole Session,95.0,0.0,1.0,0.0,0.0,0.0,0.0,0.0,0.2,1.9,0.0,0.0,0.0
bautista schmidt,Left Back,"Defense, UNCG",2025-11-12,Training Session,Whole Session,95.0,771.0,5655.0,60.0,24.0,5.0,0.0,0.0,6.0,74.0,1.0,104.0,77.0
Téva Lossec,Left Back,"Defense, UNCG",2025-11-12,Training Session,Whole Session,95.0,539.0,3908.0,41.0,0.0,0.0,0.0,0.0,5.0,55.9,0.7,52.0,22.0
Kimito Fritz,Right Back,"Defense, UNCG",2025-11-12,Training Session,Whole Session,95.0,464.0,3645.0,38.0,0.0,0.0,0.0,0.0,5.0,56.5,0.6,54.0,17.0
Trym Linberg,Right Back,"Defense, UNCG",2025-11-12,Training Session,Whole Session,95.0,742.0,5600.0,59.0,22.0,3.0,0.0,0.0,5.9,69.4,1.0,91.0,75.0
Pablo Torre,Centre Forward,"FORWARDS, UNCG",2025-11-12,Training Session,Whole Session,95.0,0.0,1.0,0.0,0.0,0.0,0.0,0.0,0.1,1.8,0.0,0.0,0.0
Mason Poveromo,Left Winger,"FORWARDS, UNCG",2025-11-12,Training Session,Whole Session,95.0,929.0,6227.0,66.0,24.0,3.0,0.0,0.0,6.3,76.1,1.1,74.0,57.0
Ethan lam,Centre Attacking Midfielder,"MIDS, UNCG",2025-11-12,Training Session,Whole Session,95.0,837.0,5989.0,63.0,7.0,1.0,0.0,0.0,5.7,74.2,1.0,82.0,35.0
Sigurd,Centre Midfielder,"MIDS, UNCG",2025-11-12,Training Session,Whole Session,95.0,1077.0,6592.0,69.0,8.0,1.0,0.0,0.0,6.2,76.4,1.2,96.0,89.0
Issah Haruna,Centre Attacking Midfielder,UNCG,2025-11-12,Training Session,Whole Session,95.0,655.0,4260.0,45.0,0.0,0.0,0.0,0.0,5.1,63.0,0.7,72.0,39.0
Robert elliott,Centre Defensive Midfielder,UNCG,2025-11-12,Training Session,Whole Session,95.0,702.0,5207.0,55.0,12.0,2.0,0.0,0.0,6.0,72.7,0.9,78.0,47.0
julien le bourdoulous,Centre Defensive Midfielder,UNCG,2025-11-12,Training Session,Whole Session,95.0,0.0,3.0,0.0,0.0,0.0,0.0,0.0,0.1,1.3,0.0,0.0,0.0
Magnus Kjoeller,Centre Defensive Midfielder,UNCG,2025-11-12,Training Session,Whole Session,95.0,347.0,3343.0,35.0,0.0,0.0,0.0,0.0,5.1,61.5,0.6,64.0,14.0
Colton Sessoms,Centre Forward,UNCG,2025-11-12,Training Session,Whole Session,95.0,574.0,5182.0,55.0,9.0,1.0,0.0,0.0,6.4,77.1,0.9,61.0,23.0
Daniel Longo,Centre Midfielder,UNCG,2025-11-12,Training Session,Whole Session,95.0,362.0,2854.0,30.0,0.0,0.0,0.0,0.0,4.3,50.4,0.5,51.0,15.0
Xavi Wences,Centre Midfielder,UNCG,2025-11-12,Training Session,Whole Session,95.0,1474.0,5756.0,61.0,20.0,4.0,0.0,0.0,5.8,69.4,1.0,97.0,89.0
Steven Hernandez,Left Winger,UNCG,2025-11-12,Training Session,Whole Session,95.0,646.0,2376.0,25.0,0.0,0.0,0.0,0.0,5.2,57.0,0.4,50.0,27.0
Adam Rustami,Right Winger,UNCG,2025-11-12,Training Session,Whole Session,95.0,777.0,4814.0,51.0,26.0,4.0,0.0,0.0,6.1,72.6,0.8,86.0,69.0
Enzo Dovlo,Right Winger,UNCG,2025-11-12,Training Session,Whole Session,95.0,668.0,4199.0,44.0,0.0,0.0,0.0,0.0,5.4,58.4,0.7,63.0,37.0
Mohammed Sumaila,Centre Back,"Defense, UNCG",2025-11-13,Training Session,Whole Session,100.0,737.0,5534.0,55.0,79.0,10.0,11.0,1.0,7.2,81.1,0.9,54.0,31.0
Mason Dancy,Centre Back,"Defense, UNCG",2025-11-13,Training Session,Whole Session,100.0,612.0,4797.0,48.0,125.0,10.0,6.0,1.0,7.1,84.5,0.8,32.0,28.0
Sami Lachekar,Centre Back,"Defense, UNCG",2025-11-13,Training Session,Whole Session,100.0,0.0,0.0,0.0,0.0,0.0,0.0,0.0,0.1,0.8,0.0,0.0,0.0
Ben,Centre Back,"Defense, UNCG",2025-11-13,Training Session,Whole Session,100.0,438.0,4155.0,42.0,27.0,4.0,0.0,0.0,6.6,81.9,0.7,23.0,22.0
Jason Wynia,Centre Back,"Defense, UNCG",2025-11-13,Training Session,Whole Session,100.0,492.0,4170.0,42.0,124.0,13.0,34.0,3.0,8.1,97.1,0.7,30.0,35.0
Téva Lossec,Left Back,"Defense, UNCG",2025-11-13,Training Session,Whole Session,100.0,874.0,5759.0,58.0,237.0,18.0,102.0,4.0,8.2,91.6,1.0,35.0,36.0
bautista schmidt,Left Back,"Defense, UNCG",2025-11-13,Training Session,Whole Session,100.0,417.0,3705.0,37.0,69.0,7.0,37.0,2.0,7.8,96.7,0.6,34.0,26.0
Trym Linberg,Right Back,"Defense, UNCG",2025-11-13,Training Session,Whole Session,100.0,594.0,4935.0,49.0,113.0,13.0,28.0,3.0,7.5,87.8,0.8,43.0,34.0
Kimito Fritz,Right Back,"Defense, UNCG",2025-11-13,Training Session,Whole Session,100.0,945.0,6142.0,61.0,310.0,33.0,51.0,5.0,7.7,87.1,1.0,53.0,47.0
Pablo Torre,Centre Forward,"FORWARDS, UNCG",2025-11-13,Training Session,Whole Session,100.0,0.0,0.0,0.0,0.0,0.0,0.0,0.0,0.1,0.9,0.0,0.0,0.0
Mason Poveromo,Left Winger,"FORWARDS, UNCG",2025-11-13,Training Session,Whole Session,100.0,791.0,5442.0,54.0,232.0,25.0,116.0,8.0,8.1,97.7,0.9,36.0,42.0
Ethan lam,Centre Attacking Midfielder,"MIDS, UNCG",2025-11-13,Training Session,Whole Session,100.0,416.0,3522.0,35.0,105.0,7.0,0.0,0.0,6.5,84.4,0.6,23.0,20.0
Sigurd,Centre Midfielder,"MIDS, UNCG",2025-11-13,Training Session,Whole Session,100.0,878.0,5814.0,58.0,135.0,13.0,0.0,0.0,6.5,80.4,1.0,56.0,33.0
Issah Haruna,Centre Attacking Midfielder,UNCG,2025-11-13,Training Session,Whole Session,100.0,731.0,4590.0,46.0,225.0,19.0,15.0,3.0,7.0,86.3,0.8,56.0,35.0
Robert elliott,Centre Defensive Midfielder,UNCG,2025-11-13,Training Session,Whole Session,100.0,579.0,4406.0,44.0,75.0,5.0,0.0,0.0,6.8,81.8,0.7,32.0,25.0
julien le bourdoulous,Centre Defensive Midfielder,UNCG,2025-11-13,Training Session,Whole Session,100.0,0.0,0.0,0.0,0.0,0.0,0.0,0.0,0.1,1.0,0.0,0.0,0.0
Magnus Kjoeller,Centre Defensive Midfielder,UNCG,2025-11-13,Training Session,Whole Session,100.0,565.0,4751.0,48.0,44.0,4.0,0.0,0.0,6.4,76.9,0.8,40.0,24.0
Arnaud Tattevin,Centre Forward,UNCG,2025-11-13,Training Session,Whole Session,100.0,0.0,0.0,0.0,0.0,0.0,0.0,0.0,0.1,1.2,0.0,0.0,0.0
Colton Sessoms,Centre Forward,UNCG,2025-11-13,Training Session,Whole Session,100.0,514.0,4423.0,44.0,200.0,21.0,53.0,2.0,8.2,99.1,0.7,34.0,27.0
Xavi Wences,Centre Midfielder,UNCG,2025-11-13,Training Session,Whole Session,100.0,960.0,3607.0,36.0,70.0,10.0,4.0,1.0,7.1,85.0,0.6,17.0,34.0
Daniel Longo,Centre Midfielder,UNCG,2025-11-13,Training Session,Whole Session,100.0,584.0,4300.0,43.0,13.0,3.0,0.0,0.0,5.9,68.8,0.7,28.0,14.0
Steven Hernandez,Left Winger,UNCG,2025-11-13,Training Session,Whole Session,100.0,934.0,6028.0,60.0,252.0,26.0,71.0,5.0,8.1,88.6,1.0,67.0,47.0
Enzo Dovlo,Right Winger,UNCG,2025-11-13,Training Session,Whole Session,100.0,689.0,5221.0,52.0,143.0,14.0,61.0,4.0,7.9,85.1,0.9,49.0,30.0
Adam Rustami,Right Winger,UNCG,2025-11-13,Training Session,Whole Session,100.0,691.0,5058.0,51.0,153.0,17.0,49.0,3.0,8.1,96.0,0.8,40.0,42.0
Jason Wynia,Centre Back,"Defense, UNCG",2025-11-14,Training Session,Whole Session,100.0,475.0,4067.0,41.0,64.0,8.0,0.0,0.0,6.4,76.3,0.7,36.0,32.0
Mason Dancy,Centre Back,"Defense, UNCG",2025-11-14,Training Session,Whole Session,100.0,602.0,4652.0,47.0,58.0,7.0,30.0,1.0,8.6,102.7,0.8,36.0,31.0
Sami Lachekar,Centre Back,"Defense, UNCG",2025-11-14,Training Session,Whole Session,100.0,640.0,5434.0,54.0,31.0,5.0,0.0,0.0,6.2,71.4,0.9,36.0,19.0
Mohammed Sumaila,Centre Back,"Defense, UNCG",2025-11-14,Training Session,Whole Session,100.0,684.0,5246.0,52.0,73.0,11.0,27.0,2.0,7.9,88.3,0.9,53.0,42.0
Ben,Centre Back,"Defense, UNCG",2025-11-14,Training Session,Whole Session,100.0,440.0,4460.0,45.0,70.0,7.0,4.0,1.0,7.0,86.7,0.7,25.0,23.0
bautista schmidt,Left Back,"Defense, UNCG",2025-11-14,Training Session,Whole Session,100.0,432.0,3625.0,36.0,100.0,12.0,12.0,1.0,7.1,88.2,0.6,37.0,29.0
Téva Lossec,Left Back,"Defense, UNCG",2025-11-14,Training Session,Whole Session,100.0,974.0,6210.0,62.0,337.0,30.0,142.0,7.0,8.8,98.3,1.0,58.0,42.0
Kimito Fritz,Right Back,"Defense, UNCG",2025-11-14,Training Session,Whole Session,100.0,790.0,5480.0,55.0,227.0,25.0,63.0,4.0,8.2,92.3,0.9,68.0,55.0
Trym Linberg,Right Back,"Defense, UNCG",2025-11-14,Training Session,Whole Session,100.0,0.0,0.0,0.0,0.0,0.0,0.0,0.0,0.1,1.0,0.0,0.0,0.0
Pablo Torre,Centre Forward,"FORWARDS, UNCG",2025-11-14,Training Session,Whole Session,100.0,0.0,0.0,0.0,0.0,0.0,0.0,0.0,0.1,1.0,0.0,0.0,0.0
Mason Poveromo,Left Winger,"FORWARDS, UNCG",2025-11-14,Training Session,Whole Session,100.0,474.0,3657.0,37.0,67.0,7.0,5.0,1.0,7.2,86.1,0.6,16.0,24.0
Ethan lam,Centre Attacking Midfielder,"MIDS, UNCG",2025-11-14,Training Session,Whole Session,100.0,165.0,1659.0,17.0,0.0,0.0,0.0,0.0,5.1,65.4,0.3,17.0,8.0
Sigurd,Centre Midfielder,"MIDS, UNCG",2025-11-14,Training Session,Whole Session,100.0,987.0,6096.0,61.0,186.0,19.0,12.0,1.0,7.5,92.7,1.0,42.0,38.0
Issah Haruna,Centre Attacking Midfielder,UNCG,2025-11-14,Training Session,Whole Session,100.0,804.0,4796.0,48.0,167.0,19.0,22.0,2.0,7.6,93.9,0.8,63.0,54.0
Robert elliott,Centre Defensive Midfielder,UNCG,2025-11-14,Training Session,Whole Session,100.0,417.0,3424.0,34.0,22.0,1.0,0.0,0.0,6.5,78.2,0.6,32.0,22.0
Magnus Kjoeller,Centre Defensive Midfielder,UNCG,2025-11-14,Training Session,Whole Session,100.0,711.0,5837.0,58.0,131.0,12.0,12.0,1.0,7.8,93.5,1.0,36.0,44.0
julien le bourdoulous,Centre Defensive Midfielder,UNCG,2025-11-14,Training Session,Whole Session,100.0,686.0,5405.0,54.0,15.0,1.0,0.0,0.0,6.3,79.9,0.9,35.0,25.0
Arnaud Tattevin,Centre Forward,UNCG,2025-11-14,Training Session,Whole Session,100.0,0.0,0.0,0.0,0.0,0.0,0.0,0.0,0.1,1.1,0.0,0.0,0.0
Colton Sessoms,Centre Forward,UNCG,2025-11-14,Training Session,Whole Session,100.0,602.0,4950.0,50.0,124.0,12.0,26.0,2.0,7.8,94.7,0.8,38.0,40.0
Daniel Longo,Centre Midfielder,UNCG,2025-11-14,Training Session,Whole Session,100.0,1016.0,6264.0,63.0,83.0,10.0,0.0,0.0,6.4,74.8,1.0,56.0,40.0
Xavi Wences,Centre Midfielder,UNCG,2025-11-14,Training Session,Whole Session,100.0,1075.0,4023.0,40.0,120.0,19.0,32.0,4.0,7.5,90.5,0.7,45.0,39.0
Steven Hernandez,Left Winger,UNCG,2025-11-14,Training Session,Whole Session,100.0,694.0,4884.0,49.0,171.0,19.0,23.0,3.0,7.4,80.9,0.8,40.0,38.0
Enzo Dovlo,Right Winger,UNCG,2025-11-14,Training Session,Whole Session,100.0,0.0,0.0,0.0,0.0,0.0,0.0,0.0,0.0,0.0,0.0,0.0,0.0
Adam Rustami,Right Winger,UNCG,2025-11-14,Training Session,Whole Session,100.0,683.0,4781.0,48.0,114.0,14.0,18.0,2.0,7.8,92.5,0.8,44.0,41.0
Sami Lachekar,Centre Back,"Defense, UNCG",2025-11-16,Match Session,Whole Session,110.0,0.0,0.0,0.0,0.0,0.0,0.0,0.0,0.1,1.3,0.0,0.0,0.0
Jason Wynia,Centre Back,"Defense, UNCG",2025-11-16,Match Session,Whole Session,110.0,0.0,0.0,0.0,0.0,0.0,0.0,0.0,0.0,0.0,0.0,0.0,0.0
Mohammed Sumaila,Centre Back,"Defense, UNCG",2025-11-16,Match Session,Whole Session,110.0,810.0,5928.0,54.0,219.0,21.0,10.0,2.0,7.2,80.4,0.9,44.0,45.0
Mason Dancy,Centre Back,"Defense, UNCG",2025-11-16,Match Session,Whole Session,110.0,71.0,1374.0,12.0,0.0,0.0,0.0,0.0,4.3,49.5,0.2,0.0,1.0
Ben,Centre Back,"Defense, UNCG",2025-11-16,Match Session,Whole Session,110.0,269.0,3217.0,29.0,34.0,3.0,23.0,2.0,7.4,91.6,0.5,12.0,4.0
Téva Lossec,Left Back,"Defense, UNCG",2025-11-16,Match Session,Whole Session,110.0,1119.0,6481.0,59.0,286.0,28.0,16.0,1.0,7.7,85.6,1.0,40.0,43.0
bautista schmidt,Left Back,"Defense, UNCG",2025-11-16,Match Session,Whole Session,110.0,264.0,2847.0,26.0,69.0,4.0,22.0,2.0,7.4,91.6,0.4,16.0,8.0
Kimito Fritz,Right Back,"Defense, UNCG",2025-11-16,Match Session,Whole Session,110.0,1148.0,7841.0,71.0,253.0,25.0,41.0,5.0,7.6,85.3,1.2,70.0,61.0
Trym Linberg,Right Back,"Defense, UNCG",2025-11-16,Match Session,Whole Session,110.0,207.0,1925.0,18.0,61.0,8.0,0.0,0.0,6.8,79.1,0.3,12.0,14.0
Pablo Torre,Centre Forward,"FORWARDS, UNCG",2025-11-16,Match Session,Whole Session,110.0,0.0,1.0,0.0,0.0,0.0,0.0,0.0,0.1,1.6,0.0,0.0,0.0
Mason Poveromo,Left Winger,"FORWARDS, UNCG",2025-11-16,Match Session,Whole Session,110.0,351.0,3839.0,35.0,36.0,2.0,7.0,1.0,7.1,85.5,0.6,18.0,10.0
Ethan lam,Centre Attacking Midfielder,"MIDS, UNCG",2025-11-16,Match Session,Whole Session,110.0,0.0,1.0,0.0,0.0,0.0,0.0,0.0,0.1,1.0,0.0,0.0,0.0
Sigurd,Centre Midfielder,"MIDS, UNCG",2025-11-16,Match Session,Whole Session,110.0,0.0,1.0,0.0,0.0,0.0,0.0,0.0,0.1,1.5,0.0,0.0,0.0
Issah Haruna,Centre Attacking Midfielder,UNCG,2025-11-16,Match Session,Whole Session,110.0,1133.0,6253.0,57.0,206.0,28.0,29.0,4.0,7.3,90.2,0.9,59.0,57.0
Robert elliott,Centre Defensive Midfielder,UNCG,2025-11-16,Match Session,Whole Session,110.0,0.0,0.0,0.0,0.0,0.0,0.0,0.0,0.1,1.1,0.0,0.0,0.0
julien le bourdoulous,Centre Defensive Midfielder,UNCG,2025-11-16,Match Session,Whole Session,110.0,239.0,2199.0,20.0,38.0,5.0,10.0,2.0,7.2,90.7,0.3,9.0,7.0
Magnus Kjoeller,Centre Defensive Midfielder,UNCG,2025-11-16,Match Session,Whole Session,110.0,886.0,6866.0,62.0,87.0,11.0,19.0,1.0,7.6,91.9,1.0,25.0,28.0
Arnaud Tattevin,Centre Forward,UNCG,2025-11-16,Match Session,Whole Session,110.0,0.0,0.0,0.0,0.0,0.0,0.0,0.0,0.1,1.3,0.0,0.0,0.0
Colton Sessoms,Centre Forward,UNCG,2025-11-16,Match Session,Whole Session,110.0,452.0,4036.0,37.0,26.0,3.0,0.0,0.0,6.3,76.2,0.6,30.0,23.0
Xavi Wences,Centre Midfielder,UNCG,2025-11-16,Match Session,Whole Session,110.0,0.0,0.0,0.0,0.0,0.0,0.0,0.0,0.1,1.0,0.0,0.0,0.0
Daniel Longo,Centre Midfielder,UNCG,2025-11-16,Match Session,Whole Session,110.0,1031.0,6138.0,56.0,192.0,19.0,0.0,0.0,6.8,79.8,0.9,40.0,26.0
Steven Hernandez,Left Winger,UNCG,2025-11-16,Match Session,Whole Session,110.0,1261.0,7954.0,72.0,300.0,33.0,140.0,9.0,8.4,91.7,1.2,69.0,67.0
Adam Rustami,Right Winger,UNCG,2025-11-16,Match Session,Whole Session,110.0,366.0,3359.0,31.0,88.0,5.0,4.0,1.0,7.1,84.1,0.5,23.0,18.0
Enzo Dovlo,Right Winger,UNCG,2025-11-16,Match Session,Whole Session,110.0,0.0,0.0,0.0,0.0,0.0,0.0,0.0,0.1,0.9,0.0,0.0,0.0
Sami Lachekar,Centre Back,"Defense, UNCG",2025-11-19,Training Session,Whole Session,95.0,0.0,3.0,0.0,0.0,0.0,0.0,0.0,0.1,0.9,0.0,0.0,0.0
Jason Wynia,Centre Back,"Defense, UNCG",2025-11-19,Training Session,Whole Session,95.0,254.0,2962.0,31.0,85.0,9.0,39.0,2.0,7.3,87.0,0.5,16.0,15.0
Mason Dancy,Centre Back,"Defense, UNCG",2025-11-19,Training Session,Whole Session,95.0,306.0,3006.0,32.0,0.0,0.0,0.0,0.0,5.0,57.4,0.5,16.0,8.0
Ben,Centre Back,"Defense, UNCG",2025-11-19,Training Session,Whole Session,95.0,207.0,2502.0,26.0,0.0,0.0,0.0,0.0,4.6,57.8,0.4,17.0,11.0
Mohammed Sumaila,Centre Back,"Defense, UNCG",2025-11-19,Training Session,Whole Session,95.0,40.0,167.0,2.0,0.0,0.0,0.0,0.0,3.6,40.6,0.0,3.0,1.0
Téva Lossec,Left Back,"Defense, UNCG",2025-11-19,Training Session,Whole Session,95.0,22.0,269.0,3.0,0.0,0.0,0.0,0.0,2.5,27.7,0.0,0.0,0.0
bautista schmidt,Left Back,"Defense, UNCG",2025-11-19,Training Session,Whole Session,95.0,275.0,3115.0,33.0,102.0,10.0,38.0,5.0,7.5,93.3,0.5,21.0,10.0
Trym Linberg,Right Back,"Defense, UNCG",2025-11-19,Training Session,Whole Session,95.0,0.0,89.0,1.0,0.0,0.0,0.0,0.0,0.0,0.0,0.0,0.0,0.0
Kimito Fritz,Right Back,"Defense, UNCG",2025-11-19,Training Session,Whole Session,95.0,4.0,138.0,1.0,0.0,0.0,0.0,0.0,1.9,21.4,0.0,0.0,0.0
Pablo Torre,Centre Forward,"FORWARDS, UNCG",2025-11-19,Training Session,Whole Session,95.0,0.0,0.0,0.0,0.0,0.0,0.0,0.0,0.0,0.0,0.0,0.0,0.0
Mason Poveromo,Left Winger,"FORWARDS, UNCG",2025-11-19,Training Session,Whole Session,95.0,462.0,4108.0,43.0,228.0,21.0,22.0,3.0,7.3,87.3,0.7,18.0,23.0
Ethan lam,Centre Attacking Midfielder,"MIDS, UNCG",2025-11-19,Training Session,Whole Session,95.0,287.0,2981.0,31.0,0.0,0.0,0.0,0.0,5.4,70.0,0.5,24.0,6.0
Sigurd,Centre Midfielder,"MIDS, UNCG",2025-11-19,Training Session,Whole Session,95.0,499.0,4008.0,42.0,21.0,2.0,0.0,0.0,5.8,71.4,0.7,35.0,19.0
Issah Haruna,Centre Attacking Midfielder,UNCG,2025-11-19,Training Session,Whole Session,95.0,3.0,40.0,0.0,0.0,0.0,0.0,0.0,1.5,17.9,0.0,0.0,0.0
Magnus Kjoeller,Centre Defensive Midfielder,UNCG,2025-11-19,Training Session,Whole Session,95.0,18.0,217.0,2.0,0.0,0.0,0.0,0.0,2.5,30.5,0.0,0.0,0.0
Robert elliott,Centre Defensive Midfielder,UNCG,2025-11-19,Training Session,Whole Session,95.0,1.0,8.0,0.0,0.0,0.0,0.0,0.0,1.4,16.6,0.0,0.0,0.0
Arnaud Tattevin,Centre Forward,UNCG,2025-11-19,Training Session,Whole Session,95.0,0.0,1.0,0.0,0.0,0.0,0.0,0.0,0.2,2.0,0.0,0.0,0.0
Colton Sessoms,Centre Forward,UNCG,2025-11-19,Training Session,Whole Session,95.0,357.0,3268.0,34.0,125.0,8.0,0.0,0.0,6.8,82.8,0.6,21.0,21.0
Daniel Longo,Centre Midfielder,UNCG,2025-11-19,Training Session,Whole Session,95.0,44.0,258.0,3.0,0.0,0.0,0.0,0.0,2.3,27.6,0.0,0.0,0.0
Xavi Wences,Centre Midfielder,UNCG,2025-11-19,Training Session,Whole Session,95.0,607.0,2747.0,29.0,8.0,2.0,0.0,0.0,5.6,67.2,0.5,21.0,10.0
Steven Hernandez,Left Winger,UNCG,2025-11-19,Training Session,Whole Session,95.0,35.0,308.0,3.0,0.0,0.0,0.0,0.0,2.6,28.0,0.1,0.0,0.0
Enzo Dovlo,Right Winger,UNCG,2025-11-19,Training Session,Whole Session,95.0,0.0,0.0,0.0,0.0,0.0,0.0,0.0,0.0,0.0,0.0,0.0,0.0
Adam Rustami,Right Winger,UNCG,2025-11-19,Training Session,Whole Session,95.0,555.0,4333.0,46.0,188.0,20.0,25.0,2.0,8.5,99.9,0.8,47.0,35.0
Jason Wynia,Centre Back,"Defense, UNCG",2025-11-20,Match Session,Whole Session,90.0,0.0,2.0,0.0,0.0,0.0,0.0,0.0,0.5,6.4,0.0,0.0,0.0
Sami Lachekar,Centre Back,"Defense, UNCG",2025-11-20,Match Session,Whole Session,90.0,0.0,2.0,0.0,0.0,0.0,0.0,0.0,0.5,5.3,0.0,0.0,0.0
Mohammed Sumaila,Centre Back,"Defense, UNCG",2025-11-20,Match Session,Whole Session,90.0,1231.0,8150.0,91.0,190.0,19.0,76.0,4.0,8.2,91.8,1.5,82.0,55.0
Mason Dancy,Centre Back,"Defense, UNCG",2025-11-20,Match Session,Whole Session,90.0,7.0,173.0,2.0,0.0,0.0,0.0,0.0,1.5,17.4,0.0,0.0,0.0
Ben,Centre Back,"Defense, UNCG",2025-11-20,Match Session,Whole Session,90.0,5.0,124.0,1.0,0.0,0.0,0.0,0.0,1.3,16.4,0.0,0.0,0.0
Téva Lossec,Left Back,"Defense, UNCG",2025-11-20,Match Session,Whole Session,90.0,1672.0,9063.0,101.0,472.0,48.0,119.0,10.0,7.8,87.5,1.7,64.0,66.0
bautista schmidt,Left Back,"Defense, UNCG",2025-11-20,Match Session,Whole Session,90.0,9.0,208.0,2.0,0.0,0.0,0.0,0.0,1.5,18.3,0.0,0.0,0.0
Kimito Fritz,Right Back,"Defense, UNCG",2025-11-20,Match Session,Whole Session,90.0,1506.0,8123.0,90.0,252.0,28.0,40.0,5.0,7.6,86.0,1.5,63.0,61.0
Trym Linberg,Right Back,"Defense, UNCG",2025-11-20,Match Session,Whole Session,90.0,8.0,126.0,1.0,0.0,0.0,0.0,0.0,3.1,35.8,0.0,0.0,0.0
Pablo Torre,Centre Forward,"FORWARDS, UNCG",2025-11-20,Match Session,Whole Session,90.0,13.0,195.0,2.0,0.0,0.0,0.0,0.0,2.2,27.2,0.0,0.0,0.0
Mason Poveromo,Left Winger,"FORWARDS, UNCG",2025-11-20,Match Session,Whole Session,90.0,4.0,87.0,1.0,0.0,0.0,0.0,0.0,1.3,15.4,0.0,0.0,0.0
Ethan lam,Centre Attacking Midfielder,"MIDS, UNCG",2025-11-20,Match Session,Whole Session,90.0,0.0,1.0,0.0,0.0,0.0,0.0,0.0,0.5,6.9,0.0,0.0,0.0
Sigurd,Centre Midfielder,"MIDS, UNCG",2025-11-20,Match Session,Whole Session,90.0,26.0,278.0,3.0,0.0,0.0,0.0,0.0,2.9,36.1,0.1,0.0,0.0
Issah Haruna,Centre Attacking Midfielder,UNCG,2025-11-20,Match Session,Whole Session,90.0,1745.0,8341.0,93.0,546.0,53.0,54.0,7.0,7.8,96.6,1.5,93.0,85.0
Magnus Kjoeller,Centre Defensive Midfielder,UNCG,2025-11-20,Match Session,Whole Session,90.0,1391.0,9272.0,103.0,174.0,21.0,14.0,2.0,7.2,86.3,1.7,45.0,69.0
julien le bourdoulous,Centre Defensive Midfielder,UNCG,2025-11-20,Match Session,Whole Session,90.0,0.0,2.0,0.0,0.0,0.0,0.0,0.0,0.5,6.2,0.0,0.0,0.0
Robert elliott,Centre Defensive Midfielder,UNCG,2025-11-20,Match Session,Whole Session,90.0,0.0,1.0,0.0,0.0,0.0,0.0,0.0,0.5,5.5,0.0,0.0,0.0
Colton Sessoms,Centre Forward,UNCG,2025-11-20,Match Session,Whole Session,90.0,15.0,166.0,2.0,0.0,0.0,0.0,0.0,3.0,36.4,0.0,0.0,0.0
Arnaud Tattevin,Centre Forward,UNCG,2025-11-20,Match Session,Whole Session,90.0,1328.0,7907.0,88.0,421.0,36.0,109.0,7.0,8.2,92.1,1.5,54.0,60.0
Daniel Longo,Centre Midfielder,UNCG,2025-11-20,Match Session,Whole Session,90.0,1651.0,9031.0,100.0,174.0,19.0,0.0,0.0,6.8,79.9,1.7,57.0,51.0
Xavi Wences,Centre Midfielder,UNCG,2025-11-20,Match Session,Whole Session,90.0,22.0,334.0,4.0,0.0,0.0,0.0,0.0,2.0,24.7,0.1,0.0,0.0
Steven Hernandez,Left Winger,UNCG,2025-11-20,Match Session,Whole Session,90.0,1442.0,8327.0,93.0,535.0,53.0,178.0,11.0,8.3,90.8,1.5,57.0,72.0
Adam Rustami,Right Winger,UNCG,2025-11-20,Match Session,Whole Session,90.0,6.0,165.0,2.0,0.0,0.0,0.0,0.0,1.6,19.4,0.0,0.0,0.0
Enzo Dovlo,Right Winger,UNCG,2025-11-20,Match Session,Whole Session,90.0,0.0,2.0,0.0,0.0,0.0,0.0,0.0,0.5,5.5,0.0,0.0,0.0
Sami Lachekar,Centre Back,"Defense, UNCG",2025-11-23,Match Session,Whole Session,180.0,0.0,0.0,0.0,0.0,0.0,0.0,0.0,0.0,0.0,0.0,0.0,0.0
Mason Dancy,Centre Back,"Defense, UNCG",2025-11-23,Match Session,Whole Session,180.0,207.0,2257.0,13.0,31.0,2.0,18.0,1.0,7.4,85.7,0.2,1.0,2.0
Ben,Centre Back,"Defense, UNCG",2025-11-23,Match Session,Whole Session,180.0,208.0,2116.0,12.0,36.0,2.0,0.0,0.0,6.8,84.7,0.2,1.0,1.0
Jason Wynia,Centre Back,"Defense, UNCG",2025-11-23,Match Session,Whole Session,180.0,277.0,2929.0,16.0,22.0,2.0,14.0,1.0,7.1,84.8,0.3,5.0,1.0
Mohammed Sumaila,Centre Back,"Defense, UNCG",2025-11-23,Match Session,Whole Session,180.0,2150.0,13835.0,77.0,321.0,32.0,85.0,5.0,7.8,87.3,1.3,114.0,88.0
Téva Lossec,Left Back,"Defense, UNCG",2025-11-23,Match Session,Whole Session,180.0,2825.0,14960.0,83.0,802.0,62.0,150.0,12.0,8.5,95.5,1.4,121.0,128.0
bautista schmidt,Left Back,"Defense, UNCG",2025-11-23,Match Session,Whole Session,180.0,173.0,1781.0,10.0,4.0,1.0,0.0,0.0,5.6,69.5,0.2,11.0,2.0
Kimito Fritz,Right Back,"Defense, UNCG",2025-11-23,Match Session,Whole Session,180.0,2392.0,13740.0,76.0,434.0,36.0,65.0,5.0,8.0,89.8,1.3,87.0,106.0
Trym Linberg,Right Back,"Defense, UNCG",2025-11-23,Match Session,Whole Session,180.0,456.0,4462.0,25.0,84.0,8.0,62.0,4.0,8.3,96.7,0.4,20.0,21.0
Pablo Torre,Centre Forward,"FORWARDS, UNCG",2025-11-23,Match Session,Whole Session,180.0,952.0,5968.0,33.0,206.0,20.0,19.0,3.0,7.2,87.1,0.6,43.0,26.0
Mason Poveromo,Left Winger,"FORWARDS, UNCG",2025-11-23,Match Session,Whole Session,180.0,241.0,2317.0,13.0,24.0,2.0,0.0,0.0,6.1,73.0,0.2,5.0,4.0
Ethan lam,Centre Attacking Midfielder,"MIDS, UNCG",2025-11-23,Match Session,Whole Session,180.0,0.0,0.0,0.0,0.0,0.0,0.0,0.0,0.0,0.0,0.0,0.0,0.0
Sigurd,Centre Midfielder,"MIDS, UNCG",2025-11-23,Match Session,Whole Session,180.0,887.0,5022.0,28.0,164.0,11.0,5.0,1.0,7.0,87.1,0.5,28.0,25.0
Issah Haruna,Centre Attacking Midfielder,UNCG,2025-11-23,Match Session,Whole Session,180.0,2992.0,13860.0,77.0,601.0,57.0,42.0,4.0,7.4,91.5,1.3,140.0,136.0
Magnus Kjoeller,Centre Defensive Midfielder,UNCG,2025-11-23,Match Session,Whole Session,180.0,2318.0,14500.0,81.0,444.0,40.0,61.0,3.0,7.8,94.0,1.3,85.0,90.0
Robert elliott,Centre Defensive Midfielder,UNCG,2025-11-23,Match Session,Whole Session,180.0,0.0,0.0,0.0,0.0,0.0,0.0,0.0,0.0,0.0,0.0,0.0,0.0
Arnaud Tattevin,Centre Forward,UNCG,2025-11-23,Match Session,Whole Session,180.0,2158.0,11996.0,67.0,638.0,52.0,161.0,10.0,8.2,92.2,1.1,95.0,80.0
Colton Sessoms,Centre Forward,UNCG,2025-11-23,Match Session,Whole Session,180.0,741.0,4803.0,27.0,191.0,12.0,37.0,2.0,7.8,94.3,0.4,24.0,25.0
Daniel Longo,Centre Midfielder,UNCG,2025-11-23,Match Session,Whole Session,180.0,3005.0,15620.0,87.0,525.0,42.0,43.0,6.0,7.2,85.0,1.4,77.0,101.0
Xavi Wences,Centre Midfielder,UNCG,2025-11-23,Match Session,Whole Session,180.0,345.0,2362.0,13.0,6.0,1.0,0.0,0.0,5.6,67.3,0.2,8.0,4.0
Steven Hernandez,Left Winger,UNCG,2025-11-23,Match Session,Whole Session,180.0,2208.0,12231.0,68.0,634.0,59.0,180.0,14.0,8.3,91.4,1.1,83.0,102.0
Adam Rustami,Right Winger,UNCG,2025-11-23,Match Session,Whole Session,180.0,0.0,0.0,0.0,0.0,0.0,0.0,0.0,0.0,0.0,0.0,0.0,0.0
Enzo Dovlo,Right Winger,UNCG,2025-11-23,Match Session,Whole Session,180.0,2681.0,14799.0,82.0,637.0,64.0,232.0,17.0,8.9,96.3,1.4,106.0,117.0
Mason Dancy,Centre Back,"Defense, UNCG",2025-11-26,Training Session,Whole Session,70.0,492.0,3053.0,44.0,10.0,2.0,0.0,0.0,5.7,65.5,0.7,61.0,28.0
Ben,Centre Back,"Defense, UNCG",2025-11-26,Training Session,Whole Session,70.0,347.0,2535.0,36.0,0.0,0.0,0.0,0.0,5.2,65.0,0.6,26.0,21.0
Jason Wynia,Centre Back,"Defense, UNCG",2025-11-26,Training Session,Whole Session,70.0,476.0,3343.0,48.0,9.0,1.0,0.0,0.0,5.8,69.8,0.8,58.0,29.0
bautista schmidt,Left Back,"Defense, UNCG",2025-11-26,Training Session,Whole Session,70.0,446.0,3059.0,44.0,16.0,3.0,0.0,0.0,5.9,73.2,0.7,49.0,34.0
Trym Linberg,Right Back,"Defense, UNCG",2025-11-26,Training Session,Whole Session,70.0,432.0,2944.0,42.0,36.0,5.0,0.0,0.0,6.5,75.8,0.7,58.0,35.0
Pablo Torre,Centre Forward,"FORWARDS, UNCG",2025-11-26,Training Session,Whole Session,70.0,0.0,1.0,0.0,0.0,0.0,0.0,0.0,0.1,1.3,0.0,0.0,0.0
Mason Poveromo,Left Winger,"FORWARDS, UNCG",2025-11-26,Training Session,Whole Session,70.0,496.0,3231.0,46.0,11.0,2.0,0.0,0.0,6.2,74.0,0.8,34.0,36.0
Ethan lam,Centre Attacking Midfielder,"MIDS, UNCG",2025-11-26,Training Session,Whole Session,70.0,531.0,3284.0,47.0,0.0,0.0,0.0,0.0,5.5,70.8,0.8,36.0,23.0
Sigurd,Centre Midfielder,"MIDS, UNCG",2025-11-26,Training Session,Whole Session,70.0,648.0,3681.0,53.0,27.0,4.0,0.0,0.0,6.2,76.3,0.9,65.0,42.0
Robert elliott,Centre Defensive Midfielder,UNCG,2025-11-26,Training Session,Whole Session,70.0,473.0,3066.0,44.0,0.0,0.0,0.0,0.0,4.7,56.3,0.7,55.0,21.0
julien le bourdoulous,Centre Defensive Midfielder,UNCG,2025-11-26,Training Session,Whole Session,70.0,0.0,0.0,0.0,0.0,0.0,0.0,0.0,0.1,1.1,0.0,0.0,0.0
Colton Sessoms,Centre Forward,UNCG,2025-11-26,Training Session,Whole Session,70.0,418.0,2902.0,41.0,0.0,0.0,0.0,0.0,5.2,63.3,0.7,48.0,24.0
Adam Rustami,Right Winger,UNCG,2025-11-26,Training Session,Whole Session,70.0,453.0,2777.0,40.0,0.0,0.0,0.0,0.0,5.4,63.3,0.7,51.0,35.0
Mason Dancy,Centre Back,"Defense, UNCG",2025-11-27,Training Session,Whole Session,95.0,585.0,4145.0,44.0,16.0,2.0,15.0,1.0,7.4,86.0,0.7,48.0,12.0
Mohammed Sumaila,Centre Back,"Defense, UNCG",2025-11-27,Training Session,Whole Session,95.0,666.0,4606.0,48.0,69.0,8.0,5.0,1.0,7.0,78.7,0.8,69.0,21.0
Ben,Centre Back,"Defense, UNCG",2025-11-27,Training Session,Whole Session,95.0,527.0,4090.0,43.0,24.0,2.0,0.0,0.0,6.7,83.4,0.7,27.0,25.0
Jason Wynia,Centre Back,"Defense, UNCG",2025-11-27,Training Session,Whole Session,95.0,0.0,0.0,0.0,0.0,0.0,0.0,0.0,0.1,1.1,0.0,0.0,0.0
Sami Lachekar,Centre Back,"Defense, UNCG",2025-11-27,Training Session,Whole Session,95.0,0.0,6.0,0.0,0.0,0.0,0.0,0.0,0.6,7.5,0.0,0.0,0.0
Téva Lossec,Left Back,"Defense, UNCG",2025-11-27,Training Session,Whole Session,95.0,1055.0,5490.0,58.0,84.0,10.0,13.0,2.0,7.6,84.7,1.0,72.0,34.0
bautista schmidt,Left Back,"Defense, UNCG",2025-11-27,Training Session,Whole Session,95.0,688.0,4844.0,51.0,128.0,14.0,67.0,3.0,7.6,93.8,0.8,79.0,44.0
Kimito Fritz,Right Back,"Defense, UNCG",2025-11-27,Training Session,Whole Session,95.0,857.0,5346.0,56.0,80.0,9.0,27.0,2.0,7.4,83.2,0.9,93.0,30.0
Trym Linberg,Right Back,"Defense, UNCG",2025-11-27,Training Session,Whole Session,95.0,600.0,4374.0,46.0,27.0,4.0,20.0,1.0,7.9,92.7,0.8,55.0,42.0
Pablo Torre,Centre Forward,"FORWARDS, UNCG",2025-11-27,Training Session,Whole Session,95.0,0.0,0.0,0.0,0.0,0.0,0.0,0.0,0.1,0.7,0.0,0.0,0.0
Mason Poveromo,Left Winger,"FORWARDS, UNCG",2025-11-27,Training Session,Whole Session,95.0,562.0,3673.0,39.0,22.0,3.0,0.0,0.0,6.2,74.9,0.6,50.0,25.0
Ethan lam,Centre Attacking Midfielder,"MIDS, UNCG",2025-11-27,Training Session,Whole Session,95.0,702.0,4802.0,51.0,15.0,1.0,0.0,0.0,6.0,77.9,0.8,47.0,19.0
Sigurd,Centre Midfielder,"MIDS, UNCG",2025-11-27,Training Session,Whole Session,95.0,997.0,5585.0,59.0,48.0,5.0,0.0,0.0,6.2,76.6,1.0,89.0,51.0
Issah Haruna,Centre Attacking Midfielder,UNCG,2025-11-27,Training Session,Whole Session,95.0,0.0,10.0,0.0,0.0,0.0,0.0,0.0,0.8,9.4,0.0,0.0,0.0
Robert elliott,Centre Defensive Midfielder,UNCG,2025-11-27,Training Session,Whole Session,95.0,0.0,1.0,0.0,0.0,0.0,0.0,0.0,0.3,3.9,0.0,0.0,0.0
Magnus Kjoeller,Centre Defensive Midfielder,UNCG,2025-11-27,Training Session,Whole Session,95.0,663.0,5062.0,53.0,25.0,3.0,0.0,0.0,6.0,72.6,0.9,73.0,17.0
julien le bourdoulous,Centre Defensive Midfielder,UNCG,2025-11-27,Training Session,Whole Session,95.0,0.0,7.0,0.0,0.0,0.0,0.0,0.0,0.8,10.1,0.0,0.0,0.0
Arnaud Tattevin,Centre Forward,UNCG,2025-11-27,Training Session,Whole Session,95.0,0.0,0.0,0.0,0.0,0.0,0.0,0.0,0.0,0.0,0.0,0.0,0.0
Colton Sessoms,Centre Forward,UNCG,2025-11-27,Training Session,Whole Session,95.0,620.0,4455.0,47.0,14.0,2.0,0.0,0.0,5.8,70.2,0.8,46.0,15.0
Daniel Longo,Centre Midfielder,UNCG,2025-11-27,Training Session,Whole Session,95.0,778.0,4631.0,49.0,24.0,3.0,0.0,0.0,6.6,77.5,0.8,52.0,15.0
Steven Hernandez,Left Winger,UNCG,2025-11-27,Training Session,Whole Session,95.0,0.0,0.0,0.0,0.0,0.0,0.0,0.0,0.0,0.0,0.0,0.0,0.0
Enzo Dovlo,Right Winger,UNCG,2025-11-27,Training Session,Whole Session,95.0,794.0,5688.0,60.0,110.0,14.0,33.0,2.0,8.1,87.4,1.0,65.0,27.0
Adam Rustami,Right Winger,UNCG,2025-11-27,Training Session,Whole Session,95.0,737.0,4384.0,46.0,77.0,10.0,0.0,0.0,6.4,75.6,0.8,70.0,28.0
Ben,Centre Back,"Defense, UNCG",2025-11-28,Training Session,Whole Session,90.0,461.0,4085.0,45.0,5.0,1.0,0.0,0.0,5.8,72.2,0.8,14.0,9.0
Jason Wynia,Centre Back,"Defense, UNCG",2025-11-28,Training Session,Whole Session,90.0,401.0,3635.0,40.0,83.0,7.0,62.0,2.0,8.5,101.2,0.7,19.0,18.0
Mason Dancy,Centre Back,"Defense, UNCG",2025-11-28,Training Session,Whole Session,90.0,521.0,4365.0,49.0,17.0,2.0,0.0,0.0,6.1,70.8,0.8,20.0,9.0
Mohammed Sumaila,Centre Back,"Defense, UNCG",2025-11-28,Training Session,Whole Session,90.0,673.0,5242.0,58.0,11.0,2.0,0.0,0.0,5.8,65.5,1.0,49.0,21.0
Sami Lachekar,Centre Back,"Defense, UNCG",2025-11-28,Training Session,Whole Session,90.0,41.0,268.0,3.0,0.0,0.0,0.0,0.0,3.8,43.8,0.0,3.0,0.0
bautista schmidt,Left Back,"Defense, UNCG",2025-11-28,Training Session,Whole Session,90.0,639.0,4869.0,54.0,187.0,17.0,35.0,3.0,7.6,93.6,0.9,34.0,34.0
Téva Lossec,Left Back,"Defense, UNCG",2025-11-28,Training Session,Whole Session,90.0,1200.0,6535.0,73.0,273.0,30.0,77.0,5.0,8.4,93.6,1.2,47.0,38.0
Trym Linberg,Right Back,"Defense, UNCG",2025-11-28,Training Session,Whole Session,90.0,610.0,5041.0,56.0,114.0,15.0,93.0,3.0,8.4,99.0,0.9,43.0,36.0
Kimito Fritz,Right Back,"Defense, UNCG",2025-11-28,Training Session,Whole Session,90.0,1074.0,6665.0,74.0,286.0,27.0,78.0,9.0,7.9,88.6,1.2,48.0,31.0
Pablo Torre,Centre Forward,"FORWARDS, UNCG",2025-11-28,Training Session,Whole Session,90.0,1050.0,5698.0,63.0,299.0,34.0,59.0,8.0,7.5,91.0,1.1,54.0,46.0
Mason Poveromo,Left Winger,"FORWARDS, UNCG",2025-11-28,Training Session,Whole Session,90.0,872.0,6070.0,67.0,334.0,29.0,25.0,3.0,7.7,93.0,1.1,47.0,42.0
Sigurd,Centre Midfielder,"MIDS, UNCG",2025-11-28,Training Session,Whole Session,90.0,1149.0,6868.0,76.0,262.0,25.0,15.0,2.0,7.1,87.7,1.3,48.0,60.0
Issah Haruna,Centre Attacking Midfielder,UNCG,2025-11-28,Training Session,Whole Session,90.0,912.0,5817.0,65.0,367.0,28.0,27.0,3.0,7.4,91.3,1.1,56.0,39.0
Robert elliott,Centre Defensive Midfielder,UNCG,2025-11-28,Training Session,Whole Session,90.0,2025.0,6334.0,70.0,121.0,16.0,6.0,1.0,7.0,85.1,1.2,49.0,66.0
Magnus Kjoeller,Centre Defensive Midfielder,UNCG,2025-11-28,Training Session,Whole Session,90.0,757.0,5996.0,67.0,191.0,12.0,0.0,0.0,6.7,81.1,1.1,39.0,27.0
julien le bourdoulous,Centre Defensive Midfielder,UNCG,2025-11-28,Training Session,Whole Session,90.0,31.0,225.0,3.0,0.0,0.0,0.0,0.0,3.6,45.6,0.0,0.0,0.0
Colton Sessoms,Centre Forward,UNCG,2025-11-28,Training Session,Whole Session,90.0,0.0,0.0,0.0,0.0,0.0,0.0,0.0,0.0,0.0,0.0,0.0,0.0
Arnaud Tattevin,Centre Forward,UNCG,2025-11-28,Training Session,Whole Session,90.0,946.0,6095.0,68.0,148.0,20.0,4.0,1.0,7.1,79.7,1.1,54.0,47.0
Daniel Longo,Centre Midfielder,UNCG,2025-11-28,Training Session,Whole Session,90.0,46.0,266.0,3.0,0.0,0.0,0.0,0.0,4.2,48.9,0.0,1.0,1.0
Steven Hernandez,Left Winger,UNCG,2025-11-28,Training Session,Whole Session,90.0,3.0,16.0,0.0,0.0,0.0,0.0,0.0,1.7,18.6,0.0,0.0,0.0
Enzo Dovlo,Right Winger,UNCG,2025-11-28,Training Session,Whole Session,90.0,0.0,0.0,0.0,0.0,0.0,0.0,0.0,0.0,0.0,0.0,0.0,0.0
Adam Rustami,Right Winger,UNCG,2025-11-28,Training Session,Whole Session,90.0,1004.0,6198.0,69.0,284.0,25.0,60.0,4.0,7.8,91.8,1.1,37.0,32.0
Mohammed Sumaila,Centre Back,"Defense, UNCG",2025-11-30,Match Session,Whole Session,90.0,1476.0,9080.0,101.0,251.0,25.0,35.0,3.0,7.8,88.0,1.7,71.0,57.0
Jason Wynia,Centre Back,"Defense, UNCG",2025-11-30,Match Session,Whole Session,90.0,0.0,0.0,0.0,0.0,0.0,0.0,0.0,0.0,0.0,0.0,0.0,0.0
Sami Lachekar,Centre Back,"Defense, UNCG",2025-11-30,Match Session,Whole Session,90.0,0.0,0.0,0.0,0.0,0.0,0.0,0.0,0.0,0.0,0.0,0.0,0.0
Ben,Centre Back,"Defense, UNCG",2025-11-30,Match Session,Whole Session,90.0,0.0,0.0,0.0,0.0,0.0,0.0,0.0,0.0,0.0,0.0,0.0,0.0
Mason Dancy,Centre Back,"Defense, UNCG",2025-11-30,Match Session,Whole Session,90.0,0.0,0.0,0.0,0.0,0.0,0.0,0.0,0.0,0.0,0.0,0.0,0.0
bautista schmidt,Left Back,"Defense, UNCG",2025-11-30,Match Session,Whole Session,90.0,0.0,0.0,0.0,0.0,0.0,0.0,0.0,0.0,0.0,0.0,0.0,0.0
Téva Lossec,Left Back,"Defense, UNCG",2025-11-30,Match Session,Whole Session,90.0,2232.0,10734.0,119.0,579.0,53.0,161.0,9.0,8.2,92.1,2.0,68.0,90.0
Kimito Fritz,Right Back,"Defense, UNCG",2025-11-30,Match Session,Whole Session,90.0,0.0,0.0,0.0,0.0,0.0,0.0,0.0,0.0,0.0,0.0,0.0,0.0
Trym Linberg,Right Back,"Defense, UNCG",2025-11-30,Match Session,Whole Session,90.0,0.0,0.0,0.0,0.0,0.0,0.0,0.0,0.0,0.0,0.0,0.0,0.0
Pablo Torre,Centre Forward,"FORWARDS, UNCG",2025-11-30,Match Session,Whole Session,90.0,0.0,0.0,0.0,0.0,0.0,0.0,0.0,0.0,0.0,0.0,0.0,0.0
Mason Poveromo,Left Winger,"FORWARDS, UNCG",2025-11-30,Match Session,Whole Session,90.0,0.0,0.0,0.0,0.0,0.0,0.0,0.0,0.0,0.0,0.0,0.0,0.0
Ethan lam,Centre Attacking Midfielder,"MIDS, UNCG",2025-11-30,Match Session,Whole Session,90.0,0.0,0.0,0.0,0.0,0.0,0.0,0.0,0.0,0.0,0.0,0.0,0.0
Sigurd,Centre Midfielder,"MIDS, UNCG",2025-11-30,Match Session,Whole Session,90.0,0.0,0.0,0.0,0.0,0.0,0.0,0.0,0.0,0.0,0.0,0.0,0.0
Issah Haruna,Centre Attacking Midfielder,UNCG,2025-11-30,Match Session,Whole Session,90.0,2195.0,10077.0,112.0,386.0,45.0,22.0,2.0,7.7,94.7,1.9,100.0,112.0
Robert elliott,Centre Defensive Midfielder,UNCG,2025-11-30,Match Session,Whole Session,90.0,0.0,0.0,0.0,0.0,0.0,0.0,0.0,0.0,0.0,0.0,0.0,0.0
julien le bourdoulous,Centre Defensive Midfielder,UNCG,2025-11-30,Match Session,Whole Session,90.0,0.0,0.0,0.0,0.0,0.0,0.0,0.0,0.0,0.0,0.0,0.0,0.0
Magnus Kjoeller,Centre Defensive Midfielder,UNCG,2025-11-30,Match Session,Whole Session,90.0,0.0,0.0,0.0,0.0,0.0,0.0,0.0,0.0,0.0,0.0,0.0,0.0
Colton Sessoms,Centre Forward,UNCG,2025-11-30,Match Session,Whole Session,90.0,0.0,0.0,0.0,0.0,0.0,0.0,0.0,0.0,0.0,0.0,0.0,0.0
Arnaud Tattevin,Centre Forward,UNCG,2025-11-30,Match Session,Whole Session,90.0,2185.0,9405.0,105.0,643.0,46.0,49.0,5.0,7.7,86.5,1.7,75.0,74.0
Xavi Wences,Centre Midfielder,UNCG,2025-11-30,Match Session,Whole Session,90.0,0.0,0.0,0.0,0.0,0.0,0.0,0.0,0.0,0.0,0.0,0.0,0.0
Daniel Longo,Centre Midfielder,UNCG,2025-11-30,Match Session,Whole Session,90.0,0.0,0.0,0.0,0.0,0.0,0.0,0.0,0.0,0.0,0.0,0.0,0.0
Steven Hernandez,Left Winger,UNCG,2025-11-30,Match Session,Whole Session,90.0,0.0,0.0,0.0,0.0,0.0,0.0,0.0,0.0,0.0,0.0,0.0,0.0
Enzo Dovlo,Right Winger,UNCG,2025-11-30,Match Session,Whole Session,90.0,1924.0,9866.0,110.0,621.0,69.0,249.0,22.0,8.5,92.1,1.8,91.0,77.0
Adam Rustami,Right Winger,UNCG,2025-11-30,Match Session,Whole Session,90.0,0.0,0.0,0.0,0.0,0.0,0.0,0.0,0.0,0.0,0.0,0.0,0.0
Mohammed Sumaila,Centre Back,"Defense, UNCG",2026-01-20,Training Session,Whole Session,75.0,0.0,0.0,0.0,0.0,0.0,0.0,0.0,0.1,0.9,0.0,0.0,0.0
Mason Dancy,Centre Back,"Defense, UNCG",2026-01-20,Training Session,Whole Session,75.0,644.0,3932.0,52.0,0.0,0.0,0.0,0.0,5.4,62.1,0.9,49.0,21.0
Ben,Centre Back,"Defense, UNCG",2026-01-20,Training Session,Whole Session,75.0,576.0,3874.0,52.0,0.0,0.0,0.0,0.0,4.9,61.4,0.9,41.0,19.0
bautista schmidt,Left Back,"Defense, UNCG",2026-01-20,Training Session,Whole Session,75.0,675.0,4311.0,57.0,25.0,3.0,0.0,0.0,6.1,75.2,1.0,91.0,64.0
Téva Lossec,Left Back,"Defense, UNCG",2026-01-20,Training Session,Whole Session,75.0,0.0,0.0,0.0,0.0,0.0,0.0,0.0,0.1,0.8,0.0,0.0,0.0
Trym Linberg,Right Back,"Defense, UNCG",2026-01-20,Training Session,Whole Session,75.0,541.0,3752.0,50.0,3.0,1.0,0.0,0.0,5.7,66.5,0.8,59.0,28.0
Pablo Torre,Centre Forward,"FORWARDS, UNCG",2026-01-20,Training Session,Whole Session,75.0,657.0,4025.0,54.0,7.0,2.0,0.0,0.0,5.7,68.8,0.9,75.0,38.0
Mason Poveromo,Left Winger,"FORWARDS, UNCG",2026-01-20,Training Session,Whole Session,75.0,699.0,4251.0,57.0,15.0,2.0,0.0,0.0,6.5,77.9,0.9,60.0,55.0
Ethan lam,Centre Attacking Midfielder,"MIDS, UNCG",2026-01-20,Training Session,Whole Session,75.0,677.0,4256.0,57.0,0.0,0.0,0.0,0.0,5.4,69.6,0.9,71.0,24.0
Sigurd,Centre Midfielder,"MIDS, UNCG",2026-01-20,Training Session,Whole Session,75.0,782.0,4392.0,59.0,23.0,3.0,0.0,0.0,5.8,71.8,1.0,94.0,50.0
Robert elliott,Centre Defensive Midfielder,UNCG,2026-01-20,Training Session,Whole Session,75.0,606.0,3819.0,51.0,0.0,0.0,0.0,0.0,4.9,59.3,0.8,68.0,18.0
Steven Hernandez,Left Winger,UNCG,2026-01-20,Training Session,Whole Session,75.0,705.0,4093.0,55.0,21.0,4.0,0.0,0.0,5.8,63.4,0.9,85.0,31.0
Bendix Bennetzen,Centre Midfielder,,2026-01-20,Training Session,Whole Session,75.0,690.0,4245.0,57.0,0.0,0.0,0.0,0.0,4.9,0.0,0.9,56.0,23.0
Tiago Mendes de Campos,Centre Midfielder,,2026-01-20,Training Session,Whole Session,75.0,819.0,4801.0,64.0,20.0,3.0,0.0,0.0,6.3,0.0,1.1,69.0,46.0
Sho Haggerty,Right Back,,2026-01-20,Training Session,Whole Session,75.0,692.0,4429.0,59.0,5.0,1.0,0.0,0.0,5.6,0.0,1.0,79.0,31.0
Caleb Borneo,,,2026-01-20,Training Session,Whole Session,75.0,728.0,3953.0,53.0,9.0,2.0,0.0,0.0,5.8,0.0,0.9,109.0,61.0
Jack Shannon,,,2026-01-20,Training Session,Whole Session,75.0,695.0,4118.0,55.0,11.0,2.0,0.0,0.0,6.0,0.0,0.9,75.0,40.0
Ben,Centre Back,"Defense, UNCG",2026-01-22,Training Session,Whole Session,75.0,533.0,3904.0,52.0,15.0,2.0,0.0,0.0,6.4,79.5,0.9,53.0,29.0
Mason Dancy,Centre Back,"Defense, UNCG",2026-01-22,Training Session,Whole Session,75.0,597.0,4173.0,56.0,8.0,1.0,0.0,0.0,5.9,67.7,0.9,61.0,31.0
Mohammed Sumaila,Centre Back,"Defense, UNCG",2026-01-22,Training Session,Whole Session,75.0,0.0,2.0,0.0,0.0,0.0,0.0,0.0,0.1,0.9,0.0,0.0,0.0
bautista schmidt,Left Back,"Defense, UNCG",2026-01-22,Training Session,Whole Session,75.0,650.0,4214.0,56.0,20.0,3.0,0.0,0.0,5.9,72.7,0.9,89.0,69.0
Téva Lossec,Left Back,"Defense, UNCG",2026-01-22,Training Session,Whole Session,75.0,721.0,4542.0,61.0,5.0,1.0,0.0,0.0,5.7,64.1,1.0,68.0,42.0
Trym Linberg,Right Back,"Defense, UNCG",2026-01-22,Training Session,Whole Session,75.0,259.0,2681.0,36.0,0.0,0.0,0.0,0.0,4.6,53.9,0.6,28.0,6.0
Pablo Torre,Centre Forward,"FORWARDS, UNCG",2026-01-22,Training Session,Whole Session,75.0,745.0,4646.0,62.0,15.0,2.0,0.0,0.0,5.8,70.1,1.0,72.0,51.0
Mason Poveromo,Left Winger,"FORWARDS, UNCG",2026-01-22,Training Session,Whole Session,75.0,627.0,3997.0,53.0,0.0,0.0,0.0,0.0,5.4,64.9,0.9,53.0,30.0
Ethan lam,Centre Attacking Midfielder,"MIDS, UNCG",2026-01-22,Training Session,Whole Session,75.0,506.0,3663.0,49.0,0.0,0.0,0.0,0.0,5.2,67.2,0.8,68.0,17.0
Sigurd,Centre Midfielder,"MIDS, UNCG",2026-01-22,Training Session,Whole Session,75.0,772.0,4246.0,57.0,0.0,0.0,0.0,0.0,5.5,67.8,0.9,81.0,60.0
Robert elliott,Centre Defensive Midfielder,UNCG,2026-01-22,Training Session,Whole Session,75.0,646.0,4152.0,55.0,5.0,1.0,0.0,0.0,5.8,69.6,0.9,86.0,43.0
Steven Hernandez,Left Winger,UNCG,2026-01-22,Training Session,Whole Session,75.0,728.0,4486.0,60.0,21.0,2.0,0.0,0.0,6.9,75.7,1.0,81.0,41.0
Bendix Bennetzen,Centre Midfielder,,2026-01-22,Training Session,Whole Session,75.0,685.0,4231.0,56.0,0.0,0.0,0.0,0.0,4.5,92.2,0.9,74.0,28.0
Tiago Mendes de Campos,Centre Midfielder,,2026-01-22,Training Session,Whole Session,75.0,821.0,4884.0,65.0,7.0,1.0,0.0,0.0,6.4,101.7,1.1,80.0,49.0
Sho Haggerty,Right Back,,2026-01-22,Training Session,Whole Session,75.0,381.0,3094.0,41.0,0.0,0.0,0.0,0.0,4.2,75.5,0.7,50.0,10.0
Jack Shannon,,,2026-01-22,Training Session,Whole Session,75.0,806.0,4534.0,60.0,4.0,1.0,0.0,0.0,5.5,92.0,1.0,85.0,50.0
Caleb Borneo,,,2026-01-22,Training Session,Whole Session,75.0,728.0,4201.0,56.0,9.0,2.0,0.0,0.0,5.7,98.5,0.9,90.0,35.0
Mason Dancy,Centre Back,"Defense, UNCG",2026-01-23,Training Session,Whole Session,75.0,546.0,3826.0,51.0,74.0,9.0,7.0,1.0,7.2,83.4,0.8,68.0,28.0
Mohammed Sumaila,Centre Back,"Defense, UNCG",2026-01-23,Training Session,Whole Session,75.0,0.0,0.0,0.0,0.0,0.0,0.0,0.0,0.1,1.1,0.0,0.0,0.0
Ben,Centre Back,"Defense, UNCG",2026-01-23,Training Session,Whole Session,75.0,477.0,3505.0,47.0,47.0,4.0,0.0,0.0,7.0,86.7,0.8,48.0,17.0
Téva Lossec,Left Back,"Defense, UNCG",2026-01-23,Training Session,Whole Session,75.0,641.0,4042.0,54.0,77.0,7.0,0.0,0.0,6.6,73.7,0.9,72.0,24.0
bautista schmidt,Left Back,"Defense, UNCG",2026-01-23,Training Session,Whole Session,75.0,460.0,3444.0,46.0,52.0,5.0,0.0,0.0,6.5,80.8,0.8,65.0,34.0
Trym Linberg,Right Back,"Defense, UNCG",2026-01-23,Training Session,Whole Session,75.0,439.0,3606.0,48.0,55.0,7.0,7.0,1.0,7.2,83.9,0.8,71.0,26.0
Pablo Torre,Centre Forward,"FORWARDS, UNCG",2026-01-23,Training Session,Whole Session,75.0,572.0,3961.0,53.0,62.0,4.0,0.0,0.0,6.8,82.0,0.9,65.0,29.0
Mason Poveromo,Left Winger,"FORWARDS, UNCG",2026-01-23,Training Session,Whole Session,75.0,543.0,3886.0,52.0,65.0,6.0,0.0,0.0,6.4,76.5,0.9,63.0,28.0
Ethan lam,Centre Attacking Midfielder,"MIDS, UNCG",2026-01-23,Training Session,Whole Session,75.0,515.0,3878.0,52.0,51.0,6.0,6.0,1.0,7.1,91.5,0.9,75.0,20.0
Sigurd,Centre Midfielder,"MIDS, UNCG",2026-01-23,Training Session,Whole Session,75.0,598.0,3977.0,53.0,38.0,5.0,0.0,0.0,6.7,82.7,0.9,74.0,29.0
Robert elliott,Centre Defensive Midfielder,UNCG,2026-01-23,Training Session,Whole Session,75.0,539.0,3418.0,46.0,37.0,3.0,0.0,0.0,6.5,78.7,0.8,68.0,33.0
Steven Hernandez,Left Winger,UNCG,2026-01-23,Training Session,Whole Session,75.0,623.0,3937.0,53.0,83.0,10.0,0.0,0.0,6.6,72.0,0.9,86.0,30.0
Bendix Bennetzen,Centre Midfielder,,2026-01-23,Training Session,Whole Session,75.0,591.0,3885.0,52.0,55.0,7.0,0.0,0.0,6.3,129.5,0.9,66.0,29.0
Tiago Mendes de Campos,Centre Midfielder,,2026-01-23,Training Session,Whole Session,75.0,607.0,4095.0,55.0,71.0,8.0,0.0,0.0,6.3,98.2,0.9,69.0,34.0
Sho Haggerty,Right Back,,2026-01-23,Training Session,Whole Session,75.0,536.0,3575.0,48.0,38.0,5.0,0.0,0.0,6.6,118.7,0.8,73.0,32.0
Caleb Borneo,,,2026-01-23,Training Session,Whole Session,75.0,604.0,3687.0,49.0,56.0,5.0,0.0,0.0,6.6,114.0,0.8,73.0,37.0
Jack Shannon,,,2026-01-23,Training Session,Whole Session,75.0,580.0,3810.0,51.0,62.0,8.0,5.0,1.0,7.2,119.5,0.8,67.0,32.0
Mason Dancy,Centre Back,"Defense, UNCG",2026-02-07,Training Session,Whole Session,120.0,914.0,6996.0,58.0,51.0,7.0,0.0,0.0,6.7,77.1,1.0,119.0,48.0
Ben,Centre Back,"Defense, UNCG",2026-02-07,Training Session,Whole Session,120.0,776.0,6219.0,52.0,32.0,3.0,0.0,0.0,6.6,82.0,0.9,71.0,45.0
Mohammed Sumaila,Centre Back,"Defense, UNCG",2026-02-07,Training Session,Whole Session,120.0,1761.0,7853.0,65.0,0.0,0.0,0.0,0.0,5.5,61.2,1.1,165.0,117.0
Téva Lossec,Left Back,"Defense, UNCG",2026-02-07,Training Session,Whole Session,120.0,0.0,7.0,0.0,0.0,0.0,0.0,0.0,0.7,7.5,0.0,0.0,0.0
bautista schmidt,Left Back,"Defense, UNCG",2026-02-07,Training Session,Whole Session,120.0,882.0,6796.0,57.0,7.0,1.0,0.0,0.0,5.8,71.9,0.9,128.0,78.0
Trym Linberg,Right Back,"Defense, UNCG",2026-02-07,Training Session,Whole Session,120.0,1099.0,7672.0,64.0,31.0,7.0,0.0,0.0,5.9,69.0,1.1,139.0,93.0
Pablo Torre,Centre Forward,"FORWARDS, UNCG",2026-02-07,Training Session,Whole Session,120.0,1133.0,7713.0,64.0,23.0,3.0,0.0,0.0,6.5,79.3,1.1,123.0,85.0
Mason Poveromo,Left Winger,"FORWARDS, UNCG",2026-02-07,Training Session,Whole Session,120.0,1040.0,7101.0,59.0,70.0,7.0,0.0,0.0,6.5,77.7,1.0,100.0,72.0
Ethan lam,Centre Attacking Midfielder,"MIDS, UNCG",2026-02-07,Training Session,Whole Session,120.0,1068.0,7552.0,63.0,44.0,5.0,0.0,0.0,6.3,81.6,1.0,115.0,80.0
Sigurd,Centre Midfielder,"MIDS, UNCG",2026-02-07,Training Session,Whole Session,120.0,1216.0,6961.0,58.0,354.0,22.0,0.0,0.0,6.5,80.8,1.0,72.0,69.0
Robert elliott,Centre Defensive Midfielder,UNCG,2026-02-07,Training Session,Whole Session,120.0,1081.0,7708.0,64.0,14.0,2.0,0.0,0.0,6.4,77.1,1.1,100.0,72.0
Daniel Longo,Centre Midfielder,UNCG,2026-02-07,Training Session,Whole Session,,,,,,,,,,,,,
Steven Hernandez,Left Winger,UNCG,2026-02-07,Training Session,Whole Session,120.0,1125.0,7264.0,61.0,55.0,7.0,4.0,1.0,7.2,78.4,1.0,121.0,73.0
Enzo Dovlo,Right Winger,UNCG,2026-02-07,Training Session,Whole Session,120.0,0.0,0.0,0.0,0.0,0.0,0.0,0.0,0.0,0.0,0.0,0.0,0.0
Bendix Bennetzen,Centre Midfielder,,2026-02-07,Training Session,Whole Session,120.0,1348.0,8040.0,67.0,7.0,1.0,0.0,0.0,5.7,90.4,1.1,122.0,91.0
Tiago Mendes de Campos,Centre Midfielder,,2026-02-07,Training Session,Whole Session,120.0,1279.0,8526.0,71.0,48.0,4.0,0.0,0.0,6.6,103.4,1.2,110.0,96.0
Sho Haggerty,Right Back,,2026-02-07,Training Session,Whole Session,120.0,1095.0,7142.0,60.0,47.0,5.0,5.0,1.0,7.0,106.4,1.0,124.0,89.0
Caleb Borneo,,,2026-02-07,Training Session,Whole Session,120.0,1249.0,7480.0,62.0,28.0,4.0,0.0,0.0,6.1,91.6,1.0,147.0,115.0
Jack Shannon,,,2026-02-07,Training Session,Whole Session,120.0,1411.0,8434.0,70.0,91.0,9.0,0.0,0.0,6.3,88.0,1.2,135.0,110.0
Mohammed Sumaila,Centre Back,"Defense, UNCG",2026-02-08,Training Session,Whole Session,120.0,1794.0,7189.0,60.0,24.0,5.0,7.0,1.0,7.8,87.5,1.0,129.0,62.0
Ben,Centre Back,"Defense, UNCG",2026-02-08,Training Session,Whole Session,120.0,911.0,6709.0,56.0,34.0,3.0,0.0,0.0,6.3,78.2,0.9,47.0,25.0
Mason Dancy,Centre Back,"Defense, UNCG",2026-02-08,Training Session,Whole Session,120.0,907.0,6438.0,54.0,79.0,7.0,0.0,0.0,6.8,79.1,0.9,82.0,33.0
bautista schmidt,Left Back,"Defense, UNCG",2026-02-08,Training Session,Whole Session,120.0,951.0,6820.0,57.0,94.0,9.0,0.0,0.0,6.9,85.7,0.9,107.0,70.0
Téva Lossec,Left Back,"Defense, UNCG",2026-02-08,Training Session,Whole Session,120.0,4.0,69.0,1.0,0.0,0.0,0.0,0.0,1.5,16.9,0.0,0.0,0.0
Trym Linberg,Right Back,"Defense, UNCG",2026-02-08,Training Session,Whole Session,120.0,1027.0,7017.0,58.0,150.0,16.0,17.0,3.0,7.4,86.3,1.0,109.0,74.0
Kimito Fritz,Right Back,"Defense, UNCG",2026-02-08,Training Session,Whole Session,,,,,,,,,,,,,
Pablo Torre,Centre Forward,"FORWARDS, UNCG",2026-02-08,Training Session,Whole Session,120.0,1188.0,7365.0,61.0,43.0,4.0,0.0,0.0,6.8,82.5,1.0,105.0,76.0
Mason Poveromo,Left Winger,"FORWARDS, UNCG",2026-02-08,Training Session,Whole Session,120.0,1140.0,7262.0,61.0,56.0,8.0,0.0,0.0,6.4,77.0,1.0,80.0,56.0
Ethan lam,Centre Attacking Midfielder,"MIDS, UNCG",2026-02-08,Training Session,Whole Session,120.0,1018.0,7409.0,62.0,39.0,5.0,7.0,1.0,7.1,91.7,1.0,92.0,43.0
Sigurd,Centre Midfielder,"MIDS, UNCG",2026-02-08,Training Session,Whole Session,120.0,1600.0,8459.0,71.0,4.0,1.0,0.0,0.0,5.5,68.4,1.2,127.0,60.0
Robert elliott,Centre Defensive Midfielder,UNCG,2026-02-08,Training Session,Whole Session,120.0,1375.0,6208.0,52.0,27.0,3.0,0.0,0.0,6.8,82.6,0.9,131.0,70.0
Daniel Longo,Centre Midfielder,UNCG,2026-02-08,Training Session,Whole Session,,,,,,,,,,,,,
Steven Hernandez,Left Winger,UNCG,2026-02-08,Training Session,Whole Session,120.0,1099.0,6959.0,58.0,90.0,11.0,0.0,0.0,6.9,75.1,1.0,86.0,36.0
Enzo Dovlo,Right Winger,UNCG,2026-02-08,Training Session,Whole Session,120.0,0.0,0.0,0.0,0.0,0.0,0.0,0.0,0.0,0.0,0.0,0.0,0.0
Bendix Bennetzen,Centre Midfielder,,2026-02-08,Training Session,Whole Session,120.0,1698.0,8681.0,72.0,80.0,13.0,0.0,0.0,6.8,108.0,1.2,104.0,90.0
Tiago Mendes de Campos,Centre Midfielder,,2026-02-08,Training Session,Whole Session,120.0,1455.0,8521.0,71.0,70.0,9.0,0.0,0.0,6.4,100.5,1.2,93.0,91.0
Sho Haggerty,Right Back,,2026-02-08,Training Session,Whole Session,120.0,1275.0,7734.0,64.0,93.0,8.0,0.0,0.0,6.6,100.0,1.1,100.0,54.0
Jack Shannon,,,2026-02-08,Training Session,Whole Session,120.0,1241.0,7354.0,61.0,56.0,6.0,0.0,0.0,6.3,87.4,1.0,98.0,66.0
Caleb Borneo,,,2026-02-08,Training Session,Whole Session,120.0,1541.0,8351.0,70.0,83.0,8.0,0.0,0.0,6.5,97.6,1.2,169.0,87.0
Ben,Centre Back,"Defense, UNCG",2026-02-10,Training Session,Whole Session,105.0,732.0,5317.0,51.0,60.0,3.0,0.0,0.0,6.9,86.4,0.8,47.0,30.0
Mason Dancy,Centre Back,"Defense, UNCG",2026-02-10,Training Session,Whole Session,105.0,781.0,5647.0,54.0,112.0,14.0,28.0,2.0,7.4,86.1,0.9,72.0,44.0
Mohammed Sumaila,Centre Back,"Defense, UNCG",2026-02-10,Training Session,Whole Session,105.0,792.0,5441.0,52.0,120.0,13.0,0.0,0.0,6.5,72.7,0.9,76.0,39.0
bautista schmidt,Left Back,"Defense, UNCG",2026-02-10,Training Session,Whole Session,105.0,932.0,6067.0,58.0,191.0,20.0,15.0,2.0,7.3,90.1,1.0,66.0,59.0
Téva Lossec,Left Back,"Defense, UNCG",2026-02-10,Training Session,Whole Session,105.0,21.0,295.0,3.0,0.0,0.0,0.0,0.0,1.8,19.9,0.0,0.0,0.0
Trym Linberg,Right Back,"Defense, UNCG",2026-02-10,Training Session,Whole Session,105.0,881.0,5903.0,56.0,129.0,15.0,0.0,0.0,6.9,80.6,0.9,83.0,54.0
Pablo Torre,Centre Forward,"FORWARDS, UNCG",2026-02-10,Training Session,Whole Session,105.0,1061.0,6428.0,61.0,199.0,23.0,8.0,1.0,7.4,90.2,1.0,88.0,59.0
Mason Poveromo,Left Winger,"FORWARDS, UNCG",2026-02-10,Training Session,Whole Session,105.0,917.0,6026.0,57.0,177.0,21.0,19.0,3.0,7.2,86.0,1.0,86.0,53.0
Ethan lam,Centre Attacking Midfielder,"MIDS, UNCG",2026-02-10,Training Session,Whole Session,105.0,893.0,6211.0,59.0,182.0,22.0,24.0,2.0,8.0,103.1,1.0,73.0,62.0
Sigurd,Centre Midfielder,"MIDS, UNCG",2026-02-10,Training Session,Whole Session,105.0,409.0,2511.0,24.0,27.0,4.0,0.0,0.0,6.1,75.1,0.4,35.0,7.0
Robert elliott,Centre Defensive Midfielder,UNCG,2026-02-10,Training Session,Whole Session,105.0,870.0,5665.0,54.0,100.0,12.0,7.0,1.0,7.2,86.8,0.9,80.0,35.0
Steven Hernandez,Left Winger,UNCG,2026-02-10,Training Session,Whole Session,105.0,964.0,5842.0,56.0,212.0,23.0,51.0,3.0,8.1,89.1,0.9,74.0,52.0
Bendix Bennetzen,Centre Midfielder,,2026-02-10,Training Session,Whole Session,105.0,1189.0,6405.0,61.0,62.0,9.0,6.0,1.0,7.1,103.8,1.0,72.0,55.0
Tiago Mendes de Campos,Centre Midfielder,,2026-02-10,Training Session,Whole Session,105.0,1034.0,6519.0,62.0,111.0,13.0,0.0,0.0,6.6,100.9,1.0,69.0,55.0
Sho Haggerty,Right Back,,2026-02-10,Training Session,Whole Session,105.0,955.0,6244.0,59.0,98.0,12.0,17.0,1.0,7.3,104.0,1.0,82.0,55.0
Caleb Borneo,,,2026-02-10,Training Session,Whole Session,105.0,1107.0,6438.0,61.0,127.0,16.0,0.0,0.0,6.5,97.2,1.0,111.0,61.0
Jack Shannon,,,2026-02-10,Training Session,Whole Session,105.0,1080.0,6700.0,64.0,150.0,19.0,0.0,0.0,6.3,87.6,1.1,82.0,62.0
Ben,Centre Back,"Defense, UNCG",2026-02-11,Training Session,Whole Session,120.0,572.0,4482.0,37.0,0.0,0.0,0.0,0.0,5.4,67.1,0.6,71.0,36.0
Mohammed Sumaila,Centre Back,"Defense, UNCG",2026-02-11,Training Session,Whole Session,120.0,703.0,5061.0,42.0,31.0,6.0,0.0,0.0,5.8,64.5,0.7,123.0,63.0
Mason Dancy,Centre Back,"Defense, UNCG",2026-02-11,Training Session,Whole Session,120.0,641.0,5020.0,42.0,9.0,2.0,0.0,0.0,5.8,66.8,0.7,87.0,42.0
bautista schmidt,Left Back,"Defense, UNCG",2026-02-11,Training Session,Whole Session,120.0,662.0,4967.0,41.0,27.0,3.0,0.0,0.0,6.5,80.8,0.7,95.0,62.0
Téva Lossec,Left Back,"Defense, UNCG",2026-02-11,Training Session,Whole Session,120.0,0.0,0.0,0.0,0.0,0.0,0.0,0.0,0.1,0.8,0.0,0.0,0.0
Trym Linberg,Right Back,"Defense, UNCG",2026-02-11,Training Session,Whole Session,120.0,756.0,5418.0,45.0,65.0,9.0,0.0,0.0,6.5,76.4,0.8,107.0,62.0
Kimito Fritz,Right Back,"Defense, UNCG",2026-02-11,Training Session,Whole Session,,,,,,,,,,,,,
Pablo Torre,Centre Forward,"FORWARDS, UNCG",2026-02-11,Training Session,Whole Session,120.0,792.0,5490.0,46.0,29.0,4.0,0.0,0.0,5.8,70.9,0.8,114.0,55.0
Mason Poveromo,Left Winger,"FORWARDS, UNCG",2026-02-11,Training Session,Whole Session,120.0,795.0,5231.0,44.0,23.0,4.0,0.0,0.0,6.1,73.4,0.7,79.0,55.0
Ethan lam,Centre Attacking Midfielder,"MIDS, UNCG",2026-02-11,Training Session,Whole Session,120.0,642.0,5206.0,43.0,14.0,2.0,0.0,0.0,6.4,82.0,0.7,89.0,41.0
Sigurd,Centre Midfielder,"MIDS, UNCG",2026-02-11,Training Session,Whole Session,120.0,0.0,3.0,0.0,0.0,0.0,0.0,0.0,0.3,3.4,0.0,0.0,0.0
Robert elliott,Centre Defensive Midfielder,UNCG,2026-02-11,Training Session,Whole Session,120.0,632.0,4932.0,41.0,6.0,1.0,0.0,0.0,6.3,75.7,0.7,96.0,49.0
Daniel Longo,Centre Midfielder,UNCG,2026-02-11,Training Session,Whole Session,,,,,,,,,,,,,
Steven Hernandez,Left Winger,UNCG,2026-02-11,Training Session,Whole Session,120.0,461.0,3138.0,26.0,25.0,3.0,0.0,0.0,6.8,74.7,0.4,59.0,20.0
Enzo Dovlo,Right Winger,UNCG,2026-02-11,Training Session,Whole Session,120.0,0.0,0.0,0.0,0.0,0.0,0.0,0.0,0.0,0.0,0.0,0.0,0.0
Tiago Mendes de Campos,Centre Midfielder,,2026-02-11,Training Session,Whole Session,120.0,1636.0,6467.0,54.0,18.0,2.0,0.0,0.0,6.3,95.7,0.9,152.0,84.0
Bendix Bennetzen,Centre Midfielder,,2026-02-11,Training Session,Whole Session,120.0,1037.0,6197.0,52.0,8.0,2.0,0.0,0.0,5.7,83.4,0.9,107.0,63.0
Sho Haggerty,Right Back,,2026-02-11,Training Session,Whole Session,120.0,924.0,5951.0,50.0,35.0,4.0,0.0,0.0,6.7,95.7,0.8,112.0,76.0
Caleb Borneo,,,2026-02-11,Training Session,Whole Session,120.0,1036.0,6196.0,52.0,26.0,3.0,10.0,1.0,7.3,110.5,0.9,148.0,67.0
Jack Shannon,,,2026-02-11,Training Session,Whole Session,120.0,938.0,5843.0,49.0,15.0,3.0,0.0,0.0,5.9,82.0,0.8,103.0,62.0
Ben,Centre Back,"Defense, UNCG",2026-02-12,Training Session,Whole Session,105.0,631.0,4416.0,42.0,19.0,3.0,0.0,0.0,5.8,72.1,0.7,47.0,31.0
Mohammed Sumaila,Centre Back,"Defense, UNCG",2026-02-12,Training Session,Whole Session,105.0,649.0,4882.0,46.0,38.0,5.0,0.0,0.0,6.2,69.3,0.8,82.0,28.0
Mason Dancy,Centre Back,"Defense, UNCG",2026-02-12,Training Session,Whole Session,105.0,630.0,4839.0,46.0,43.0,7.0,12.0,2.0,7.1,81.9,0.8,65.0,40.0
Téva Lossec,Left Back,"Defense, UNCG",2026-02-12,Training Session,Whole Session,105.0,37.0,454.0,4.0,0.0,0.0,0.0,0.0,1.8,20.6,0.1,0.0,0.0
bautista schmidt,Left Back,"Defense, UNCG",2026-02-12,Training Session,Whole Session,105.0,615.0,4722.0,45.0,36.0,5.0,0.0,0.0,6.0,74.4,0.7,64.0,50.0
Trym Linberg,Right Back,"Defense, UNCG",2026-02-12,Training Session,Whole Session,105.0,697.0,4924.0,47.0,50.0,6.0,15.0,1.0,7.7,90.8,0.8,88.0,67.0
Kimito Fritz,Right Back,"Defense, UNCG",2026-02-12,Training Session,Whole Session,,,,,,,,,,,,,
Pablo Torre,Centre Forward,"FORWARDS, UNCG",2026-02-12,Training Session,Whole Session,105.0,787.0,5428.0,52.0,55.0,7.0,0.0,0.0,6.1,74.2,0.9,80.0,54.0
Mason Poveromo,Left Winger,"FORWARDS, UNCG",2026-02-12,Training Session,Whole Session,105.0,740.0,5104.0,49.0,21.0,3.0,0.0,0.0,6.3,75.2,0.8,61.0,39.0
Ethan lam,Centre Attacking Midfielder,"MIDS, UNCG",2026-02-12,Training Session,Whole Session,105.0,36.0,452.0,4.0,0.0,0.0,0.0,0.0,1.8,22.2,0.1,0.0,0.0
Sigurd,Centre Midfielder,"MIDS, UNCG",2026-02-12,Training Session,Whole Session,105.0,44.0,466.0,4.0,0.0,0.0,0.0,0.0,2.1,25.5,0.1,0.0,0.0
Robert elliott,Centre Defensive Midfielder,UNCG,2026-02-12,Training Session,Whole Session,105.0,768.0,5597.0,53.0,42.0,5.0,0.0,0.0,6.0,72.9,0.9,81.0,47.0
Daniel Longo,Centre Midfielder,UNCG,2026-02-12,Training Session,Whole Session,,,,,,,,,,,,,
Steven Hernandez,Left Winger,UNCG,2026-02-12,Training Session,Whole Session,105.0,832.0,5008.0,48.0,64.0,8.0,11.0,2.0,7.6,83.6,0.8,72.0,36.0
Enzo Dovlo,Right Winger,UNCG,2026-02-12,Training Session,Whole Session,105.0,0.0,0.0,0.0,0.0,0.0,0.0,0.0,0.0,0.0,0.0,0.0,0.0
Bendix Bennetzen,Centre Midfielder,,2026-02-12,Training Session,Whole Session,105.0,920.0,5507.0,52.0,28.0,3.0,7.0,1.0,7.4,104.5,0.9,66.0,51.0
Tiago Mendes de Campos,Centre Midfielder,,2026-02-12,Training Session,Whole Session,105.0,848.0,5590.0,53.0,22.0,3.0,9.0,1.0,7.3,109.2,0.9,68.0,58.0
Sho Haggerty,Right Back,,2026-02-12,Training Session,Whole Session,105.0,852.0,5666.0,54.0,48.0,6.0,9.0,1.0,7.4,101.1,0.9,74.0,39.0
Caleb Borneo,,,2026-02-12,Training Session,Whole Session,105.0,898.0,5603.0,53.0,46.0,5.0,0.0,0.0,6.7,91.0,0.9,98.0,49.0
Jack Shannon,,,2026-02-12,Training Session,Whole Session,105.0,864.0,5795.0,55.0,49.0,5.0,10.0,1.0,7.2,100.5,0.9,77.0,53.0
Ben,Centre Back,"Defense, UNCG",2026-02-13,Training Session,Whole Session,145.0,544.0,4480.0,31.0,39.0,5.0,0.0,0.0,6.6,81.6,0.5,29.0,43.0
Mason Dancy,Centre Back,"Defense, UNCG",2026-02-13,Training Session,Whole Session,145.0,662.0,4957.0,34.0,55.0,9.0,0.0,0.0,6.4,73.9,0.6,53.0,50.0
Mohammed Sumaila,Centre Back,"Defense, UNCG",2026-02-13,Training Session,Whole Session,145.0,775.0,5539.0,38.0,112.0,12.0,0.0,0.0,6.7,75.5,0.6,59.0,47.0
bautista schmidt,Left Back,"Defense, UNCG",2026-02-13,Training Session,Whole Session,145.0,702.0,5183.0,36.0,119.0,12.0,0.0,0.0,6.7,82.5,0.6,72.0,71.0
Téva Lossec,Left Back,"Defense, UNCG",2026-02-13,Training Session,Whole Session,145.0,108.0,600.0,4.0,0.0,0.0,0.0,0.0,2.0,22.7,0.1,4.0,1.0
Trym Linberg,Right Back,"Defense, UNCG",2026-02-13,Training Session,Whole Session,145.0,792.0,6513.0,45.0,147.0,18.0,0.0,0.0,6.9,80.8,0.7,68.0,61.0
Kimito Fritz,Right Back,"Defense, UNCG",2026-02-13,Training Session,Whole Session,,,,,,,,,,,,,
Pablo Torre,Centre Forward,"FORWARDS, UNCG",2026-02-13,Training Session,Whole Session,145.0,801.0,5458.0,38.0,106.0,14.0,0.0,0.0,6.9,84.2,0.6,67.0,72.0
Mason Poveromo,Left Winger,"FORWARDS, UNCG",2026-02-13,Training Session,Whole Session,145.0,866.0,5948.0,41.0,115.0,12.0,0.0,0.0,6.4,77.1,0.7,53.0,62.0
Ethan lam,Centre Attacking Midfielder,"MIDS, UNCG",2026-02-13,Training Session,Whole Session,145.0,0.0,1.0,0.0,0.0,0.0,0.0,0.0,0.2,2.9,0.0,0.0,0.0
Sigurd,Centre Midfielder,"MIDS, UNCG",2026-02-13,Training Session,Whole Session,145.0,76.0,584.0,4.0,0.0,0.0,0.0,0.0,1.7,20.7,0.1,0.0,2.0
Robert elliott,Centre Defensive Midfielder,UNCG,2026-02-13,Training Session,Whole Session,145.0,765.0,4716.0,33.0,110.0,13.0,0.0,0.0,6.5,78.1,0.5,71.0,51.0
Daniel Longo,Centre Midfielder,UNCG,2026-02-13,Training Session,Whole Session,,,,,,,,,,,,,
Steven Hernandez,Left Winger,UNCG,2026-02-13,Training Session,Whole Session,145.0,819.0,5479.0,38.0,142.0,14.0,4.0,1.0,7.0,77.2,0.6,63.0,57.0
Enzo Dovlo,Right Winger,UNCG,2026-02-13,Training Session,Whole Session,145.0,0.0,0.0,0.0,0.0,0.0,0.0,0.0,0.0,0.0,0.0,0.0,0.0
Tiago Mendes de Campos,Centre Midfielder,,2026-02-13,Training Session,Whole Session,145.0,959.0,5937.0,41.0,83.0,11.0,0.0,0.0,6.7,91.6,0.7,54.0,69.0
Bendix Bennetzen,Centre Midfielder,,2026-02-13,Training Session,Whole Session,145.0,982.0,5662.0,39.0,151.0,15.0,0.0,0.0,6.8,92.8,0.6,60.0,62.0
Sho Haggerty,Right Back,,2026-02-13,Training Session,Whole Session,145.0,769.0,4716.0,33.0,82.0,11.0,8.0,1.0,7.5,101.9,0.5,60.0,65.0
Jack Shannon,,,2026-02-13,Training Session,Whole Session,145.0,930.0,6048.0,42.0,53.0,6.0,0.0,0.0,6.1,85.1,0.7,62.0,74.0
Caleb Borneo,,,2026-02-13,Training Session,Whole Session,145.0,1096.0,6342.0,44.0,206.0,20.0,0.0,0.0,6.9,94.5,0.7,74.0,70.0
Mason Dancy,Centre Back,"Defense, UNCG",2026-02-16,Training Session,Whole Session,135.0,840.0,6601.0,49.0,61.0,10.0,10.0,1.0,7.5,86.7,0.8,51.0,46.0
Ben,Centre Back,"Defense, UNCG",2026-02-16,Training Session,Whole Session,135.0,716.0,5855.0,43.0,29.0,4.0,0.0,0.0,6.3,77.9,0.7,40.0,27.0
Mohammed Sumaila,Centre Back,"Defense, UNCG",2026-02-16,Training Session,Whole Session,135.0,1186.0,7477.0,55.0,52.0,5.0,0.0,0.0,6.4,71.4,0.9,99.0,43.0
Téva Lossec,Left Back,"Defense, UNCG",2026-02-16,Training Session,Whole Session,135.0,1110.0,7534.0,56.0,93.0,10.0,11.0,1.0,7.4,82.7,0.9,82.0,48.0
bautista schmidt,Left Back,"Defense, UNCG",2026-02-16,Training Session,Whole Session,135.0,970.0,7140.0,53.0,257.0,24.0,10.0,1.0,7.2,88.7,0.9,86.0,58.0
Trym Linberg,Right Back,"Defense, UNCG",2026-02-16,Training Session,Whole Session,135.0,993.0,7085.0,52.0,95.0,11.0,22.0,2.0,7.8,91.8,0.9,87.0,68.0
Kimito Fritz,Right Back,"Defense, UNCG",2026-02-16,Training Session,Whole Session,,,,,,,,,,,,,
Pablo Torre,Centre Forward,"FORWARDS, UNCG",2026-02-16,Training Session,Whole Session,135.0,1150.0,7978.0,59.0,156.0,18.0,0.0,0.0,6.5,78.2,1.0,125.0,81.0
Mason Poveromo,Left Winger,"FORWARDS, UNCG",2026-02-16,Training Session,Whole Session,135.0,1046.0,7306.0,54.0,159.0,16.0,15.0,1.0,7.3,87.1,0.9,63.0,52.0
Ethan lam,Centre Attacking Midfielder,"MIDS, UNCG",2026-02-16,Training Session,Whole Session,135.0,935.0,6897.0,51.0,138.0,14.0,0.0,0.0,6.7,83.6,0.9,77.0,49.0
Sigurd,Centre Midfielder,"MIDS, UNCG",2026-02-16,Training Session,Whole Session,135.0,548.0,4327.0,32.0,0.0,0.0,0.0,0.0,4.9,60.2,0.5,41.0,15.0
Robert elliott,Centre Defensive Midfielder,UNCG,2026-02-16,Training Session,Whole Session,135.0,750.0,6145.0,46.0,20.0,2.0,0.0,0.0,6.2,74.8,0.8,65.0,31.0
Daniel Longo,Centre Midfielder,UNCG,2026-02-16,Training Session,Whole Session,,,,,,,,,,,,,
Steven Hernandez,Left Winger,UNCG,2026-02-16,Training Session,Whole Session,135.0,1054.0,7233.0,54.0,138.0,17.0,11.0,1.0,7.4,81.2,0.9,87.0,67.0
Enzo Dovlo,Right Winger,UNCG,2026-02-16,Training Session,Whole Session,135.0,0.0,0.0,0.0,0.0,0.0,0.0,0.0,0.0,0.0,0.0,0.0,0.0
Tiago Mendes de Campos,Centre Midfielder,,2026-02-16,Training Session,Whole Session,135.0,1129.0,7652.0,57.0,68.0,8.0,0.0,0.0,6.3,87.1,0.9,84.0,76.0
Bendix Bennetzen,Centre Midfielder,,2026-02-16,Training Session,Whole Session,135.0,1613.0,8286.0,61.0,70.0,7.0,0.0,0.0,6.6,90.1,1.0,106.0,76.0
Sho Haggerty,Right Back,,2026-02-16,Training Session,Whole Session,135.0,1200.0,8079.0,60.0,111.0,12.0,5.0,1.0,7.0,93.5,1.0,64.0,69.0
Jack Shannon,,,2026-02-16,Training Session,Whole Session,135.0,1218.0,7990.0,59.0,53.0,7.0,0.0,0.0,6.5,90.7,1.0,88.0,61.0
Caleb Borneo,,,2026-02-16,Training Session,Whole Session,135.0,1345.0,8010.0,59.0,92.0,10.0,0.0,0.0,6.9,94.0,1.0,120.0,80.0
Ben,Centre Back,"Defense, UNCG",2026-02-17,Training Session,Whole Session,135.0,677.0,4866.0,36.0,68.0,6.0,0.0,0.0,6.9,86.1,0.6,38.0,21.0
Mason Dancy,Centre Back,"Defense, UNCG",2026-02-17,Training Session,Whole Session,135.0,718.0,6062.0,45.0,51.0,5.0,11.0,1.0,7.5,86.2,0.7,74.0,32.0
Mohammed Sumaila,Centre Back,"Defense, UNCG",2026-02-17,Training Session,Whole Session,135.0,792.0,5947.0,44.0,55.0,7.0,18.0,2.0,7.2,80.7,0.7,66.0,30.0
Téva Lossec,Left Back,"Defense, UNCG",2026-02-17,Training Session,Whole Session,135.0,971.0,6642.0,49.0,183.0,18.0,7.0,1.0,7.0,78.4,0.8,72.0,36.0
bautista schmidt,Left Back,"Defense, UNCG",2026-02-17,Training Session,Whole Session,135.0,832.0,6388.0,47.0,216.0,16.0,0.0,0.0,6.9,85.8,0.8,71.0,43.0
Trym Linberg,Right Back,"Defense, UNCG",2026-02-17,Training Session,Whole Session,135.0,912.0,6257.0,46.0,264.0,24.0,33.0,3.0,7.8,91.1,0.8,74.0,52.0
Pablo Torre,Centre Forward,"FORWARDS, UNCG",2026-02-17,Training Session,Whole Session,135.0,1140.0,7741.0,57.0,220.0,17.0,39.0,4.0,8.1,97.6,1.0,78.0,51.0
Mason Poveromo,Left Winger,"FORWARDS, UNCG",2026-02-17,Training Session,Whole Session,135.0,1017.0,6785.0,50.0,93.0,8.0,0.0,0.0,6.8,81.1,0.8,40.0,38.0
Ethan lam,Centre Attacking Midfielder,"MIDS, UNCG",2026-02-17,Training Session,Whole Session,135.0,952.0,6881.0,51.0,140.0,15.0,0.0,0.0,6.8,85.1,0.8,71.0,48.0
Sigurd,Centre Midfielder,"MIDS, UNCG",2026-02-17,Training Session,Whole Session,135.0,819.0,5462.0,40.0,501.0,31.0,0.0,0.0,6.8,83.8,0.7,53.0,36.0
Robert elliott,Centre Defensive Midfielder,UNCG,2026-02-17,Training Session,Whole Session,135.0,913.0,6546.0,48.0,17.0,4.0,0.0,0.0,5.7,68.8,0.8,45.0,36.0
Steven Hernandez,Left Winger,UNCG,2026-02-17,Training Session,Whole Session,135.0,924.0,6036.0,45.0,139.0,17.0,63.0,5.0,7.6,83.8,0.7,62.0,46.0
Bendix Bennetzen,Centre Midfielder,,2026-02-17,Training Session,Whole Session,135.0,1385.0,7582.0,56.0,49.0,8.0,0.0,0.0,6.1,83.4,0.9,68.0,71.0
Tiago Mendes de Campos,Centre Midfielder,,2026-02-17,Training Session,Whole Session,135.0,1057.0,7263.0,54.0,87.0,6.0,23.0,1.0,7.8,107.7,0.9,61.0,44.0
Sho Haggerty,Right Back,,2026-02-17,Training Session,Whole Session,135.0,1110.0,7585.0,56.0,209.0,17.0,20.0,1.0,7.6,100.5,0.9,67.0,60.0
Jack Shannon,,,2026-02-17,Training Session,Whole Session,135.0,1074.0,7375.0,55.0,239.0,21.0,10.0,1.0,7.2,99.0,0.9,53.0,65.0
Caleb Borneo,,,2026-02-17,Training Session,Whole Session,135.0,1249.0,7647.0,57.0,100.0,11.0,10.0,1.0,7.6,102.8,0.9,89.0,57.0
Mohammed Sumaila,Centre Back,"Defense, UNCG",2026-02-18,Training Session,Whole Session,135.0,663.0,5158.0,38.0,72.0,8.0,0.0,0.0,6.7,75.3,0.6,75.0,39.0
Ben,Centre Back,"Defense, UNCG",2026-02-18,Training Session,Whole Session,135.0,613.0,4903.0,36.0,15.0,2.0,0.0,0.0,6.0,74.5,0.6,54.0,25.0
Mason Dancy,Centre Back,"Defense, UNCG",2026-02-18,Training Session,Whole Session,135.0,571.0,5065.0,38.0,24.0,4.0,0.0,0.0,6.0,69.0,0.6,56.0,21.0
Téva Lossec,Left Back,"Defense, UNCG",2026-02-18,Training Session,Whole Session,135.0,647.0,4932.0,37.0,54.0,8.0,0.0,0.0,6.3,71.0,0.6,54.0,24.0
bautista schmidt,Left Back,"Defense, UNCG",2026-02-18,Training Session,Whole Session,135.0,607.0,4756.0,35.0,110.0,11.0,6.0,1.0,7.0,87.0,0.6,77.0,46.0
Trym Linberg,Right Back,"Defense, UNCG",2026-02-18,Training Session,Whole Session,135.0,671.0,5337.0,40.0,31.0,4.0,0.0,0.0,6.2,72.3,0.7,63.0,39.0
Kimito Fritz,Right Back,"Defense, UNCG",2026-02-18,Training Session,Whole Session,,,,,,,,,,,,,
Pablo Torre,Centre Forward,"FORWARDS, UNCG",2026-02-18,Training Session,Whole Session,135.0,888.0,6285.0,47.0,41.0,6.0,0.0,0.0,7.0,84.3,0.8,80.0,60.0
Mason Poveromo,Left Winger,"FORWARDS, UNCG",2026-02-18,Training Session,Whole Session,135.0,732.0,5395.0,40.0,74.0,10.0,0.0,0.0,6.2,74.7,0.7,63.0,53.0
Ethan lam,Centre Attacking Midfielder,"MIDS, UNCG",2026-02-18,Training Session,Whole Session,135.0,628.0,5090.0,38.0,21.0,4.0,0.0,0.0,5.8,72.9,0.6,64.0,29.0
Sigurd,Centre Midfielder,"MIDS, UNCG",2026-02-18,Training Session,Whole Session,135.0,764.0,5416.0,40.0,6.0,1.0,0.0,0.0,5.8,72.3,0.7,73.0,24.0
Robert elliott,Centre Defensive Midfielder,UNCG,2026-02-18,Training Session,Whole Session,135.0,654.0,5031.0,37.0,9.0,1.0,0.0,0.0,6.0,73.1,0.6,66.0,27.0
Daniel Longo,Centre Midfielder,UNCG,2026-02-18,Training Session,Whole Session,,,,,,,,,,,,,
Steven Hernandez,Left Winger,UNCG,2026-02-18,Training Session,Whole Session,135.0,0.0,1.0,0.0,0.0,0.0,0.0,0.0,0.1,1.0,0.0,0.0,0.0
Enzo Dovlo,Right Winger,UNCG,2026-02-18,Training Session,Whole Session,135.0,0.0,0.0,0.0,0.0,0.0,0.0,0.0,0.0,0.0,0.0,0.0,0.0
Bendix Bennetzen,Centre Midfielder,,2026-02-18,Training Session,Whole Session,135.0,813.0,5474.0,41.0,54.0,4.0,6.0,1.0,7.0,95.6,0.7,87.0,55.0
Tiago Mendes de Campos,Centre Midfielder,,2026-02-18,Training Session,Whole Session,135.0,816.0,6046.0,45.0,38.0,5.0,0.0,0.0,6.7,85.2,0.7,73.0,60.0
Sho Haggerty,Right Back,,2026-02-18,Training Session,Whole Session,135.0,777.0,5929.0,44.0,23.0,4.0,0.0,0.0,6.6,87.7,0.7,64.0,30.0
Jack Shannon,,,2026-02-18,Training Session,Whole Session,135.0,869.0,6227.0,46.0,8.0,1.0,0.0,0.0,5.9,81.1,0.8,75.0,69.0
Caleb Borneo,,,2026-02-18,Training Session,Whole Session,135.0,839.0,5359.0,40.0,11.0,1.0,0.0,0.0,6.3,83.1,0.7,84.0,61.0
Mohammed Sumaila,Centre Back,"Defense, UNCG",2026-02-23,Training Session,Whole Session,135.0,1217.0,5543.0,41.0,20.0,4.0,0.0,0.0,6.2,68.9,0.7,81.0,44.0
Mason Dancy,Centre Back,"Defense, UNCG",2026-02-23,Training Session,Whole Session,135.0,543.0,5054.0,37.0,36.0,5.0,0.0,0.0,6.5,75.3,0.6,41.0,40.0
Ben,Centre Back,"Defense, UNCG",2026-02-23,Training Session,Whole Session,135.0,503.0,4792.0,35.0,6.0,1.0,0.0,0.0,5.7,71.3,0.6,28.0,27.0
Téva Lossec,Left Back,"Defense, UNCG",2026-02-23,Training Session,Whole Session,135.0,801.0,5778.0,43.0,0.0,0.0,0.0,0.0,5.4,60.0,0.7,42.0,35.0
bautista schmidt,Left Back,"Defense, UNCG",2026-02-23,Training Session,Whole Session,135.0,555.0,4923.0,36.0,24.0,3.0,0.0,0.0,6.3,78.3,0.6,56.0,65.0
Trym Linberg,Right Back,"Defense, UNCG",2026-02-23,Training Session,Whole Session,135.0,631.0,5140.0,38.0,92.0,12.0,42.0,2.0,7.8,90.9,0.6,72.0,50.0
Kimito Fritz,Right Back,"Defense, UNCG",2026-02-23,Training Session,Whole Session,,,,,,,,,,,,,
Pablo Torre,Centre Forward,"FORWARDS, UNCG",2026-02-23,Training Session,Whole Session,135.0,920.0,6437.0,48.0,93.0,13.0,13.0,1.0,7.8,94.1,0.8,96.0,94.0
Mason Poveromo,Left Winger,"FORWARDS, UNCG",2026-02-23,Training Session,Whole Session,135.0,933.0,6441.0,48.0,81.0,10.0,0.0,0.0,6.7,80.5,0.8,57.0,72.0
Ethan lam,Centre Attacking Midfielder,"MIDS, UNCG",2026-02-23,Training Session,Whole Session,135.0,798.0,6492.0,48.0,83.0,12.0,11.0,2.0,7.1,89.3,0.8,70.0,63.0
Sigurd,Centre Midfielder,"MIDS, UNCG",2026-02-23,Training Session,Whole Session,135.0,256.0,2509.0,19.0,0.0,0.0,0.0,0.0,4.4,54.6,0.3,12.0,5.0
Robert elliott,Centre Defensive Midfielder,UNCG,2026-02-23,Training Session,Whole Session,135.0,775.0,6208.0,46.0,42.0,6.0,0.0,0.0,6.3,76.4,0.8,76.0,58.0
Daniel Longo,Centre Midfielder,UNCG,2026-02-23,Training Session,Whole Session,,,,,,,,,,,,,
Steven Hernandez,Left Winger,UNCG,2026-02-23,Training Session,Whole Session,135.0,926.0,6694.0,50.0,148.0,16.0,0.0,0.0,7.0,76.3,0.8,85.0,62.0
Enzo Dovlo,Right Winger,UNCG,2026-02-23,Training Session,Whole Session,135.0,0.0,0.0,0.0,0.0,0.0,0.0,0.0,0.0,0.0,0.0,0.0,0.0
Bendix Bennetzen,Centre Midfielder,,2026-02-23,Training Session,Whole Session,135.0,924.0,6447.0,48.0,21.0,3.0,0.0,0.0,6.1,82.8,0.8,52.0,73.0
Tiago Mendes de Campos,Centre Midfielder,,2026-02-23,Training Session,Whole Session,135.0,954.0,7054.0,52.0,105.0,14.0,0.0,0.0,6.7,85.9,0.9,75.0,95.0
Sho Haggerty,Right Back,,2026-02-23,Training Session,Whole Session,135.0,777.0,6343.0,47.0,20.0,3.0,0.0,0.0,5.9,77.8,0.8,56.0,46.0
Jack Shannon,,,2026-02-23,Training Session,Whole Session,135.0,962.0,6891.0,51.0,49.0,5.0,0.0,0.0,6.9,95.6,0.8,69.0,65.0
Caleb Borneo,,,2026-02-23,Training Session,Whole Session,135.0,974.0,6369.0,47.0,108.0,15.0,0.0,0.0,6.7,89.0,0.8,96.0,69.0
Ben,Centre Back,"Defense, UNCG",2026-02-24,Training Session,Whole Session,135.0,561.0,4088.0,30.0,16.0,2.0,0.0,0.0,6.2,77.2,0.5,53.0,35.0
Mason Dancy,Centre Back,"Defense, UNCG",2026-02-24,Training Session,Whole Session,135.0,676.0,5332.0,39.0,0.0,0.0,0.0,0.0,5.3,60.9,0.7,59.0,29.0
Mohammed Sumaila,Centre Back,"Defense, UNCG",2026-02-24,Training Session,Whole Session,135.0,1377.0,5809.0,43.0,38.0,5.0,0.0,0.0,6.5,72.4,0.7,94.0,69.0
Téva Lossec,Left Back,"Defense, UNCG",2026-02-24,Training Session,Whole Session,135.0,618.0,4934.0,37.0,0.0,0.0,0.0,0.0,5.1,56.6,0.6,32.0,13.0
bautista schmidt,Left Back,"Defense, UNCG",2026-02-24,Training Session,Whole Session,135.0,699.0,5618.0,42.0,11.0,2.0,0.0,0.0,5.8,72.0,0.7,72.0,59.0
Trym Linberg,Right Back,"Defense, UNCG",2026-02-24,Training Session,Whole Session,135.0,688.0,5739.0,43.0,27.0,4.0,17.0,2.0,7.5,88.0,0.7,53.0,40.0
Pablo Torre,Centre Forward,"FORWARDS, UNCG",2026-02-24,Training Session,Whole Session,135.0,912.0,6804.0,50.0,95.0,11.0,0.0,0.0,6.6,80.3,0.8,100.0,89.0
Mason Poveromo,Left Winger,"FORWARDS, UNCG",2026-02-24,Training Session,Whole Session,135.0,869.0,6014.0,45.0,41.0,6.0,0.0,0.0,5.9,70.6,0.7,61.0,59.0
Ethan lam,Centre Attacking Midfielder,"MIDS, UNCG",2026-02-24,Training Session,Whole Session,135.0,739.0,6001.0,44.0,91.0,10.0,4.0,1.0,7.0,88.0,0.7,73.0,56.0
Sigurd,Centre Midfielder,"MIDS, UNCG",2026-02-24,Training Session,Whole Session,135.0,1163.0,7040.0,52.0,26.0,3.0,0.0,0.0,6.2,76.6,0.9,85.0,69.0
Robert elliott,Centre Defensive Midfielder,UNCG,2026-02-24,Training Session,Whole Session,135.0,745.0,5774.0,43.0,24.0,2.0,0.0,0.0,6.3,76.7,0.7,79.0,41.0
Steven Hernandez,Left Winger,UNCG,2026-02-24,Training Session,Whole Session,135.0,823.0,5951.0,44.0,42.0,6.0,0.0,0.0,6.3,69.3,0.7,78.0,49.0
Bendix Bennetzen,Centre Midfielder,,2026-02-24,Training Session,Whole Session,135.0,1007.0,6405.0,47.0,17.0,3.0,0.0,0.0,5.9,79.9,0.8,62.0,48.0
Tiago Mendes de Campos,Centre Midfielder,,2026-02-24,Training Session,Whole Session,135.0,1069.0,7170.0,53.0,23.0,3.0,0.0,0.0,6.7,85.1,0.9,90.0,95.0
Sho Haggerty,Right Back,,2026-02-24,Training Session,Whole Session,135.0,963.0,7009.0,52.0,59.0,9.0,0.0,0.0,6.2,81.6,0.9,84.0,55.0
Jack Shannon,,,2026-02-24,Training Session,Whole Session,135.0,1016.0,6716.0,50.0,51.0,5.0,0.0,0.0,6.0,83.6,0.8,87.0,65.0
Caleb Borneo,,,2026-02-24,Training Session,Whole Session,135.0,1081.0,6790.0,50.0,74.0,9.0,0.0,0.0,6.3,83.3,0.8,112.0,85.0
Mason Dancy,Centre Back,"Defense, UNCG",2026-02-25,Training Session,Whole Session,125.0,535.0,4604.0,37.0,0.0,0.0,0.0,0.0,5.4,62.2,0.6,62.0,23.0
Ben,Centre Back,"Defense, UNCG",2026-02-25,Training Session,Whole Session,125.0,546.0,4620.0,37.0,0.0,0.0,0.0,0.0,5.3,65.6,0.6,57.0,21.0
Mohammed Sumaila,Centre Back,"Defense, UNCG",2026-02-25,Training Session,Whole Session,125.0,1123.0,5214.0,42.0,31.0,5.0,0.0,0.0,6.0,67.0,0.7,117.0,55.0
Téva Lossec,Left Back,"Defense, UNCG",2026-02-25,Training Session,Whole Session,125.0,705.0,5577.0,45.0,117.0,10.0,14.0,3.0,7.2,80.3,0.7,58.0,22.0
bautista schmidt,Left Back,"Defense, UNCG",2026-02-25,Training Session,Whole Session,125.0,645.0,5582.0,45.0,199.0,16.0,30.0,4.0,7.4,91.6,0.7,78.0,49.0
Trym Linberg,Right Back,"Defense, UNCG",2026-02-25,Training Session,Whole Session,125.0,728.0,5698.0,46.0,172.0,19.0,98.0,7.0,7.8,91.1,0.8,83.0,36.0
Kimito Fritz,Right Back,"Defense, UNCG",2026-02-25,Training Session,Whole Session,,,,,,,,,,,,,
Pablo Torre,Centre Forward,"FORWARDS, UNCG",2026-02-25,Training Session,Whole Session,125.0,847.0,6321.0,51.0,64.0,9.0,0.0,0.0,5.9,71.1,0.8,100.0,56.0
Mason Poveromo,Left Winger,"FORWARDS, UNCG",2026-02-25,Training Session,Whole Session,125.0,700.0,5010.0,40.0,9.0,1.0,0.0,0.0,6.8,81.2,0.7,71.0,39.0
Ethan lam,Centre Attacking Midfielder,"MIDS, UNCG",2026-02-25,Training Session,Whole Session,125.0,837.0,6422.0,51.0,39.0,6.0,0.0,0.0,6.2,77.3,0.9,94.0,47.0
Sigurd,Centre Midfielder,"MIDS, UNCG",2026-02-25,Training Session,Whole Session,125.0,1022.0,6726.0,54.0,23.0,3.0,0.0,0.0,6.0,75.0,0.9,121.0,52.0
Robert elliott,Centre Defensive Midfielder,UNCG,2026-02-25,Training Session,Whole Session,125.0,588.0,5013.0,40.0,49.0,6.0,0.0,0.0,6.1,74.1,0.7,79.0,31.0
Daniel Longo,Centre Midfielder,UNCG,2026-02-25,Training Session,Whole Session,,,,,,,,,,,,,
Steven Hernandez,Left Winger,UNCG,2026-02-25,Training Session,Whole Session,125.0,946.0,5993.0,48.0,48.0,6.0,0.0,0.0,6.4,70.6,0.8,86.0,58.0
Enzo Dovlo,Right Winger,UNCG,2026-02-25,Training Session,Whole Session,125.0,0.0,0.0,0.0,0.0,0.0,0.0,0.0,0.0,0.0,0.0,0.0,0.0
Bendix Bennetzen,Centre Midfielder,,2026-02-25,Training Session,Whole Session,125.0,790.0,5515.0,44.0,9.0,1.0,0.0,0.0,5.6,75.9,0.7,83.0,48.0
Tiago Mendes de Campos,Centre Midfielder,,2026-02-25,Training Session,Whole Session,125.0,878.0,6523.0,52.0,48.0,6.0,13.0,1.0,7.2,92.3,0.9,86.0,50.0
Sho Haggerty,Right Back,,2026-02-25,Training Session,Whole Session,125.0,775.0,5594.0,45.0,163.0,16.0,20.0,2.0,7.3,96.8,0.7,79.0,28.0
Caleb Borneo,,,2026-02-25,Training Session,Whole Session,125.0,939.0,5744.0,46.0,218.0,21.0,26.0,3.0,7.4,98.4,0.8,107.0,76.0
Jack Shannon,,,2026-02-25,Training Session,Whole Session,125.0,836.0,6493.0,52.0,51.0,7.0,0.0,0.0,6.4,88.1,0.9,91.0,43.0
Mohammed Sumaila,Centre Back,"Defense, UNCG",2026-02-26,Training Session,Whole Session,125.0,1003.0,4282.0,34.0,23.0,4.0,0.0,0.0,6.2,69.4,0.6,77.0,53.0
Ben,Centre Back,"Defense, UNCG",2026-02-26,Training Session,Whole Session,125.0,35.0,390.0,3.0,0.0,0.0,0.0,0.0,1.7,21.5,0.1,0.0,0.0
Mason Dancy,Centre Back,"Defense, UNCG",2026-02-26,Training Session,Whole Session,125.0,457.0,4481.0,36.0,54.0,7.0,0.0,0.0,6.6,76.7,0.6,39.0,28.0
Téva Lossec,Left Back,"Defense, UNCG",2026-02-26,Training Session,Whole Session,125.0,468.0,3973.0,32.0,0.0,0.0,0.0,0.0,5.1,57.2,0.5,21.0,19.0
bautista schmidt,Left Back,"Defense, UNCG",2026-02-26,Training Session,Whole Session,125.0,373.0,3500.0,28.0,30.0,3.0,0.0,0.0,6.4,79.3,0.5,29.0,23.0
Trym Linberg,Right Back,"Defense, UNCG",2026-02-26,Training Session,Whole Session,125.0,389.0,3726.0,30.0,27.0,2.0,0.0,0.0,6.8,80.0,0.5,23.0,15.0
Pablo Torre,Centre Forward,"FORWARDS, UNCG",2026-02-26,Training Session,Whole Session,125.0,540.0,4494.0,36.0,3.0,1.0,0.0,0.0,5.6,67.9,0.6,51.0,35.0
Mason Poveromo,Left Winger,"FORWARDS, UNCG",2026-02-26,Training Session,Whole Session,125.0,425.0,3321.0,27.0,94.0,4.0,0.0,0.0,6.9,82.9,0.4,32.0,14.0
Ethan lam,Centre Attacking Midfielder,"MIDS, UNCG",2026-02-26,Training Session,Whole Session,125.0,391.0,3532.0,28.0,24.0,2.0,0.0,0.0,6.4,80.8,0.5,30.0,17.0
Sigurd,Centre Midfielder,"MIDS, UNCG",2026-02-26,Training Session,Whole Session,125.0,563.0,4179.0,33.0,7.0,1.0,0.0,0.0,5.7,70.3,0.6,41.0,30.0
Steven Hernandez,Left Winger,UNCG,2026-02-26,Training Session,Whole Session,125.0,379.0,3319.0,27.0,25.0,4.0,0.0,0.0,5.9,64.8,0.4,38.0,24.0
Tiago Mendes de Campos,Centre Midfielder,,2026-02-26,Training Session,Whole Session,125.0,597.0,4900.0,39.0,0.0,0.0,0.0,0.0,4.6,58.4,0.7,33.0,28.0
Bendix Bennetzen,Centre Midfielder,,2026-02-26,Training Session,Whole Session,125.0,422.0,3420.0,27.0,0.0,0.0,0.0,0.0,5.0,67.4,0.5,33.0,14.0
Sho Haggerty,Right Back,,2026-02-26,Training Session,Whole Session,125.0,410.0,3650.0,29.0,8.0,1.0,0.0,0.0,5.7,75.3,0.5,26.0,7.0
Caleb Borneo,,,2026-02-26,Training Session,Whole Session,125.0,663.0,4670.0,37.0,39.0,3.0,0.0,0.0,6.6,87.2,0.6,66.0,22.0
Jack Shannon,,,2026-02-26,Training Session,Whole Session,125.0,637.0,4775.0,38.0,56.0,7.0,0.0,0.0,6.5,89.4,0.6,50.0,32.0
Mason Dancy,Centre Back,"Defense, UNCG",2026-02-27,Training Session,Whole Session,135.0,515.0,4657.0,35.0,19.0,2.0,0.0,0.0,6.4,74.3,0.6,28.0,31.0
Ben,Centre Back,"Defense, UNCG",2026-02-27,Training Session,Whole Session,135.0,319.0,3729.0,28.0,0.0,0.0,0.0,0.0,5.5,68.2,0.5,13.0,5.0
Mohammed Sumaila,Centre Back,"Defense, UNCG",2026-02-27,Training Session,Whole Session,135.0,800.0,4306.0,32.0,4.0,1.0,0.0,0.0,5.6,62.8,0.5,95.0,39.0
bautista schmidt,Left Back,"Defense, UNCG",2026-02-27,Training Session,Whole Session,135.0,686.0,5153.0,38.0,35.0,4.0,0.0,0.0,6.2,77.2,0.6,37.0,34.0
Téva Lossec,Left Back,"Defense, UNCG",2026-02-27,Training Session,Whole Session,135.0,731.0,4707.0,35.0,105.0,10.0,24.0,2.0,7.8,86.7,0.6,37.0,24.0
Trym Linberg,Right Back,"Defense, UNCG",2026-02-27,Training Session,Whole Session,135.0,609.0,4842.0,36.0,186.0,18.0,50.0,3.0,8.1,94.4,0.6,43.0,39.0
Pablo Torre,Centre Forward,"FORWARDS, UNCG",2026-02-27,Training Session,Whole Session,135.0,812.0,5797.0,43.0,133.0,11.0,0.0,0.0,6.6,80.1,0.7,71.0,48.0
Mason Poveromo,Left Winger,"FORWARDS, UNCG",2026-02-27,Training Session,Whole Session,135.0,606.0,4265.0,32.0,62.0,7.0,0.0,0.0,6.7,80.6,0.5,37.0,37.0
Ethan lam,Centre Attacking Midfielder,"MIDS, UNCG",2026-02-27,Training Session,Whole Session,135.0,563.0,4560.0,34.0,49.0,6.0,11.0,1.0,7.0,88.0,0.6,32.0,33.0
Sigurd,Centre Midfielder,"MIDS, UNCG",2026-02-27,Training Session,Whole Session,135.0,769.0,5242.0,39.0,4.0,1.0,0.0,0.0,5.5,68.4,0.6,40.0,27.0
Steven Hernandez,Left Winger,UNCG,2026-02-27,Training Session,Whole Session,135.0,620.0,4581.0,34.0,116.0,11.0,0.0,0.0,6.8,74.6,0.6,57.0,34.0
Bendix Bennetzen,Centre Midfielder,,2026-02-27,Training Session,Whole Session,135.0,722.0,4821.0,36.0,25.0,4.0,0.0,0.0,6.1,82.4,0.6,55.0,29.0
Tiago Mendes de Campos,Centre Midfielder,,2026-02-27,Training Session,Whole Session,135.0,706.0,5496.0,41.0,17.0,3.0,0.0,0.0,5.7,73.1,0.7,56.0,46.0
Sho Haggerty,Right Back,,2026-02-27,Training Session,Whole Session,135.0,715.0,5252.0,39.0,118.0,7.0,0.0,0.0,6.8,89.4,0.6,37.0,33.0
Caleb Borneo,,,2026-02-27,Training Session,Whole Session,135.0,895.0,5252.0,39.0,142.0,12.0,0.0,0.0,6.8,90.0,0.6,79.0,59.0
Jack Shannon,,,2026-02-27,Training Session,Whole Session,135.0,813.0,5602.0,41.0,89.0,9.0,0.0,0.0,6.6,92.0,0.7,48.0,38.0
Mason Dancy,Centre Back,"Defense, UNCG",2026-02-28,Match Session,Whole Session,90.0,1210.0,8719.0,97.0,236.0,24.0,25.0,3.0,7.6,87.5,1.6,54.0,50.0
Ben,Centre Back,"Defense, UNCG",2026-02-28,Match Session,Whole Session,90.0,733.0,4805.0,53.0,62.0,7.0,11.0,1.0,7.3,91.4,0.9,22.0,32.0
Mohammed Sumaila,Centre Back,"Defense, UNCG",2026-02-28,Match Session,Whole Session,90.0,707.0,5265.0,59.0,102.0,12.0,54.0,4.0,8.2,92.0,1.0,47.0,27.0
bautista schmidt,Left Back,"Defense, UNCG",2026-02-28,Match Session,Whole Session,90.0,1299.0,9164.0,102.0,242.0,26.0,67.0,4.0,7.9,98.3,1.7,83.0,82.0
Téva Lossec,Left Back,"Defense, UNCG",2026-02-28,Match Session,Whole Session,90.0,107.0,1022.0,11.0,0.0,0.0,0.0,0.0,5.3,59.5,0.2,2.0,0.0
Trym Linberg,Right Back,"Defense, UNCG",2026-02-28,Match Session,Whole Session,90.0,1125.0,7395.0,82.0,305.0,36.0,145.0,10.0,8.5,99.4,1.4,63.0,85.0
Pablo Torre,Centre Forward,"FORWARDS, UNCG",2026-02-28,Match Session,Whole Session,90.0,1527.0,10009.0,111.0,511.0,47.0,80.0,7.0,7.5,91.1,1.9,82.0,75.0
Mason Poveromo,Left Winger,"FORWARDS, UNCG",2026-02-28,Match Session,Whole Session,90.0,693.0,4242.0,47.0,145.0,17.0,36.0,1.0,7.8,94.0,0.8,21.0,31.0
Ethan lam,Centre Attacking Midfielder,"MIDS, UNCG",2026-02-28,Match Session,Whole Session,90.0,663.0,4075.0,45.0,137.0,13.0,38.0,4.0,7.5,93.7,0.8,30.0,33.0
Sigurd,Centre Midfielder,"MIDS, UNCG",2026-02-28,Match Session,Whole Session,90.0,1094.0,5883.0,65.0,111.0,9.0,0.0,0.0,6.8,84.6,1.1,52.0,43.0
Steven Hernandez,Left Winger,UNCG,2026-02-28,Match Session,Whole Session,90.0,1738.0,10481.0,116.0,644.0,73.0,348.0,26.0,9.0,98.3,1.9,88.0,90.0
Bendix Bennetzen,Centre Midfielder,,2026-02-28,Match Session,Whole Session,90.0,1553.0,7331.0,81.0,221.0,21.0,0.0,0.0,6.8,91.7,1.4,58.0,75.0
Tiago Mendes de Campos,Centre Midfielder,,2026-02-28,Match Session,Whole Session,90.0,1607.0,10059.0,112.0,217.0,20.0,11.0,2.0,7.1,90.7,1.9,72.0,94.0
Sho Haggerty,Right Back,,2026-02-28,Match Session,Whole Session,90.0,577.0,3414.0,38.0,63.0,11.0,27.0,2.0,7.4,97.3,0.6,36.0,34.0
Jack Shannon,,,2026-02-28,Match Session,Whole Session,90.0,1275.0,7494.0,83.0,320.0,29.0,61.0,4.0,8.0,111.0,1.4,38.0,60.0
Caleb Borneo,,,2026-02-28,Match Session,Whole Session,90.0,1220.0,6898.0,77.0,270.0,30.0,69.0,6.0,7.8,103.5,1.3,60.0,72.0
Mohammed Sumaila,Centre Back,"Defense, UNCG",2026-03-03,Training Session,Whole Session,75.0,248.0,1915.0,26.0,23.0,2.0,0.0,0.0,6.5,73.2,0.4,38.0,20.0
Ben,Centre Back,"Defense, UNCG",2026-03-03,Training Session,Whole Session,75.0,234.0,1875.0,25.0,6.0,1.0,0.0,0.0,5.5,68.6,0.4,15.0,10.0
Mason Dancy,Centre Back,"Defense, UNCG",2026-03-03,Training Session,Whole Session,75.0,320.0,2342.0,31.0,5.0,1.0,0.0,0.0,5.5,64.0,0.5,28.0,17.0
bautista schmidt,Left Back,"Defense, UNCG",2026-03-03,Training Session,Whole Session,75.0,282.0,2300.0,31.0,48.0,4.0,0.0,0.0,6.8,84.5,0.5,44.0,23.0
Téva Lossec,Left Back,"Defense, UNCG",2026-03-03,Training Session,Whole Session,75.0,379.0,2451.0,33.0,17.0,1.0,0.0,0.0,6.4,72.0,0.5,30.0,32.0
Trym Linberg,Right Back,"Defense, UNCG",2026-03-03,Training Session,Whole Session,75.0,302.0,2270.0,30.0,31.0,3.0,0.0,0.0,6.3,73.7,0.5,37.0,25.0
Pablo Torre,Centre Forward,"FORWARDS, UNCG",2026-03-03,Training Session,Whole Session,75.0,430.0,2722.0,36.0,28.0,4.0,0.0,0.0,6.4,77.3,0.6,37.0,32.0
Mason Poveromo,Left Winger,"FORWARDS, UNCG",2026-03-03,Training Session,Whole Session,75.0,384.0,2690.0,36.0,0.0,0.0,0.0,0.0,5.1,61.5,0.6,32.0,26.0
Ethan lam,Centre Attacking Midfielder,"MIDS, UNCG",2026-03-03,Training Session,Whole Session,75.0,310.0,2263.0,30.0,0.0,0.0,0.0,0.0,5.3,66.2,0.5,31.0,16.0
Sigurd,Centre Midfielder,"MIDS, UNCG",2026-03-03,Training Session,Whole Session,75.0,0.0,0.0,0.0,0.0,0.0,0.0,0.0,0.0,0.0,0.0,0.0,0.0
Robert elliott,Centre Defensive Midfielder,UNCG,2026-03-03,Training Session,Whole Session,75.0,0.0,20.0,0.0,0.0,0.0,0.0,0.0,0.1,1.3,0.0,0.0,0.0
Steven Hernandez,Left Winger,UNCG,2026-03-03,Training Session,Whole Session,75.0,326.0,2322.0,31.0,24.0,3.0,0.0,0.0,6.4,70.2,0.5,42.0,22.0
Tiago Mendes de Campos,Centre Midfielder,,2026-03-03,Training Session,Whole Session,75.0,408.0,2805.0,37.0,28.0,4.0,0.0,0.0,6.3,80.3,0.6,40.0,47.0
Bendix Bennetzen,Centre Midfielder,,2026-03-03,Training Session,Whole Session,75.0,412.0,2528.0,34.0,6.0,1.0,0.0,0.0,5.7,77.2,0.6,39.0,28.0
Sho Haggerty,Right Back,,2026-03-03,Training Session,Whole Session,75.0,362.0,2538.0,34.0,11.0,2.0,0.0,0.0,5.8,76.1,0.6,31.0,23.0
Jack Shannon,,,2026-03-03,Training Session,Whole Session,75.0,401.0,2628.0,35.0,28.0,3.0,0.0,0.0,6.9,85.5,0.6,43.0,48.0
Caleb Borneo,,,2026-03-03,Training Session,Whole Session,75.0,365.0,2351.0,31.0,17.0,2.0,0.0,0.0,5.7,73.2,0.5,53.0,33.0
Mohammed Sumaila,Centre Back,"Defense, UNCG",2026-03-04,Training Session,Whole Session,135.0,842.0,6201.0,46.0,62.0,7.0,9.0,1.0,7.2,80.8,0.8,105.0,56.0
Mason Dancy,Centre Back,"Defense, UNCG",2026-03-04,Training Session,Whole Session,135.0,661.0,5632.0,42.0,46.0,8.0,12.0,1.0,7.2,83.6,0.7,88.0,56.0
Ben,Centre Back,"Defense, UNCG",2026-03-04,Training Session,Whole Session,135.0,568.0,5100.0,38.0,9.0,1.0,0.0,0.0,5.9,73.4,0.6,61.0,34.0
Téva Lossec,Left Back,"Defense, UNCG",2026-03-04,Training Session,Whole Session,135.0,718.0,5152.0,38.0,135.0,13.0,50.0,3.0,8.2,91.6,0.6,43.0,18.0
bautista schmidt,Left Back,"Defense, UNCG",2026-03-04,Training Session,Whole Session,135.0,801.0,6712.0,50.0,160.0,14.0,0.0,0.0,6.8,84.0,0.8,93.0,57.0
Trym Linberg,Right Back,"Defense, UNCG",2026-03-04,Training Session,Whole Session,135.0,0.0,78.0,1.0,0.0,0.0,0.0,0.0,0.1,1.7,0.0,0.0,0.0
Pablo Torre,Centre Forward,"FORWARDS, UNCG",2026-03-04,Training Session,Whole Session,135.0,1078.0,7721.0,57.0,287.0,18.0,39.0,4.0,7.5,90.6,1.0,132.0,58.0
Mason Poveromo,Left Winger,"FORWARDS, UNCG",2026-03-04,Training Session,Whole Session,135.0,840.0,6167.0,46.0,118.0,14.0,76.0,6.0,7.9,95.1,0.8,91.0,50.0
Ethan lam,Centre Attacking Midfielder,"MIDS, UNCG",2026-03-04,Training Session,Whole Session,135.0,756.0,6427.0,48.0,147.0,10.0,0.0,0.0,6.6,82.9,0.8,85.0,33.0
Sigurd,Centre Midfielder,"MIDS, UNCG",2026-03-04,Training Session,Whole Session,135.0,897.0,6233.0,46.0,28.0,2.0,0.0,0.0,6.3,78.1,0.8,86.0,36.0
Steven Hernandez,Left Winger,UNCG,2026-03-04,Training Session,Whole Session,135.0,646.0,4879.0,36.0,136.0,12.0,29.0,2.0,7.8,85.3,0.6,61.0,34.0
Bendix Bennetzen,Centre Midfielder,,2026-03-04,Training Session,Whole Session,135.0,743.0,5393.0,40.0,49.0,4.0,0.0,0.0,6.2,84.6,0.7,86.0,31.0
Tiago Mendes de Campos,Centre Midfielder,,2026-03-04,Training Session,Whole Session,135.0,918.0,7288.0,54.0,15.0,2.0,0.0,0.0,5.8,73.8,0.9,109.0,61.0
Sho Haggerty,Right Back,,2026-03-04,Training Session,Whole Session,135.0,681.0,5370.0,40.0,91.0,9.0,4.0,1.0,7.0,92.4,0.7,52.0,19.0
Caleb Borneo,,,2026-03-04,Training Session,Whole Session,135.0,1039.0,6249.0,46.0,224.0,24.0,19.0,3.0,7.2,91.5,0.8,125.0,60.0
Jack Shannon,,,2026-03-04,Training Session,Whole Session,135.0,1022.0,7204.0,53.0,241.0,18.0,24.0,2.0,7.3,91.2,0.9,99.0,64.0
Ben,Centre Back,"Defense, UNCG",2026-03-05,Training Session,Whole Session,135.0,198.0,2123.0,16.0,0.0,0.0,0.0,0.0,4.1,51.0,0.3,11.0,2.0
Mason Dancy,Centre Back,"Defense, UNCG",2026-03-05,Training Session,Whole Session,135.0,449.0,4270.0,32.0,9.0,2.0,0.0,0.0,5.8,66.8,0.5,34.0,19.0
Mohammed Sumaila,Centre Back,"Defense, UNCG",2026-03-05,Training Session,Whole Session,135.0,533.0,4220.0,31.0,7.0,1.0,0.0,0.0,5.7,63.9,0.5,49.0,33.0
bautista schmidt,Left Back,"Defense, UNCG",2026-03-05,Training Session,Whole Session,135.0,535.0,4757.0,35.0,72.0,9.0,51.0,2.0,8.2,101.3,0.6,31.0,39.0
Téva Lossec,Left Back,"Defense, UNCG",2026-03-05,Training Session,Whole Session,135.0,710.0,5245.0,39.0,104.0,15.0,37.0,2.0,7.8,87.3,0.6,58.0,39.0
Trym Linberg,Right Back,"Defense, UNCG",2026-03-05,Training Session,Whole Session,135.0,566.0,4671.0,35.0,81.0,9.0,40.0,3.0,7.9,92.6,0.6,46.0,33.0
Pablo Torre,Centre Forward,"FORWARDS, UNCG",2026-03-05,Training Session,Whole Session,135.0,697.0,5203.0,39.0,73.0,9.0,0.0,0.0,6.1,74.4,0.6,75.0,49.0
Mason Poveromo,Left Winger,"FORWARDS, UNCG",2026-03-05,Training Session,Whole Session,135.0,611.0,4583.0,34.0,65.0,6.0,0.0,0.0,6.6,79.3,0.6,34.0,28.0
Ethan lam,Centre Attacking Midfielder,"MIDS, UNCG",2026-03-05,Training Session,Whole Session,135.0,744.0,5591.0,41.0,96.0,13.0,0.0,0.0,6.4,80.3,0.7,58.0,41.0
Sigurd,Centre Midfielder,"MIDS, UNCG",2026-03-05,Training Session,Whole Session,135.0,787.0,5618.0,42.0,26.0,4.0,0.0,0.0,6.6,81.4,0.7,61.0,25.0
Steven Hernandez,Left Winger,UNCG,2026-03-05,Training Session,Whole Session,135.0,792.0,6001.0,44.0,159.0,17.0,13.0,1.0,7.6,83.0,0.7,82.0,59.0
Tiago Mendes de Campos,Centre Midfielder,,2026-03-05,Training Session,Whole Session,135.0,723.0,5937.0,44.0,24.0,4.0,0.0,0.0,6.5,83.3,0.7,66.0,47.0
Bendix Bennetzen,Centre Midfielder,,2026-03-05,Training Session,Whole Session,135.0,629.0,4809.0,36.0,12.0,2.0,0.0,0.0,6.1,83.4,0.6,42.0,29.0
Sho Haggerty,Right Back,,2026-03-05,Training Session,Whole Session,135.0,654.0,5067.0,38.0,68.0,11.0,27.0,3.0,7.5,99.6,0.6,35.0,30.0
Caleb Borneo,,,2026-03-05,Training Session,Whole Session,135.0,941.0,5693.0,42.0,140.0,21.0,17.0,2.0,7.8,99.2,0.7,94.0,70.0
Jack Shannon,,,2026-03-05,Training Session,Whole Session,135.0,890.0,6011.0,45.0,138.0,14.0,13.0,1.0,7.5,94.2,0.7,61.0,64.0
Mohammed Sumaila,Centre Back,"Defense, UNCG",2026-03-06,Match Session,Whole Session,90.0,1271.0,8088.0,90.0,216.0,29.0,73.0,6.0,8.3,92.9,1.5,66.0,50.0
Mason Dancy,Centre Back,"Defense, UNCG",2026-03-06,Match Session,Whole Session,90.0,497.0,3618.0,40.0,81.0,10.0,22.0,2.0,7.3,85.0,0.7,23.0,18.0
Ben,Centre Back,"Defense, UNCG",2026-03-06,Match Session,Whole Session,90.0,611.0,4463.0,50.0,129.0,10.0,0.0,0.0,7.0,86.7,0.8,28.0,29.0
bautista schmidt,Left Back,"Defense, UNCG",2026-03-06,Match Session,Whole Session,90.0,1321.0,8831.0,98.0,348.0,35.0,75.0,7.0,8.1,99.1,1.6,64.0,79.0
Téva Lossec,Left Back,"Defense, UNCG",2026-03-06,Match Session,Whole Session,90.0,256.0,1638.0,18.0,33.0,4.0,9.0,1.0,7.4,83.0,0.3,9.0,11.0
Trym Linberg,Right Back,"Defense, UNCG",2026-03-06,Match Session,Whole Session,90.0,1227.0,8367.0,93.0,313.0,32.0,122.0,10.0,7.9,92.2,1.5,76.0,76.0
Pablo Torre,Centre Forward,"FORWARDS, UNCG",2026-03-06,Match Session,Whole Session,90.0,1506.0,9225.0,103.0,506.0,43.0,164.0,12.0,8.1,98.3,1.7,68.0,59.0
Mason Poveromo,Left Winger,"FORWARDS, UNCG",2026-03-06,Match Session,Whole Session,90.0,462.0,2854.0,32.0,130.0,10.0,22.0,1.0,8.1,97.0,0.5,22.0,28.0
Ethan lam,Centre Attacking Midfielder,"MIDS, UNCG",2026-03-06,Match Session,Whole Session,90.0,501.0,3122.0,35.0,129.0,15.0,22.0,2.0,7.5,94.4,0.6,29.0,26.0
Sigurd,Centre Midfielder,"MIDS, UNCG",2026-03-06,Match Session,Whole Session,90.0,1240.0,6747.0,75.0,223.0,25.0,66.0,1.0,8.2,101.1,1.2,52.0,48.0
Steven Hernandez,Left Winger,UNCG,2026-03-06,Match Session,Whole Session,90.0,1309.0,8169.0,91.0,368.0,44.0,277.0,14.0,8.7,94.8,1.5,59.0,67.0
Tiago Mendes de Campos,Centre Midfielder,,2026-03-06,Match Session,Whole Session,90.0,1191.0,7354.0,82.0,237.0,23.0,72.0,4.0,8.3,106.1,1.4,57.0,49.0
Bendix Bennetzen,Centre Midfielder,,2026-03-06,Match Session,Whole Session,90.0,1003.0,5643.0,63.0,163.0,16.0,64.0,5.0,8.0,108.0,1.0,50.0,35.0
Sho Haggerty,Right Back,,2026-03-06,Match Session,Whole Session,90.0,240.0,1570.0,17.0,29.0,5.0,41.0,2.0,9.0,119.6,0.3,10.0,11.0
Jack Shannon,,,2026-03-06,Match Session,Whole Session,90.0,1214.0,7199.0,80.0,265.0,24.0,13.0,1.0,7.3,91.1,1.3,50.0,73.0
Caleb Borneo,,,2026-03-06,Match Session,Whole Session,90.0,1405.0,7302.0,81.0,332.0,29.0,77.0,4.0,8.2,105.3,1.4,64.0,52.0
Mason Dancy,Centre Back,"Defense, UNCG",2026-03-16,Training Session,Whole Session,135.0,380.0,3157.0,23.0,0.0,0.0,0.0,0.0,4.3,49.3,0.4,26.0,15.0
Mohammed Sumaila,Centre Back,"Defense, UNCG",2026-03-16,Training Session,Whole Session,135.0,788.0,5361.0,40.0,68.0,10.0,10.0,1.0,7.4,82.9,0.7,73.0,40.0
Ben,Centre Back,"Defense, UNCG",2026-03-16,Training Session,Whole Session,135.0,26.0,385.0,3.0,0.0,0.0,0.0,0.0,1.8,22.0,0.0,0.0,0.0
Téva Lossec,Left Back,"Defense, UNCG",2026-03-16,Training Session,Whole Session,135.0,774.0,5505.0,41.0,92.0,9.0,0.0,0.0,6.5,73.2,0.7,73.0,44.0
bautista schmidt,Left Back,"Defense, UNCG",2026-03-16,Training Session,Whole Session,135.0,693.0,6182.0,46.0,77.0,8.0,0.0,0.0,6.7,81.2,0.8,83.0,58.0
Trym Linberg,Right Back,"Defense, UNCG",2026-03-16,Training Session,Whole Session,135.0,677.0,5381.0,40.0,70.0,8.0,9.0,1.0,7.0,82.1,0.7,74.0,52.0
Pablo Torre,Centre Forward,"FORWARDS, UNCG",2026-03-16,Training Session,Whole Session,135.0,734.0,5802.0,43.0,51.0,9.0,0.0,0.0,6.1,73.8,0.7,83.0,48.0
Mason Poveromo,Left Winger,"FORWARDS, UNCG",2026-03-16,Training Session,Whole Session,135.0,808.0,5852.0,43.0,67.0,8.0,0.0,0.0,6.5,78.1,0.7,75.0,74.0
Ethan lam,Centre Attacking Midfielder,"MIDS, UNCG",2026-03-16,Training Session,Whole Session,135.0,700.0,5461.0,40.0,10.0,2.0,0.0,0.0,5.8,72.2,0.7,86.0,55.0
Sigurd,Centre Midfielder,"MIDS, UNCG",2026-03-16,Training Session,Whole Session,135.0,894.0,5785.0,43.0,56.0,9.0,0.0,0.0,6.2,75.5,0.7,98.0,76.0
Steven Hernandez,Left Winger,UNCG,2026-03-16,Training Session,Whole Session,135.0,668.0,4689.0,35.0,66.0,11.0,6.0,1.0,7.2,78.8,0.6,86.0,52.0
Tiago Mendes de Campos,Centre Midfielder,,2026-03-16,Training Session,Whole Session,135.0,876.0,6369.0,47.0,84.0,11.0,5.0,1.0,7.0,84.5,0.8,85.0,57.0
Bendix Bennetzen,Centre Midfielder,,2026-03-16,Training Session,Whole Session,135.0,1095.0,6265.0,46.0,68.0,10.0,0.0,0.0,6.9,86.3,0.8,66.0,87.0
Sho Haggerty,Right Back,,2026-03-16,Training Session,Whole Session,135.0,895.0,6194.0,46.0,44.0,7.0,21.0,2.0,7.3,80.9,0.8,91.0,71.0
Caleb Borneo,,,2026-03-16,Training Session,Whole Session,135.0,843.0,5484.0,41.0,62.0,8.0,22.0,1.0,8.0,97.0,0.7,101.0,69.0
Jack Shannon,,,2026-03-16,Training Session,Whole Session,135.0,876.0,6070.0,45.0,57.0,6.0,0.0,0.0,6.7,83.2,0.7,95.0,72.0
Ben,Centre Back,"Defense, UNCG",2026-03-17,Training Session,Whole Session,135.0,0.0,21.0,0.0,0.0,0.0,0.0,0.0,0.1,1.1,0.0,0.0,0.0
Mohammed Sumaila,Centre Back,"Defense, UNCG",2026-03-17,Training Session,Whole Session,135.0,664.0,4975.0,37.0,87.0,8.0,0.0,0.0,6.6,74.4,0.6,88.0,46.0
Mason Dancy,Centre Back,"Defense, UNCG",2026-03-17,Training Session,Whole Session,135.0,605.0,4733.0,35.0,31.0,4.0,0.0,0.0,6.8,78.5,0.6,59.0,41.0
bautista schmidt,Left Back,"Defense, UNCG",2026-03-17,Training Session,Whole Session,135.0,0.0,0.0,0.0,0.0,0.0,0.0,0.0,0.0,0.0,0.0,0.0,0.0
Téva Lossec,Left Back,"Defense, UNCG",2026-03-17,Training Session,Whole Session,135.0,800.0,5253.0,39.0,145.0,13.0,29.0,2.0,7.7,85.6,0.6,70.0,53.0
Trym Linberg,Right Back,"Defense, UNCG",2026-03-17,Training Session,Whole Session,135.0,650.0,4862.0,36.0,49.0,7.0,16.0,1.0,7.5,88.5,0.6,76.0,49.0
Pablo Torre,Centre Forward,"FORWARDS, UNCG",2026-03-17,Training Session,Whole Session,135.0,805.0,5778.0,43.0,51.0,6.0,0.0,0.0,6.2,75.6,0.7,79.0,53.0
Mason Poveromo,Left Winger,"FORWARDS, UNCG",2026-03-17,Training Session,Whole Session,135.0,660.0,4686.0,35.0,26.0,4.0,0.0,0.0,6.3,75.6,0.6,57.0,44.0
Ethan lam,Centre Attacking Midfielder,"MIDS, UNCG",2026-03-17,Training Session,Whole Session,135.0,565.0,4520.0,33.0,63.0,5.0,0.0,0.0,6.7,83.9,0.6,56.0,32.0
Sigurd,Centre Midfielder,"MIDS, UNCG",2026-03-17,Training Session,Whole Session,135.0,742.0,5081.0,38.0,82.0,8.0,0.0,0.0,6.3,77.7,0.6,84.0,56.0
Steven Hernandez,Left Winger,UNCG,2026-03-17,Training Session,Whole Session,135.0,776.0,5437.0,40.0,30.0,6.0,9.0,1.0,7.1,78.1,0.7,80.0,52.0
Tiago Mendes de Campos,Centre Midfielder,,2026-03-17,Training Session,Whole Session,135.0,714.0,5431.0,40.0,7.0,1.0,0.0,0.0,5.9,70.7,0.7,65.0,41.0
Bendix Bennetzen,Centre Midfielder,,2026-03-17,Training Session,Whole Session,135.0,724.0,4821.0,36.0,26.0,3.0,0.0,0.0,6.6,82.8,0.6,86.0,37.0
Sho Haggerty,Right Back,,2026-03-17,Training Session,Whole Session,135.0,648.0,4889.0,36.0,120.0,11.0,12.0,1.0,7.4,81.7,0.6,59.0,40.0
Jack Shannon,,,2026-03-17,Training Session,Whole Session,135.0,763.0,5365.0,40.0,10.0,2.0,0.0,0.0,5.9,73.3,0.7,63.0,47.0
Caleb Borneo,,,2026-03-17,Training Session,Whole Session,135.0,834.0,5119.0,38.0,40.0,6.0,0.0,0.0,5.9,71.3,0.6,131.0,49.0
Mohammed Sumaila,Centre Back,"Defense, UNCG",2026-03-18,Training Session,Whole Session,135.0,0.0,11.0,0.0,0.0,0.0,0.0,0.0,0.1,1.6,0.0,0.0,0.0
Mason Dancy,Centre Back,"Defense, UNCG",2026-03-18,Training Session,Whole Session,135.0,900.0,7042.0,52.0,80.0,11.0,21.0,2.0,8.0,92.5,0.9,95.0,57.0
Ben,Centre Back,"Defense, UNCG",2026-03-18,Training Session,Whole Session,135.0,844.0,6836.0,51.0,35.0,3.0,0.0,0.0,6.5,81.5,0.8,65.0,68.0
bautista schmidt,Left Back,"Defense, UNCG",2026-03-18,Training Session,Whole Session,135.0,929.0,7197.0,53.0,132.0,12.0,25.0,2.0,8.0,97.6,0.9,126.0,93.0
Téva Lossec,Left Back,"Defense, UNCG",2026-03-18,Training Session,Whole Session,135.0,1148.0,7978.0,59.0,145.0,16.0,39.0,3.0,8.2,91.9,1.0,95.0,68.0
Trym Linberg,Right Back,"Defense, UNCG",2026-03-18,Training Session,Whole Session,135.0,1021.0,7384.0,55.0,166.0,17.0,42.0,3.0,7.9,92.3,0.9,134.0,93.0
Pablo Torre,Centre Forward,"FORWARDS, UNCG",2026-03-18,Training Session,Whole Session,135.0,1116.0,8281.0,61.0,165.0,19.0,21.0,4.0,7.7,93.0,1.0,142.0,86.0
Mason Poveromo,Left Winger,"FORWARDS, UNCG",2026-03-18,Training Session,Whole Session,135.0,1120.0,7758.0,57.0,85.0,9.0,20.0,2.0,7.7,92.0,1.0,94.0,77.0
Ethan lam,Centre Attacking Midfielder,"MIDS, UNCG",2026-03-18,Training Session,Whole Session,135.0,1171.0,8398.0,62.0,132.0,14.0,21.0,2.0,7.4,92.8,1.0,143.0,87.0
Sigurd,Centre Midfielder,"MIDS, UNCG",2026-03-18,Training Session,Whole Session,135.0,1509.0,9141.0,68.0,77.0,11.0,0.0,0.0,6.5,79.2,1.1,107.0,125.0
Steven Hernandez,Left Winger,UNCG,2026-03-18,Training Session,Whole Session,135.0,814.0,6017.0,45.0,51.0,8.0,17.0,3.0,7.3,79.7,0.7,90.0,65.0
Tiago Mendes de Campos,Centre Midfielder,,2026-03-18,Training Session,Whole Session,135.0,1296.0,9357.0,69.0,114.0,10.0,0.0,0.0,6.8,82.1,1.2,125.0,104.0
Bendix Bennetzen,Centre Midfielder,,2026-03-18,Training Session,Whole Session,135.0,1651.0,8883.0,66.0,50.0,6.0,9.0,1.0,7.2,90.4,1.1,122.0,110.0
Sho Haggerty,Right Back,,2026-03-18,Training Session,Whole Session,135.0,1172.0,8051.0,60.0,164.0,17.0,38.0,2.0,8.1,89.6,1.0,133.0,92.0
Caleb Borneo,,,2026-03-18,Training Session,Whole Session,135.0,1319.0,8202.0,61.0,123.0,18.0,48.0,4.0,7.8,95.2,1.0,159.0,101.0
Jack Shannon,,,2026-03-18,Training Session,Whole Session,135.0,1393.0,9130.0,68.0,96.0,9.0,24.0,2.0,7.6,94.3,1.1,122.0,125.0
Ben,Centre Back,"Defense, UNCG",2026-03-19,Training Session,Whole Session,135.0,358.0,3199.0,24.0,39.0,4.0,0.0,0.0,6.4,79.7,0.4,27.0,12.0
Mohammed Sumaila,Centre Back,"Defense, UNCG",2026-03-19,Training Session,Whole Session,135.0,582.0,4523.0,34.0,56.0,8.0,0.0,0.0,6.7,74.8,0.6,64.0,46.0
Mason Dancy,Centre Back,"Defense, UNCG",2026-03-19,Training Session,Whole Session,135.0,531.0,4972.0,37.0,83.0,11.0,0.0,0.0,6.7,77.1,0.6,60.0,32.0
Téva Lossec,Left Back,"Defense, UNCG",2026-03-19,Training Session,Whole Session,135.0,564.0,4487.0,33.0,81.0,10.0,10.0,2.0,7.1,79.6,0.6,51.0,37.0
bautista schmidt,Left Back,"Defense, UNCG",2026-03-19,Training Session,Whole Session,135.0,437.0,4002.0,30.0,72.0,11.0,0.0,0.0,5.9,72.6,0.5,41.0,36.0
Trym Linberg,Right Back,"Defense, UNCG",2026-03-19,Training Session,Whole Session,135.0,690.0,5395.0,40.0,291.0,31.0,61.0,8.0,8.0,89.7,0.7,50.0,38.0
Pablo Torre,Centre Forward,"FORWARDS, UNCG",2026-03-19,Training Session,Whole Session,135.0,731.0,5498.0,41.0,147.0,17.0,16.0,2.0,7.1,85.0,0.7,79.0,48.0
Mason Poveromo,Left Winger,"FORWARDS, UNCG",2026-03-19,Training Session,Whole Session,135.0,489.0,4249.0,31.0,84.0,8.0,0.0,0.0,6.6,78.2,0.5,34.0,27.0
Ethan lam,Centre Attacking Midfielder,"MIDS, UNCG",2026-03-19,Training Session,Whole Session,135.0,594.0,4916.0,36.0,70.0,11.0,10.0,1.0,7.1,88.9,0.6,45.0,31.0
Sigurd,Centre Midfielder,"MIDS, UNCG",2026-03-19,Training Session,Whole Session,135.0,823.0,6077.0,45.0,119.0,10.0,8.0,1.0,7.2,88.3,0.7,76.0,41.0
Steven Hernandez,Left Winger,UNCG,2026-03-19,Training Session,Whole Session,135.0,934.0,6494.0,48.0,260.0,28.0,53.0,6.0,7.5,82.7,0.8,70.0,56.0
Tiago Mendes de Campos,Centre Midfielder,,2026-03-19,Training Session,Whole Session,135.0,759.0,6312.0,47.0,16.0,2.0,0.0,0.0,6.0,72.2,0.8,68.0,45.0
Bendix Bennetzen,Centre Midfielder,,2026-03-19,Training Session,Whole Session,135.0,776.0,5858.0,43.0,54.0,6.0,0.0,0.0,6.3,79.7,0.7,68.0,38.0
Sho Haggerty,Right Back,,2026-03-19,Training Session,Whole Session,135.0,688.0,5401.0,40.0,181.0,17.0,31.0,2.0,7.7,84.7,0.7,39.0,36.0
Jack Shannon,,,2026-03-19,Training Session,Whole Session,135.0,555.0,4641.0,34.0,114.0,9.0,0.0,0.0,6.5,81.0,0.6,38.0,30.0
Caleb Borneo,,,2026-03-19,Training Session,Whole Session,135.0,681.0,4844.0,36.0,179.0,19.0,16.0,2.0,7.3,88.3,0.6,58.0,42.0
Ben,Centre Back,"Defense, UNCG",2026-03-20,Training Session,Whole Session,135.0,446.0,4288.0,32.0,10.0,2.0,0.0,0.0,5.5,69.0,0.5,28.0,17.0
Mohammed Sumaila,Centre Back,"Defense, UNCG",2026-03-20,Training Session,Whole Session,135.0,512.0,4269.0,32.0,0.0,0.0,0.0,0.0,5.2,58.0,0.5,52.0,21.0
Mason Dancy,Centre Back,"Defense, UNCG",2026-03-20,Training Session,Whole Session,135.0,504.0,4766.0,35.0,28.0,5.0,0.0,0.0,6.9,79.3,0.6,48.0,24.0
bautista schmidt,Left Back,"Defense, UNCG",2026-03-20,Training Session,Whole Session,135.0,403.0,4301.0,32.0,37.0,5.0,0.0,0.0,5.9,71.6,0.5,29.0,20.0
Téva Lossec,Left Back,"Defense, UNCG",2026-03-20,Training Session,Whole Session,135.0,663.0,5420.0,40.0,82.0,8.0,4.0,1.0,7.2,80.0,0.7,40.0,39.0
Trym Linberg,Right Back,"Defense, UNCG",2026-03-20,Training Session,Whole Session,135.0,457.0,4202.0,31.0,136.0,16.0,12.0,1.0,7.2,81.4,0.5,47.0,33.0
Pablo Torre,Centre Forward,"FORWARDS, UNCG",2026-03-20,Training Session,Whole Session,135.0,624.0,5093.0,38.0,28.0,4.0,0.0,0.0,6.3,75.5,0.6,34.0,31.0
Mason Poveromo,Left Winger,"FORWARDS, UNCG",2026-03-20,Training Session,Whole Session,135.0,627.0,4901.0,36.0,88.0,9.0,0.0,0.0,6.2,73.8,0.6,26.0,34.0
Ethan lam,Centre Attacking Midfielder,"MIDS, UNCG",2026-03-20,Training Session,Whole Session,135.0,525.0,4736.0,35.0,10.0,2.0,0.0,0.0,5.8,73.0,0.6,44.0,30.0
Sigurd,Centre Midfielder,"MIDS, UNCG",2026-03-20,Training Session,Whole Session,135.0,741.0,5300.0,39.0,53.0,7.0,0.0,0.0,6.2,76.2,0.7,49.0,40.0
Steven Hernandez,Left Winger,UNCG,2026-03-20,Training Session,Whole Session,135.0,352.0,3594.0,27.0,5.0,1.0,0.0,0.0,5.6,61.6,0.4,18.0,6.0
Bendix Bennetzen,Centre Midfielder,,2026-03-20,Training Session,Whole Session,135.0,614.0,4755.0,35.0,9.0,1.0,0.0,0.0,6.0,75.0,0.6,45.0,32.0
Tiago Mendes de Campos,Centre Midfielder,,2026-03-20,Training Session,Whole Session,135.0,682.0,5776.0,43.0,41.0,5.0,0.0,0.0,6.7,81.3,0.7,50.0,33.0
Sho Haggerty,Right Back,,2026-03-20,Training Session,Whole Session,135.0,750.0,6022.0,45.0,95.0,10.0,11.0,1.0,7.3,80.2,0.7,44.0,45.0
Caleb Borneo,,,2026-03-20,Training Session,Whole Session,135.0,777.0,5469.0,41.0,65.0,8.0,5.0,1.0,7.4,89.9,0.7,55.0,40.0
Jack Shannon,,,2026-03-20,Training Session,Whole Session,135.0,652.0,5262.0,39.0,48.0,6.0,0.0,0.0,6.7,84.0,0.6,43.0,57.0
Mohammed Sumaila,Centre Back,"Defense, UNCG",2026-03-21,Match Session,Whole Session,90.0,1462.0,8567.0,95.0,268.0,26.0,39.0,4.0,8.3,93.3,1.6,73.0,55.0
Ben,Centre Back,"Defense, UNCG",2026-03-21,Match Session,Whole Session,90.0,1150.0,7912.0,88.0,158.0,16.0,31.0,2.0,7.6,94.6,1.5,42.0,36.0
Mason Dancy,Centre Back,"Defense, UNCG",2026-03-21,Match Session,Whole Session,90.0,1163.0,7831.0,87.0,202.0,22.0,104.0,5.0,8.8,102.1,1.4,60.0,44.0
Téva Lossec,Left Back,"Defense, UNCG",2026-03-21,Match Session,Whole Session,90.0,5.0,98.0,1.0,0.0,0.0,0.0,0.0,1.5,17.3,0.0,0.0,0.0
bautista schmidt,Left Back,"Defense, UNCG",2026-03-21,Match Session,Whole Session,90.0,136.0,842.0,9.0,15.0,1.0,0.0,0.0,7.0,84.9,0.2,7.0,11.0
Trym Linberg,Right Back,"Defense, UNCG",2026-03-21,Match Session,Whole Session,90.0,1173.0,8538.0,95.0,438.0,45.0,332.0,15.0,8.9,100.8,1.6,80.0,79.0
Pablo Torre,Centre Forward,"FORWARDS, UNCG",2026-03-21,Match Session,Whole Session,90.0,1187.0,7279.0,81.0,445.0,38.0,112.0,9.0,9.0,106.9,1.3,48.0,51.0
Mason Poveromo,Left Winger,"FORWARDS, UNCG",2026-03-21,Match Session,Whole Session,90.0,483.0,2769.0,31.0,162.0,17.0,37.0,3.0,7.9,93.4,0.5,10.0,24.0
Ethan lam,Centre Attacking Midfielder,"MIDS, UNCG",2026-03-21,Match Session,Whole Session,90.0,997.0,5658.0,63.0,237.0,25.0,61.0,4.0,8.0,99.6,1.0,31.0,40.0
Sigurd,Centre Midfielder,"MIDS, UNCG",2026-03-21,Match Session,Whole Session,90.0,909.0,5276.0,59.0,222.0,18.0,36.0,2.0,7.7,93.9,1.0,38.0,30.0
Steven Hernandez,Left Winger,UNCG,2026-03-21,Match Session,Whole Session,90.0,0.0,0.0,0.0,0.0,0.0,0.0,0.0,0.1,1.2,0.0,0.0,0.0
Tiago Mendes de Campos,Centre Midfielder,,2026-03-21,Match Session,Whole Session,90.0,1752.0,10481.0,116.0,378.0,39.0,66.0,4.0,8.7,104.5,1.9,70.0,78.0
Bendix Bennetzen,Centre Midfielder,,2026-03-21,Match Session,Whole Session,90.0,2151.0,10483.0,116.0,309.0,30.0,20.0,2.0,7.3,92.1,1.9,67.0,105.0
Sho Haggerty,Right Back,,2026-03-21,Match Session,Whole Session,90.0,6.0,123.0,1.0,0.0,0.0,0.0,0.0,1.8,19.4,0.0,0.0,0.0
Caleb Borneo,,,2026-03-21,Match Session,Whole Session,90.0,1495.0,8180.0,91.0,377.0,37.0,66.0,7.0,7.8,95.2,1.5,86.0,73.0
Jack Shannon,,,2026-03-21,Match Session,Whole Session,90.0,1015.0,5657.0,63.0,369.0,32.0,85.0,5.0,7.8,96.9,1.0,32.0,47.0
Ben,Centre Back,"Defense, UNCG",2026-03-24,Training Session,Whole Session,135.0,516.0,3670.0,27.0,0.0,0.0,0.0,0.0,4.9,60.5,0.5,44.0,32.0
Mason Dancy,Centre Back,"Defense, UNCG",2026-03-24,Training Session,Whole Session,135.0,525.0,4108.0,30.0,381.0,21.0,93.0,4.0,8.7,99.0,0.5,19.0,20.0
Mohammed Sumaila,Centre Back,"Defense, UNCG",2026-03-24,Training Session,Whole Session,135.0,599.0,4471.0,33.0,31.0,4.0,0.0,0.0,5.9,66.5,0.6,76.0,33.0
Téva Lossec,Left Back,"Defense, UNCG",2026-03-24,Training Session,Whole Session,135.0,1413.0,5007.0,37.0,36.0,6.0,6.0,1.0,7.6,84.8,0.6,85.0,45.0
bautista schmidt,Left Back,"Defense, UNCG",2026-03-24,Training Session,Whole Session,135.0,632.0,4569.0,34.0,22.0,3.0,0.0,0.0,6.1,75.0,0.6,93.0,61.0
Trym Linberg,Right Back,"Defense, UNCG",2026-03-24,Training Session,Whole Session,135.0,664.0,4827.0,36.0,19.0,3.0,0.0,0.0,5.9,65.6,0.6,92.0,56.0
Pablo Torre,Centre Forward,"FORWARDS, UNCG",2026-03-24,Training Session,Whole Session,135.0,659.0,4963.0,37.0,16.0,3.0,0.0,0.0,5.9,66.2,0.6,61.0,49.0
Mason Poveromo,Left Winger,"FORWARDS, UNCG",2026-03-24,Training Session,Whole Session,135.0,11.0,165.0,1.0,0.0,0.0,0.0,0.0,1.5,17.2,0.0,0.0,0.0
Ethan lam,Centre Attacking Midfielder,"MIDS, UNCG",2026-03-24,Training Session,Whole Session,135.0,511.0,4026.0,30.0,284.0,17.0,83.0,2.0,8.6,107.2,0.5,21.0,21.0
Sigurd,Centre Midfielder,"MIDS, UNCG",2026-03-24,Training Session,Whole Session,135.0,837.0,5469.0,41.0,3.0,1.0,0.0,0.0,5.5,68.0,0.7,96.0,66.0
Steven Hernandez,Left Winger,UNCG,2026-03-24,Training Session,Whole Session,135.0,501.0,3379.0,25.0,196.0,10.0,4.0,1.0,7.0,77.1,0.4,25.0,9.0
Bendix Bennetzen,Centre Midfielder,,2026-03-24,Training Session,Whole Session,135.0,1002.0,5605.0,42.0,15.0,3.0,0.0,0.0,5.7,71.1,0.7,88.0,57.0
Tiago Mendes de Campos,Centre Midfielder,,2026-03-24,Training Session,Whole Session,135.0,1334.0,5487.0,41.0,17.0,2.0,0.0,0.0,6.4,73.4,0.7,89.0,58.0
Sho Haggerty,Right Back,,2026-03-24,Training Session,Whole Session,135.0,745.0,5530.0,41.0,31.0,4.0,0.0,0.0,6.0,66.6,0.7,73.0,56.0
Caleb Borneo,,,2026-03-24,Training Session,Whole Session,135.0,792.0,5007.0,37.0,31.0,3.0,0.0,0.0,6.8,83.1,0.6,104.0,39.0
Jack Shannon,,,2026-03-24,Training Session,Whole Session,135.0,887.0,5810.0,43.0,21.0,4.0,0.0,0.0,5.9,73.2,0.7,82.0,63.0
Ben,Centre Back,"Defense, UNCG",2026-03-25,Training Session,Whole Session,135.0,787.0,6328.0,47.0,18.0,2.0,0.0,0.0,6.3,78.3,0.8,63.0,35.0
Mason Dancy,Centre Back,"Defense, UNCG",2026-03-25,Training Session,Whole Session,135.0,858.0,6438.0,48.0,75.0,8.0,0.0,0.0,6.8,76.6,0.8,98.0,63.0
Mohammed Sumaila,Centre Back,"Defense, UNCG",2026-03-25,Training Session,Whole Session,135.0,956.0,6653.0,49.0,20.0,3.0,0.0,0.0,6.0,67.7,0.8,151.0,55.0
Téva Lossec,Left Back,"Defense, UNCG",2026-03-25,Training Session,Whole Session,135.0,1682.0,5600.0,41.0,65.0,9.0,0.0,0.0,6.8,75.7,0.7,98.0,61.0
bautista schmidt,Left Back,"Defense, UNCG",2026-03-25,Training Session,Whole Session,135.0,885.0,6513.0,48.0,84.0,9.0,0.0,0.0,6.4,78.4,0.8,131.0,82.0
Trym Linberg,Right Back,"Defense, UNCG",2026-03-25,Training Session,Whole Session,135.0,990.0,7090.0,53.0,172.0,19.0,4.0,1.0,7.1,79.2,0.9,146.0,77.0
Pablo Torre,Centre Forward,"FORWARDS, UNCG",2026-03-25,Training Session,Whole Session,135.0,990.0,6924.0,51.0,84.0,9.0,0.0,0.0,6.9,76.9,0.9,118.0,77.0
Mason Poveromo,Left Winger,"FORWARDS, UNCG",2026-03-25,Training Session,Whole Session,135.0,864.0,5996.0,44.0,85.0,13.0,0.0,0.0,6.1,71.7,0.7,108.0,68.0
Ethan lam,Centre Attacking Midfielder,"MIDS, UNCG",2026-03-25,Training Session,Whole Session,135.0,782.0,6063.0,45.0,54.0,7.0,0.0,0.0,6.5,75.4,0.7,83.0,53.0
Sigurd,Centre Midfielder,"MIDS, UNCG",2026-03-25,Training Session,Whole Session,135.0,1249.0,7403.0,55.0,31.0,5.0,0.0,0.0,6.0,73.9,0.9,118.0,69.0
Steven Hernandez,Left Winger,UNCG,2026-03-25,Training Session,Whole Session,135.0,548.0,3820.0,28.0,30.0,4.0,0.0,0.0,6.5,71.0,0.5,62.0,26.0
Tiago Mendes de Campos,Centre Midfielder,,2026-03-25,Training Session,Whole Session,135.0,2112.0,7665.0,57.0,24.0,4.0,7.0,1.0,7.0,81.0,0.9,116.0,101.0
Bendix Bennetzen,Centre Midfielder,,2026-03-25,Training Session,Whole Session,135.0,1341.0,7426.0,55.0,17.0,3.0,0.0,0.0,6.4,81.0,0.9,118.0,57.0
Sho Haggerty,Right Back,,2026-03-25,Training Session,Whole Session,135.0,1116.0,7273.0,54.0,53.0,7.0,0.0,0.0,6.7,74.2,0.9,142.0,71.0
Jack Shannon,,,2026-03-25,Training Session,Whole Session,135.0,1217.0,7572.0,56.0,66.0,10.0,0.0,0.0,6.0,75.3,0.9,133.0,100.0
Caleb Borneo,,,2026-03-25,Training Session,Whole Session,135.0,1185.0,6972.0,52.0,24.0,3.0,0.0,0.0,6.4,78.3,0.9,169.0,98.0
Mohammed Sumaila,Centre Back,"Defense, UNCG",2026-03-26,Training Session,Whole Session,135.0,1121.0,7791.0,58.0,84.0,10.0,5.0,1.0,7.0,78.8,1.0,100.0,53.0
Mason Dancy,Centre Back,"Defense, UNCG",2026-03-26,Training Session,Whole Session,135.0,799.0,6764.0,50.0,41.0,5.0,15.0,1.0,7.7,86.8,0.8,72.0,45.0
Ben,Centre Back,"Defense, UNCG",2026-03-26,Training Session,Whole Session,135.0,431.0,3782.0,28.0,0.0,0.0,0.0,0.0,5.3,65.9,0.5,39.0,19.0
bautista schmidt,Left Back,"Defense, UNCG",2026-03-26,Training Session,Whole Session,135.0,994.0,7892.0,58.0,108.0,9.0,16.0,2.0,7.2,88.3,1.0,87.0,72.0
Téva Lossec,Left Back,"Defense, UNCG",2026-03-26,Training Session,Whole Session,135.0,46.0,414.0,3.0,0.0,0.0,0.0,0.0,3.0,33.4,0.0,0.0,0.0
Trym Linberg,Right Back,"Defense, UNCG",2026-03-26,Training Session,Whole Session,135.0,915.0,7186.0,53.0,263.0,22.0,67.0,6.0,7.7,86.3,0.9,102.0,71.0
Pablo Torre,Centre Forward,"FORWARDS, UNCG",2026-03-26,Training Session,Whole Session,135.0,856.0,6905.0,51.0,122.0,15.0,0.0,0.0,6.7,75.1,0.9,80.0,56.0
Mason Poveromo,Left Winger,"FORWARDS, UNCG",2026-03-26,Training Session,Whole Session,135.0,1036.0,7241.0,54.0,111.0,14.0,0.0,0.0,6.6,78.6,0.9,77.0,64.0
Ethan lam,Centre Attacking Midfielder,"MIDS, UNCG",2026-03-26,Training Session,Whole Session,135.0,934.0,7467.0,55.0,115.0,9.0,16.0,2.0,7.4,85.9,0.9,76.0,51.0
Sigurd,Centre Midfielder,"MIDS, UNCG",2026-03-26,Training Session,Whole Session,135.0,1294.0,7950.0,59.0,76.0,9.0,0.0,0.0,6.8,83.4,1.0,91.0,66.0
Steven Hernandez,Left Winger,UNCG,2026-03-26,Training Session,Whole Session,135.0,820.0,6314.0,47.0,104.0,13.0,4.0,1.0,7.1,77.3,0.8,73.0,48.0
Tiago Mendes de Campos,Centre Midfielder,,2026-03-26,Training Session,Whole Session,135.0,0.0,0.0,0.0,0.0,0.0,0.0,0.0,0.0,0.0,0.0,0.0,0.0
Bendix Bennetzen,Centre Midfielder,,2026-03-26,Training Session,Whole Session,135.0,1134.0,7500.0,56.0,28.0,4.0,8.0,1.0,7.1,89.2,0.9,69.0,56.0
Sho Haggerty,Right Back,,2026-03-26,Training Session,Whole Session,135.0,1091.0,8079.0,60.0,136.0,13.0,35.0,5.0,7.3,80.9,1.0,92.0,56.0
Caleb Borneo,,,2026-03-26,Training Session,Whole Session,135.0,1076.0,6952.0,51.0,92.0,12.0,9.0,2.0,7.1,86.4,0.9,111.0,61.0
Jack Shannon,,,2026-03-26,Training Session,Whole Session,135.0,1258.0,8829.0,65.0,251.0,23.0,7.0,1.0,7.2,90.0,1.1,103.0,77.0
Ben,Centre Back,"Defense, UNCG",2026-03-27,Training Session,Whole Session,135.0,2638.0,9039.0,67.0,64.0,7.0,0.0,0.0,6.4,79.8,1.1,57.0,62.0
Mohammed Sumaila,Centre Back,"Defense, UNCG",2026-03-27,Training Session,Whole Session,135.0,1266.0,9480.0,70.0,90.0,11.0,0.0,0.0,6.4,71.8,1.2,112.0,55.0
Mason Dancy,Centre Back,"Defense, UNCG",2026-03-27,Training Session,Whole Session,135.0,1217.0,9061.0,67.0,340.0,34.0,82.0,10.0,7.6,86.0,1.1,67.0,55.0
bautista schmidt,Left Back,"Defense, UNCG",2026-03-27,Training Session,Whole Session,135.0,1272.0,9811.0,73.0,325.0,31.0,32.0,4.0,7.3,89.0,1.2,91.0,70.0
Téva Lossec,Left Back,"Defense, UNCG",2026-03-27,Training Session,Whole Session,135.0,5.0,47.0,0.0,0.0,0.0,0.0,0.0,1.4,15.5,0.0,0.0,0.0
Trym Linberg,Right Back,"Defense, UNCG",2026-03-27,Training Session,Whole Session,135.0,1277.0,9698.0,72.0,471.0,49.0,241.0,13.0,8.8,98.8,1.2,98.0,77.0
Pablo Torre,Centre Forward,"FORWARDS, UNCG",2026-03-27,Training Session,Whole Session,135.0,1396.0,10198.0,76.0,380.0,37.0,32.0,3.0,7.6,84.2,1.3,93.0,53.0
Mason Poveromo,Left Winger,"FORWARDS, UNCG",2026-03-27,Training Session,Whole Session,135.0,1537.0,10561.0,78.0,325.0,31.0,16.0,2.0,7.3,86.5,1.3,76.0,69.0
Ethan lam,Centre Attacking Midfielder,"MIDS, UNCG",2026-03-27,Training Session,Whole Session,135.0,1514.0,10926.0,81.0,366.0,34.0,53.0,6.0,7.6,88.2,1.3,94.0,76.0
Sigurd,Centre Midfielder,"MIDS, UNCG",2026-03-27,Training Session,Whole Session,135.0,2208.0,12169.0,90.0,269.0,24.0,8.0,1.0,7.4,90.9,1.5,85.0,68.0
Steven Hernandez,Left Winger,UNCG,2026-03-27,Training Session,Whole Session,135.0,1391.0,9774.0,72.0,390.0,38.0,96.0,6.0,8.0,87.6,1.2,100.0,67.0
Bendix Bennetzen,Centre Midfielder,,2026-03-27,Training Session,Whole Session,135.0,1959.0,11560.0,86.0,317.0,30.0,12.0,2.0,7.3,91.3,1.4,91.0,75.0
Tiago Mendes de Campos,Centre Midfielder,,2026-03-27,Training Session,Whole Session,135.0,3758.0,11736.0,87.0,162.0,20.0,6.0,1.0,7.2,83.3,1.4,85.0,112.0
Sho Haggerty,Right Back,,2026-03-27,Training Session,Whole Session,135.0,1863.0,11422.0,85.0,403.0,37.0,77.0,6.0,8.1,89.1,1.4,130.0,85.0
Caleb Borneo,,,2026-03-27,Training Session,Whole Session,135.0,1991.0,11400.0,84.0,402.0,31.0,21.0,3.0,7.3,88.8,1.4,130.0,87.0
Jack Shannon,,,2026-03-27,Training Session,Whole Session,135.0,1553.0,10206.0,76.0,403.0,37.0,23.0,4.0,7.4,91.9,1.3,113.0,87.0
Mohammed Sumaila,Centre Back,"Defense, UNCG",2026-03-30,Training Session,Whole Session,135.0,1133.0,8402.0,62.0,64.0,9.0,35.0,2.0,7.9,88.9,1.0,117.0,59.0
Mason Dancy,Centre Back,"Defense, UNCG",2026-03-30,Training Session,Whole Session,135.0,1047.0,7767.0,58.0,91.0,9.0,0.0,0.0,6.9,78.2,1.0,102.0,74.0
Ben,Centre Back,"Defense, UNCG",2026-03-30,Training Session,Whole Session,135.0,777.0,6655.0,49.0,27.0,4.0,4.0,1.0,7.0,87.6,0.8,58.0,25.0
Téva Lossec,Left Back,"Defense, UNCG",2026-03-30,Training Session,Whole Session,135.0,0.0,1.0,0.0,0.0,0.0,0.0,0.0,0.1,1.4,0.0,0.0,0.0
bautista schmidt,Left Back,"Defense, UNCG",2026-03-30,Training Session,Whole Session,135.0,1158.0,8478.0,63.0,145.0,18.0,11.0,2.0,7.0,85.9,1.0,119.0,82.0
Trym Linberg,Right Back,"Defense, UNCG",2026-03-30,Training Session,Whole Session,135.0,914.0,6910.0,51.0,164.0,18.0,10.0,1.0,7.2,81.0,0.9,104.0,75.0
Pablo Torre,Centre Forward,"FORWARDS, UNCG",2026-03-30,Training Session,Whole Session,135.0,0.0,1.0,0.0,0.0,0.0,0.0,0.0,0.2,1.9,0.0,0.0,0.0
Mason Poveromo,Left Winger,"FORWARDS, UNCG",2026-03-30,Training Session,Whole Session,135.0,1337.0,8884.0,66.0,98.0,15.0,0.0,0.0,6.7,78.8,1.1,74.0,97.0
Ethan lam,Centre Attacking Midfielder,"MIDS, UNCG",2026-03-30,Training Session,Whole Session,135.0,1156.0,8664.0,64.0,104.0,14.0,6.0,1.0,7.2,84.1,1.1,98.0,70.0
Sigurd,Centre Midfielder,"MIDS, UNCG",2026-03-30,Training Session,Whole Session,135.0,1605.0,9322.0,69.0,94.0,14.0,0.0,0.0,6.6,81.1,1.1,130.0,94.0
Steven Hernandez,Left Winger,UNCG,2026-03-30,Training Session,Whole Session,135.0,733.0,5592.0,41.0,37.0,6.0,0.0,0.0,6.8,74.4,0.7,80.0,38.0
Tiago Mendes de Campos,Centre Midfielder,,2026-03-30,Training Session,Whole Session,135.0,1396.0,9107.0,67.0,82.0,10.0,0.0,0.0,6.6,76.1,1.1,119.0,70.0
Bendix Bennetzen,Centre Midfielder,,2026-03-30,Training Session,Whole Session,135.0,1283.0,8211.0,61.0,20.0,3.0,0.0,0.0,6.1,76.3,1.0,92.0,38.0
Sho Haggerty,Right Back,,2026-03-30,Training Session,Whole Session,135.0,1368.0,9032.0,67.0,48.0,6.0,0.0,0.0,6.5,71.4,1.1,135.0,105.0
Caleb Borneo,,,2026-03-30,Training Session,Whole Session,135.0,1533.0,8890.0,66.0,110.0,12.0,0.0,0.0,6.9,83.8,1.1,159.0,119.0
Jack Shannon,,,2026-03-30,Training Session,Whole Session,135.0,1421.0,8899.0,66.0,106.0,15.0,5.0,1.0,7.0,87.4,1.1,106.0,105.0
Mason Dancy,Centre Back,"Defense, UNCG",2026-03-31,Training Session,Whole Session,135.0,545.0,5199.0,39.0,15.0,3.0,0.0,0.0,5.7,64.5,0.6,78.0,46.0
Ben,Centre Back,"Defense, UNCG",2026-03-31,Training Session,Whole Session,135.0,483.0,4166.0,31.0,0.0,0.0,0.0,0.0,5.4,67.5,0.5,64.0,27.0
Mohammed Sumaila,Centre Back,"Defense, UNCG",2026-03-31,Training Session,Whole Session,135.0,639.0,5447.0,40.0,0.0,0.0,0.0,0.0,5.4,60.5,0.7,106.0,31.0
Téva Lossec,Left Back,"Defense, UNCG",2026-03-31,Training Session,Whole Session,135.0,681.0,5687.0,42.0,56.0,5.0,6.0,1.0,7.3,81.2,0.7,78.0,48.0
bautista schmidt,Left Back,"Defense, UNCG",2026-03-31,Training Session,Whole Session,135.0,559.0,5285.0,39.0,39.0,4.0,12.0,1.0,7.2,88.1,0.7,80.0,61.0
Trym Linberg,Right Back,"Defense, UNCG",2026-03-31,Training Session,Whole Session,135.0,746.0,5976.0,44.0,20.0,3.0,0.0,0.0,6.1,67.9,0.7,109.0,65.0
Pablo Torre,Centre Forward,"FORWARDS, UNCG",2026-03-31,Training Session,Whole Session,135.0,10.0,168.0,1.0,0.0,0.0,0.0,0.0,1.4,15.9,0.0,0.0,0.0
Mason Poveromo,Left Winger,"FORWARDS, UNCG",2026-03-31,Training Session,Whole Session,135.0,843.0,6214.0,46.0,0.0,0.0,0.0,0.0,5.5,65.0,0.8,93.0,67.0
Ethan lam,Centre Attacking Midfielder,"MIDS, UNCG",2026-03-31,Training Session,Whole Session,135.0,656.0,6114.0,45.0,35.0,4.0,0.0,0.0,6.5,76.4,0.8,86.0,61.0
Sigurd,Centre Midfielder,"MIDS, UNCG",2026-03-31,Training Session,Whole Session,135.0,1045.0,7266.0,54.0,9.0,2.0,0.0,0.0,5.7,70.5,0.9,127.0,81.0
Steven Hernandez,Left Winger,UNCG,2026-03-31,Training Session,Whole Session,135.0,781.0,5821.0,43.0,15.0,2.0,0.0,0.0,5.8,63.3,0.7,107.0,60.0
Bendix Bennetzen,Centre Midfielder,,2026-03-31,Training Session,Whole Session,135.0,721.0,5797.0,43.0,5.0,1.0,0.0,0.0,5.8,72.5,0.7,73.0,47.0
Tiago Mendes de Campos,Centre Midfielder,,2026-03-31,Training Session,Whole Session,135.0,1070.0,7905.0,59.0,18.0,3.0,0.0,0.0,5.8,66.8,1.0,93.0,82.0
Sho Haggerty,Right Back,,2026-03-31,Training Session,Whole Session,135.0,818.0,6690.0,50.0,104.0,11.0,33.0,5.0,7.2,79.8,0.8,76.0,54.0
Jack Shannon,,,2026-03-31,Training Session,Whole Session,135.0,869.0,6442.0,48.0,14.0,3.0,0.0,0.0,5.5,69.2,0.8,92.0,74.0
Caleb Borneo,,,2026-03-31,Training Session,Whole Session,135.0,833.0,5837.0,43.0,4.0,1.0,0.0,0.0,5.6,67.5,0.7,99.0,60.0
Mason Dancy,Centre Back,"Defense, UNCG",2026-04-01,Training Session,Whole Session,135.0,508.0,4786.0,35.0,12.0,2.0,0.0,0.0,5.8,65.7,0.6,61.0,35.0
Ben,Centre Back,"Defense, UNCG",2026-04-01,Training Session,Whole Session,135.0,507.0,4535.0,34.0,7.0,1.0,0.0,0.0,6.1,75.3,0.6,46.0,37.0
Mohammed Sumaila,Centre Back,"Defense, UNCG",2026-04-01,Training Session,Whole Session,135.0,670.0,5004.0,37.0,9.0,1.0,0.0,0.0,6.3,70.1,0.6,71.0,50.0
bautista schmidt,Left Back,"Defense, UNCG",2026-04-01,Training Session,Whole Session,135.0,514.0,4425.0,33.0,5.0,1.0,0.0,0.0,6.0,73.4,0.5,72.0,56.0
Téva Lossec,Left Back,"Defense, UNCG",2026-04-01,Training Session,Whole Session,135.0,632.0,5112.0,38.0,53.0,4.0,0.0,0.0,6.8,76.4,0.6,55.0,36.0
Trym Linberg,Right Back,"Defense, UNCG",2026-04-01,Training Session,Whole Session,135.0,683.0,5495.0,41.0,230.0,20.0,35.0,3.0,7.8,87.1,0.7,77.0,60.0
Pablo Torre,Centre Forward,"FORWARDS, UNCG",2026-04-01,Training Session,Whole Session,135.0,0.0,0.0,0.0,0.0,0.0,0.0,0.0,0.1,1.0,0.0,0.0,0.0
Mason Poveromo,Left Winger,"FORWARDS, UNCG",2026-04-01,Training Session,Whole Session,135.0,699.0,5049.0,37.0,89.0,8.0,0.0,0.0,6.7,79.8,0.6,57.0,41.0
Ethan lam,Centre Attacking Midfielder,"MIDS, UNCG",2026-04-01,Training Session,Whole Session,135.0,536.0,5275.0,39.0,12.0,1.0,0.0,0.0,5.9,68.9,0.6,59.0,39.0
Sigurd,Centre Midfielder,"MIDS, UNCG",2026-04-01,Training Session,Whole Session,135.0,668.0,5188.0,38.0,62.0,8.0,0.0,0.0,6.1,74.9,0.6,70.0,38.0
Steven Hernandez,Left Winger,UNCG,2026-04-01,Training Session,Whole Session,135.0,536.0,4264.0,32.0,33.0,4.0,0.0,0.0,6.3,69.2,0.5,57.0,29.0
Tiago Mendes de Campos,Centre Midfielder,,2026-04-01,Training Session,Whole Session,135.0,691.0,5704.0,42.0,17.0,3.0,0.0,0.0,5.7,66.2,0.7,59.0,46.0
Bendix Bennetzen,Centre Midfielder,,2026-04-01,Training Session,Whole Session,135.0,532.0,4620.0,34.0,59.0,8.0,0.0,0.0,6.4,80.6,0.6,58.0,24.0
Sho Haggerty,Right Back,,2026-04-01,Training Session,Whole Session,135.0,770.0,5717.0,42.0,13.0,2.0,0.0,0.0,5.7,63.0,0.7,93.0,65.0
Jack Shannon,,,2026-04-01,Training Session,Whole Session,135.0,773.0,5354.0,40.0,73.0,10.0,0.0,0.0,6.4,80.4,0.7,68.0,56.0
Caleb Borneo,,,2026-04-01,Training Session,Whole Session,135.0,0.0,0.0,0.0,0.0,0.0,0.0,0.0,0.1,0.8,0.0,0.0,0.0
Ben,Centre Back,"Defense, UNCG",2026-04-02,Training Session,Whole Session,135.0,385.0,3764.0,28.0,0.0,0.0,0.0,0.0,5.3,65.6,0.5,25.0,17.0
Mohammed Sumaila,Centre Back,"Defense, UNCG",2026-04-02,Training Session,Whole Session,135.0,703.0,5131.0,38.0,57.0,7.0,0.0,0.0,6.9,77.5,0.6,62.0,43.0
Mason Dancy,Centre Back,"Defense, UNCG",2026-04-02,Training Session,Whole Session,135.0,458.0,4621.0,34.0,14.0,2.0,0.0,0.0,6.1,69.4,0.6,48.0,30.0
bautista schmidt,Left Back,"Defense, UNCG",2026-04-02,Training Session,Whole Session,135.0,400.0,3928.0,29.0,19.0,3.0,0.0,0.0,6.2,75.6,0.5,42.0,22.0
Téva Lossec,Left Back,"Defense, UNCG",2026-04-02,Training Session,Whole Session,135.0,726.0,5175.0,38.0,279.0,27.0,105.0,12.0,7.7,86.5,0.6,43.0,34.0
Trym Linberg,Right Back,"Defense, UNCG",2026-04-02,Training Session,Whole Session,135.0,29.0,222.0,2.0,0.0,0.0,0.0,0.0,2.0,22.8,0.0,0.0,0.0
Pablo Torre,Centre Forward,"FORWARDS, UNCG",2026-04-02,Training Session,Whole Session,135.0,360.0,3289.0,24.0,154.0,12.0,0.0,0.0,6.9,76.4,0.4,35.0,20.0
Mason Poveromo,Left Winger,"FORWARDS, UNCG",2026-04-02,Training Session,Whole Session,135.0,596.0,4661.0,35.0,168.0,12.0,27.0,3.0,7.2,85.5,0.6,35.0,33.0
Ethan lam,Centre Attacking Midfielder,"MIDS, UNCG",2026-04-02,Training Session,Whole Session,135.0,510.0,4877.0,36.0,166.0,16.0,25.0,2.0,7.4,87.0,0.6,44.0,22.0
Sigurd,Centre Midfielder,"MIDS, UNCG",2026-04-02,Training Session,Whole Session,135.0,742.0,5317.0,39.0,206.0,21.0,37.0,3.0,7.7,93.9,0.7,60.0,34.0
Steven Hernandez,Left Winger,UNCG,2026-04-02,Training Session,Whole Session,135.0,779.0,5485.0,41.0,280.0,27.0,57.0,6.0,7.7,84.0,0.7,70.0,50.0
Tiago Mendes de Campos,Centre Midfielder,,2026-04-02,Training Session,Whole Session,135.0,826.0,6139.0,45.0,114.0,11.0,0.0,0.0,6.7,76.7,0.8,58.0,44.0
Bendix Bennetzen,Centre Midfielder,,2026-04-02,Training Session,Whole Session,135.0,758.0,5780.0,43.0,13.0,2.0,0.0,0.0,5.7,71.5,0.7,42.0,33.0
Sho Haggerty,Right Back,,2026-04-02,Training Session,Whole Session,135.0,669.0,5315.0,39.0,14.0,3.0,0.0,0.0,6.0,66.7,0.7,53.0,41.0
Caleb Borneo,,,2026-04-02,Training Session,Whole Session,135.0,696.0,4907.0,36.0,224.0,23.0,94.0,4.0,8.5,103.1,0.6,69.0,34.0
Jack Shannon,,,2026-04-02,Training Session,Whole Session,135.0,739.0,5207.0,39.0,210.0,18.0,66.0,4.0,7.9,98.5,0.6,35.0,38.0
Mohammed Sumaila,Centre Back,"Defense, UNCG",2026-04-03,Training Session,Whole Session,135.0,476.0,3957.0,29.0,6.0,1.0,0.0,0.0,5.8,64.7,0.5,47.0,24.0
Mason Dancy,Centre Back,"Defense, UNCG",2026-04-03,Training Session,Whole Session,135.0,430.0,3856.0,29.0,15.0,2.0,0.0,0.0,6.0,67.6,0.5,31.0,26.0
Ben,Centre Back,"Defense, UNCG",2026-04-03,Training Session,Whole Session,135.0,362.0,3200.0,24.0,0.0,0.0,0.0,0.0,5.4,67.5,0.4,28.0,24.0
bautista schmidt,Left Back,"Defense, UNCG",2026-04-03,Training Session,Whole Session,135.0,599.0,4869.0,36.0,69.0,7.0,0.0,0.0,6.6,80.3,0.6,36.0,29.0
Téva Lossec,Left Back,"Defense, UNCG",2026-04-03,Training Session,Whole Session,135.0,621.0,4463.0,33.0,176.0,18.0,15.0,2.0,7.2,80.4,0.5,34.0,23.0
Trym Linberg,Right Back,"Defense, UNCG",2026-04-03,Training Session,Whole Session,135.0,481.0,4193.0,31.0,79.0,8.0,0.0,0.0,6.4,71.6,0.5,36.0,24.0
Pablo Torre,Centre Forward,"FORWARDS, UNCG",2026-04-03,Training Session,Whole Session,135.0,149.0,1053.0,8.0,46.0,3.0,0.0,0.0,6.4,70.9,0.1,14.0,7.0
Mason Poveromo,Left Winger,"FORWARDS, UNCG",2026-04-03,Training Session,Whole Session,135.0,467.0,3664.0,27.0,143.0,12.0,10.0,1.0,7.3,86.5,0.5,31.0,24.0
Ethan lam,Centre Attacking Midfielder,"MIDS, UNCG",2026-04-03,Training Session,Whole Session,135.0,540.0,4582.0,34.0,138.0,14.0,7.0,1.0,7.2,84.1,0.6,41.0,22.0
Sigurd,Centre Midfielder,"MIDS, UNCG",2026-04-03,Training Session,Whole Session,135.0,557.0,4074.0,30.0,39.0,4.0,0.0,0.0,6.3,77.5,0.5,37.0,24.0
Tiago Mendes de Campos,Centre Midfielder,,2026-04-03,Training Session,Whole Session,135.0,629.0,4643.0,34.0,17.0,3.0,0.0,0.0,6.0,69.6,0.6,34.0,34.0
Bendix Bennetzen,Centre Midfielder,,2026-04-03,Training Session,Whole Session,135.0,578.0,4188.0,31.0,36.0,4.0,0.0,0.0,6.6,83.2,0.5,34.0,25.0
Sho Haggerty,Right Back,,2026-04-03,Training Session,Whole Session,135.0,486.0,4113.0,30.0,13.0,2.0,0.0,0.0,5.7,62.7,0.5,26.0,20.0
Jack Shannon,,,2026-04-03,Training Session,Whole Session,135.0,825.0,5289.0,39.0,273.0,29.0,0.0,0.0,6.9,86.7,0.7,38.0,44.0
Caleb Borneo,,,2026-04-03,Training Session,Whole Session,135.0,756.0,4729.0,35.0,166.0,17.0,0.0,0.0,6.9,83.8,0.6,68.0,49.0
Mohammed Sumaila,Centre Back,"Defense, UNCG",2026-04-04,Match Session,Whole Session,90.0,1644.0,10201.0,113.0,435.0,41.0,87.0,8.0,8.6,96.7,1.9,94.0,66.0
Mason Dancy,Centre Back,"Defense, UNCG",2026-04-04,Match Session,Whole Session,90.0,1645.0,9520.0,106.0,299.0,28.0,24.0,2.0,7.6,85.6,1.8,64.0,56.0
Ben,Centre Back,"Defense, UNCG",2026-04-04,Match Session,Whole Session,90.0,433.0,3233.0,36.0,61.0,6.0,32.0,2.0,7.6,94.3,0.6,17.0,10.0
Téva Lossec,Left Back,"Defense, UNCG",2026-04-04,Match Session,Whole Session,90.0,1480.0,7432.0,83.0,413.0,42.0,227.0,13.0,8.7,96.9,1.4,58.0,61.0
bautista schmidt,Left Back,"Defense, UNCG",2026-04-04,Match Session,Whole Session,90.0,1346.0,8398.0,93.0,253.0,28.0,24.0,3.0,7.2,88.3,1.6,65.0,69.0
Pablo Torre,Centre Forward,"FORWARDS, UNCG",2026-04-04,Match Session,Whole Session,90.0,1162.0,7244.0,80.0,210.0,20.0,12.0,2.0,7.0,78.0,1.3,44.0,33.0
Mason Poveromo,Left Winger,"FORWARDS, UNCG",2026-04-04,Match Session,Whole Session,90.0,980.0,5533.0,61.0,304.0,26.0,48.0,3.0,8.1,95.7,1.0,26.0,40.0
Ethan lam,Centre Attacking Midfielder,"MIDS, UNCG",2026-04-04,Match Session,Whole Session,90.0,863.0,5584.0,62.0,165.0,17.0,11.0,1.0,7.4,86.7,1.0,41.0,34.0
Sigurd,Centre Midfielder,"MIDS, UNCG",2026-04-04,Match Session,Whole Session,90.0,1639.0,7783.0,86.0,263.0,25.0,21.0,3.0,7.2,88.9,1.4,49.0,54.0
Steven Hernandez,Left Winger,UNCG,2026-04-04,Match Session,Whole Session,90.0,1203.0,6902.0,77.0,383.0,44.0,237.0,12.0,9.0,98.3,1.3,57.0,46.0
Bendix Bennetzen,Centre Midfielder,,2026-04-04,Match Session,Whole Session,90.0,2573.0,11532.0,128.0,166.0,18.0,7.0,1.0,7.1,89.0,2.1,51.0,100.0
Tiago Mendes de Campos,Centre Midfielder,,2026-04-04,Match Session,Whole Session,90.0,1341.0,7219.0,80.0,69.0,12.0,12.0,1.0,7.7,89.0,1.3,44.0,59.0
Sho Haggerty,Right Back,,2026-04-04,Match Session,Whole Session,90.0,2006.0,10219.0,114.0,361.0,40.0,74.0,6.0,7.8,86.6,1.9,74.0,74.0
Caleb Borneo,,,2026-04-04,Match Session,Whole Session,90.0,2037.0,9969.0,111.0,282.0,32.0,70.0,7.0,8.1,95.8,1.8,78.0,80.0
Jack Shannon,,,2026-04-04,Match Session,Whole Session,90.0,1028.0,5382.0,60.0,240.0,17.0,0.0,0.0,6.9,86.4,1.0,50.0,52.0
Mason Dancy,Centre Back,"Defense, UNCG",2026-04-08,Training Session,Whole Session,135.0,935.0,6698.0,50.0,182.0,11.0,41.0,1.0,8.2,92.8,0.8,78.0,63.0
Mohammed Sumaila,Centre Back,"Defense, UNCG",2026-04-08,Training Session,Whole Session,135.0,1105.0,7231.0,54.0,135.0,10.0,30.0,2.0,7.5,83.6,0.9,101.0,61.0
Ben,Centre Back,"Defense, UNCG",2026-04-08,Training Session,Whole Session,135.0,856.0,6551.0,49.0,91.0,7.0,35.0,3.0,7.5,93.7,0.8,50.0,60.0
Téva Lossec,Left Back,"Defense, UNCG",2026-04-08,Training Session,Whole Session,135.0,1173.0,7439.0,55.0,246.0,21.0,25.0,3.0,7.6,84.5,0.9,93.0,82.0
bautista schmidt,Left Back,"Defense, UNCG",2026-04-08,Training Session,Whole Session,135.0,1046.0,7485.0,55.0,183.0,13.0,41.0,1.0,8.0,98.1,0.9,83.0,105.0
Trym Linberg,Right Back,"Defense, UNCG",2026-04-08,Training Session,Whole Session,135.0,1726.0,7124.0,53.0,92.0,11.0,0.0,0.0,6.5,73.2,0.9,120.0,83.0
Pablo Torre,Centre Forward,"FORWARDS, UNCG",2026-04-08,Training Session,Whole Session,135.0,1281.0,8129.0,60.0,225.0,24.0,63.0,3.0,8.6,95.4,1.0,117.0,85.0
Mason Poveromo,Left Winger,"FORWARDS, UNCG",2026-04-08,Training Session,Whole Session,135.0,1112.0,7353.0,54.0,139.0,12.0,47.0,2.0,7.8,92.6,0.9,65.0,74.0
Ethan lam,Centre Attacking Midfielder,"MIDS, UNCG",2026-04-08,Training Session,Whole Session,135.0,1142.0,8218.0,61.0,216.0,13.0,51.0,2.0,8.2,95.5,1.0,105.0,88.0
Sigurd,Centre Midfielder,"MIDS, UNCG",2026-04-08,Training Session,Whole Session,135.0,1556.0,9070.0,67.0,254.0,19.0,43.0,2.0,7.8,96.1,1.1,121.0,112.0
Steven Hernandez,Left Winger,UNCG,2026-04-08,Training Session,Whole Session,135.0,829.0,6273.0,46.0,117.0,11.0,39.0,1.0,8.1,88.7,0.8,75.0,50.0
Tiago Mendes de Campos,Centre Midfielder,,2026-04-08,Training Session,Whole Session,135.0,1446.0,9075.0,67.0,205.0,24.0,72.0,3.0,8.4,96.8,1.1,113.0,134.0
Bendix Bennetzen,Centre Midfielder,,2026-04-08,Training Session,Whole Session,135.0,1354.0,8162.0,60.0,272.0,16.0,16.0,3.0,7.2,90.6,1.0,96.0,82.0
Sho Haggerty,Right Back,,2026-04-08,Training Session,Whole Session,135.0,1269.0,8087.0,60.0,189.0,16.0,56.0,4.0,8.5,94.1,1.0,121.0,97.0
Caleb Borneo,,,2026-04-08,Training Session,Whole Session,135.0,1220.0,7305.0,54.0,272.0,24.0,40.0,2.0,8.0,94.6,0.9,103.0,79.0
Jack Shannon,,,2026-04-08,Training Session,Whole Session,135.0,1417.0,8678.0,64.0,136.0,12.0,40.0,2.0,7.5,93.2,1.1,111.0,115.0
Ben,Centre Back,"Defense, UNCG",2026-04-09,Training Session,Whole Session,135.0,419.0,3380.0,25.0,0.0,0.0,0.0,0.0,5.4,66.6,0.4,35.0,21.0
Mason Dancy,Centre Back,"Defense, UNCG",2026-04-09,Training Session,Whole Session,135.0,619.0,4894.0,36.0,48.0,6.0,0.0,0.0,6.8,76.8,0.6,73.0,47.0
Mohammed Sumaila,Centre Back,"Defense, UNCG",2026-04-09,Training Session,Whole Session,135.0,796.0,5372.0,40.0,70.0,7.0,0.0,0.0,6.7,75.5,0.7,75.0,54.0
Téva Lossec,Left Back,"Defense, UNCG",2026-04-09,Training Session,Whole Session,135.0,927.0,5838.0,43.0,186.0,19.0,26.0,4.0,7.2,80.8,0.7,88.0,64.0
bautista schmidt,Left Back,"Defense, UNCG",2026-04-09,Training Session,Whole Session,135.0,683.0,5391.0,40.0,30.0,5.0,0.0,0.0,5.9,72.0,0.7,68.0,47.0
Trym Linberg,Right Back,"Defense, UNCG",2026-04-09,Training Session,Whole Session,135.0,549.0,4773.0,35.0,81.0,9.0,5.0,1.0,7.2,80.4,0.6,53.0,37.0
Pablo Torre,Centre Forward,"FORWARDS, UNCG",2026-04-09,Training Session,Whole Session,135.0,870.0,6521.0,48.0,104.0,16.0,0.0,0.0,6.4,70.9,0.8,103.0,75.0
Mason Poveromo,Left Winger,"FORWARDS, UNCG",2026-04-09,Training Session,Whole Session,135.0,719.0,5010.0,37.0,85.0,8.0,0.0,0.0,6.9,82.0,0.6,79.0,58.0
Ethan lam,Centre Attacking Midfielder,"MIDS, UNCG",2026-04-09,Training Session,Whole Session,135.0,643.0,5353.0,40.0,97.0,12.0,6.0,1.0,7.0,82.3,0.7,63.0,41.0
Sigurd,Centre Midfielder,"MIDS, UNCG",2026-04-09,Training Session,Whole Session,135.0,872.0,5757.0,43.0,159.0,12.0,7.0,1.0,7.0,86.2,0.7,80.0,64.0
Steven Hernandez,Left Winger,UNCG,2026-04-09,Training Session,Whole Session,135.0,704.0,5272.0,39.0,83.0,9.0,18.0,3.0,7.1,77.7,0.6,55.0,46.0
Tiago Mendes de Campos,Centre Midfielder,,2026-04-09,Training Session,Whole Session,135.0,789.0,5939.0,44.0,99.0,8.0,0.0,0.0,6.8,78.9,0.7,70.0,61.0
Bendix Bennetzen,Centre Midfielder,,2026-04-09,Training Session,Whole Session,135.0,851.0,6043.0,45.0,39.0,5.0,0.0,0.0,6.6,83.5,0.7,85.0,50.0
Sho Haggerty,Right Back,,2026-04-09,Training Session,Whole Session,135.0,903.0,6230.0,46.0,33.0,4.0,0.0,0.0,6.5,72.4,0.8,86.0,69.0
Jack Shannon,,,2026-04-09,Training Session,Whole Session,135.0,1019.0,6402.0,47.0,93.0,9.0,11.0,2.0,7.1,88.0,0.8,86.0,59.0
Caleb Borneo,,,2026-04-09,Training Session,Whole Session,135.0,891.0,5671.0,42.0,130.0,15.0,4.0,1.0,7.0,82.7,0.7,96.0,58.0
Mohammed Sumaila,Centre Back,"Defense, UNCG",2026-04-10,Training Session,Whole Session,135.0,765.0,6074.0,45.0,80.0,11.0,5.0,1.0,7.1,79.2,0.7,102.0,49.0
Mason Dancy,Centre Back,"Defense, UNCG",2026-04-10,Training Session,Whole Session,135.0,725.0,5918.0,44.0,35.0,4.0,0.0,0.0,6.3,70.9,0.7,99.0,63.0
Ben,Centre Back,"Defense, UNCG",2026-04-10,Training Session,Whole Session,135.0,531.0,4426.0,33.0,0.0,0.0,0.0,0.0,5.5,68.2,0.5,50.0,42.0
bautista schmidt,Left Back,"Defense, UNCG",2026-04-10,Training Session,Whole Session,135.0,678.0,6029.0,45.0,81.0,9.0,41.0,2.0,7.7,94.2,0.7,76.0,57.0
Téva Lossec,Left Back,"Defense, UNCG",2026-04-10,Training Session,Whole Session,135.0,1054.0,6587.0,49.0,157.0,19.0,7.0,1.0,7.0,78.3,0.8,100.0,67.0
Trym Linberg,Right Back,"Defense, UNCG",2026-04-10,Training Session,Whole Session,135.0,721.0,5909.0,44.0,65.0,9.0,26.0,1.0,7.8,87.3,0.7,94.0,55.0
Pablo Torre,Centre Forward,"FORWARDS, UNCG",2026-04-10,Training Session,Whole Session,135.0,926.0,6723.0,50.0,251.0,25.0,4.0,1.0,7.1,78.7,0.8,106.0,66.0
Mason Poveromo,Left Winger,"FORWARDS, UNCG",2026-04-10,Training Session,Whole Session,135.0,812.0,5936.0,44.0,86.0,10.0,0.0,0.0,6.5,77.5,0.7,84.0,71.0
Ethan lam,Centre Attacking Midfielder,"MIDS, UNCG",2026-04-10,Training Session,Whole Session,135.0,782.0,6477.0,48.0,68.0,6.0,25.0,3.0,7.5,87.7,0.8,88.0,52.0
Sigurd,Centre Midfielder,"MIDS, UNCG",2026-04-10,Training Session,Whole Session,135.0,1007.0,6787.0,50.0,145.0,13.0,0.0,0.0,6.7,82.8,0.8,94.0,81.0
Steven Hernandez,Left Winger,UNCG,2026-04-10,Training Session,Whole Session,135.0,841.0,6227.0,46.0,139.0,18.0,6.0,1.0,7.0,76.5,0.8,85.0,68.0
Bendix Bennetzen,Centre Midfielder,,2026-04-10,Training Session,Whole Session,135.0,929.0,6585.0,49.0,73.0,9.0,0.0,0.0,6.5,81.4,0.8,95.0,59.0
Tiago Mendes de Campos,Centre Midfielder,,2026-04-10,Training Session,Whole Session,135.0,877.0,6626.0,49.0,113.0,13.0,0.0,0.0,6.7,77.5,0.8,79.0,65.0
Sho Haggerty,Right Back,,2026-04-10,Training Session,Whole Session,135.0,1061.0,7429.0,55.0,177.0,16.0,0.0,0.0,6.9,76.7,0.9,109.0,59.0
Caleb Borneo,,,2026-04-10,Training Session,Whole Session,135.0,1015.0,6370.0,47.0,134.0,14.0,0.0,0.0,6.6,78.4,0.8,104.0,86.0
Jack Shannon,,,2026-04-10,Training Session,Whole Session,135.0,1023.0,7084.0,52.0,108.0,14.0,7.0,1.0,7.0,87.8,0.9,85.0,72.0
Mason Dancy,Centre Back,"Defense, UNCG",2026-04-12,Match Session,Whole Session,90.0,607.0,3835.0,43.0,51.0,4.0,27.0,1.0,8.8,99.4,0.7,28.0,21.0
Mohammed Sumaila,Centre Back,"Defense, UNCG",2026-04-12,Match Session,Whole Session,90.0,1494.0,8187.0,91.0,192.0,19.0,14.0,2.0,7.6,84.8,1.5,66.0,49.0
Ben,Centre Back,"Defense, UNCG",2026-04-12,Match Session,Whole Session,90.0,707.0,4661.0,52.0,48.0,7.0,0.0,0.0,6.6,81.5,0.9,14.0,38.0
Téva Lossec,Left Back,"Defense, UNCG",2026-04-12,Match Session,Whole Session,90.0,1251.0,6551.0,73.0,406.0,41.0,52.0,8.0,7.7,85.6,1.2,61.0,68.0
bautista schmidt,Left Back,"Defense, UNCG",2026-04-12,Match Session,Whole Session,90.0,1354.0,8326.0,93.0,277.0,29.0,11.0,2.0,7.1,86.9,1.5,58.0,80.0
Trym Linberg,Right Back,"Defense, UNCG",2026-04-12,Match Session,Whole Session,90.0,684.0,5063.0,56.0,181.0,20.0,24.0,3.0,7.5,83.8,0.9,37.0,39.0
Pablo Torre,Centre Forward,"FORWARDS, UNCG",2026-04-12,Match Session,Whole Session,90.0,1015.0,6461.0,72.0,206.0,25.0,118.0,8.0,8.5,94.4,1.2,67.0,55.0
Mason Poveromo,Left Winger,"FORWARDS, UNCG",2026-04-12,Match Session,Whole Session,90.0,1192.0,7134.0,79.0,376.0,32.0,54.0,4.0,7.7,91.3,1.3,42.0,49.0
Ethan lam,Centre Attacking Midfielder,"MIDS, UNCG",2026-04-12,Match Session,Whole Session,90.0,850.0,5076.0,56.0,262.0,27.0,47.0,5.0,7.6,88.6,0.9,29.0,34.0
Sigurd,Centre Midfielder,"MIDS, UNCG",2026-04-12,Match Session,Whole Session,90.0,1475.0,5607.0,62.0,128.0,19.0,8.0,1.0,7.1,87.2,1.0,43.0,74.0
Steven Hernandez,Left Winger,UNCG,2026-04-12,Match Session,Whole Session,90.0,1064.0,5985.0,67.0,352.0,42.0,125.0,11.0,8.3,91.2,1.1,39.0,54.0
Bendix Bennetzen,Centre Midfielder,,2026-04-12,Match Session,Whole Session,90.0,1673.0,7582.0,84.0,142.0,14.0,8.0,1.0,7.3,91.9,1.4,47.0,65.0
Tiago Mendes de Campos,Centre Midfielder,,2026-04-12,Match Session,Whole Session,90.0,3555.0,10797.0,120.0,135.0,21.0,42.0,5.0,7.8,90.0,2.0,93.0,171.0
Sho Haggerty,Right Back,,2026-04-12,Match Session,Whole Session,90.0,816.0,4474.0,50.0,193.0,20.0,31.0,3.0,8.1,89.7,0.8,36.0,33.0
Jack Shannon,,,2026-04-12,Match Session,Whole Session,90.0,945.0,4946.0,55.0,56.0,7.0,0.0,0.0,6.4,80.3,0.9,28.0,48.0
Caleb Borneo,,,2026-04-12,Match Session,Whole Session,90.0,939.0,4696.0,52.0,153.0,12.0,7.0,1.0,7.0,82.3,0.9,47.0,34.0
Ben,Centre Back,"Defense, UNCG",2026-04-16,Training Session,Whole Session,75.0,437.0,3464.0,46.0,0.0,0.0,0.0,0.0,5.0,62.6,0.8,48.0,33.0
Mason Dancy,Centre Back,"Defense, UNCG",2026-04-16,Training Session,Whole Session,75.0,466.0,3979.0,53.0,0.0,0.0,0.0,0.0,5.1,57.2,0.9,74.0,42.0
Mohammed Sumaila,Centre Back,"Defense, UNCG",2026-04-16,Training Session,Whole Session,75.0,449.0,2260.0,30.0,0.0,0.0,0.0,0.0,5.0,55.8,0.5,62.0,37.0
bautista schmidt,Left Back,"Defense, UNCG",2026-04-16,Training Session,Whole Session,75.0,416.0,3260.0,43.0,5.0,1.0,0.0,0.0,5.5,67.5,0.7,76.0,66.0
Téva Lossec,Left Back,"Defense, UNCG",2026-04-16,Training Session,Whole Session,75.0,0.0,0.0,0.0,0.0,0.0,0.0,0.0,0.1,0.7,0.0,0.0,0.0
Trym Linberg,Right Back,"Defense, UNCG",2026-04-16,Training Session,Whole Session,75.0,491.0,4104.0,55.0,4.0,1.0,0.0,0.0,5.8,65.1,0.9,73.0,64.0
Pablo Torre,Centre Forward,"FORWARDS, UNCG",2026-04-16,Training Session,Whole Session,75.0,0.0,0.0,0.0,0.0,0.0,0.0,0.0,0.1,1.1,0.0,0.0,0.0
Mason Poveromo,Left Winger,"FORWARDS, UNCG",2026-04-16,Training Session,Whole Session,75.0,459.0,3623.0,48.0,16.0,3.0,0.0,0.0,5.9,70.3,0.8,40.0,19.0
Ethan lam,Centre Attacking Midfielder,"MIDS, UNCG",2026-04-16,Training Session,Whole Session,75.0,533.0,4185.0,56.0,0.0,0.0,0.0,0.0,5.0,58.4,0.9,71.0,35.0
Sigurd,Centre Midfielder,"MIDS, UNCG",2026-04-16,Training Session,Whole Session,75.0,636.0,4559.0,61.0,7.0,1.0,0.0,0.0,5.8,71.0,1.0,83.0,47.0
Tiago Mendes de Campos,Centre Midfielder,,2026-04-16,Training Session,Whole Session,75.0,228.0,1853.0,25.0,0.0,0.0,0.0,0.0,4.7,53.7,0.4,29.0,18.0
Bendix Bennetzen,Centre Midfielder,,2026-04-16,Training Session,Whole Session,75.0,734.0,4782.0,64.0,0.0,0.0,0.0,0.0,5.3,67.0,1.1,74.0,29.0
Sho Haggerty,Right Back,,2026-04-16,Training Session,Whole Session,75.0,0.0,0.0,0.0,0.0,0.0,0.0,0.0,0.0,0.0,0.0,0.0,0.0
Jack Shannon,,,2026-04-16,Training Session,Whole Session,75.0,504.0,3710.0,49.0,4.0,1.0,0.0,0.0,6.2,77.1,0.8,52.0,28.0
Caleb Borneo,,,2026-04-16,Training Session,Whole Session,75.0,667.0,4368.0,58.0,3.0,1.0,0.0,0.0,5.5,65.4,1.0,86.0,40.0
Ben,Centre Back,"Defense, UNCG",2026-04-17,Training Session,Whole Session,135.0,760.0,6487.0,48.0,66.0,9.0,9.0,1.0,7.2,90.2,0.8,32.0,46.0
Mohammed Sumaila,Centre Back,"Defense, UNCG",2026-04-17,Training Session,Whole Session,135.0,978.0,6728.0,50.0,113.0,13.0,8.0,1.0,7.2,81.1,0.8,69.0,46.0
Mason Dancy,Centre Back,"Defense, UNCG",2026-04-17,Training Session,Whole Session,135.0,824.0,6254.0,46.0,56.0,7.0,0.0,0.0,6.7,76.1,0.8,43.0,44.0
bautista schmidt,Left Back,"Defense, UNCG",2026-04-17,Training Session,Whole Session,135.0,796.0,6633.0,49.0,74.0,8.0,0.0,0.0,6.5,79.5,0.8,49.0,63.0
Téva Lossec,Left Back,"Defense, UNCG",2026-04-17,Training Session,Whole Session,135.0,27.0,429.0,3.0,0.0,0.0,0.0,0.0,1.8,20.5,0.1,0.0,0.0
Trym Linberg,Right Back,"Defense, UNCG",2026-04-17,Training Session,Whole Session,135.0,837.0,7174.0,53.0,106.0,12.0,19.0,1.0,8.0,89.7,0.9,71.0,58.0
Pablo Torre,Centre Forward,"FORWARDS, UNCG",2026-04-17,Training Session,Whole Session,135.0,627.0,6086.0,45.0,57.0,6.0,0.0,0.0,6.8,75.3,0.7,56.0,35.0
Mason Poveromo,Left Winger,"FORWARDS, UNCG",2026-04-17,Training Session,Whole Session,135.0,964.0,6991.0,52.0,67.0,9.0,0.0,0.0,6.2,73.3,0.9,43.0,47.0
Ethan lam,Centre Attacking Midfielder,"MIDS, UNCG",2026-04-17,Training Session,Whole Session,135.0,910.0,7182.0,53.0,123.0,11.0,4.0,1.0,7.0,82.1,0.9,68.0,68.0
Sigurd,Centre Midfielder,"MIDS, UNCG",2026-04-17,Training Session,Whole Session,135.0,1313.0,8082.0,60.0,117.0,10.0,0.0,0.0,6.9,85.2,1.0,82.0,60.0
Steven Hernandez,Left Winger,UNCG,2026-04-17,Training Session,Whole Session,135.0,1011.0,7278.0,54.0,190.0,21.0,24.0,2.0,7.4,81.1,0.9,77.0,62.0
Tiago Mendes de Campos,Centre Midfielder,,2026-04-17,Training Session,Whole Session,135.0,1149.0,8151.0,60.0,67.0,7.0,0.0,0.0,6.5,75.1,1.0,40.0,58.0
Bendix Bennetzen,Centre Midfielder,,2026-04-17,Training Session,Whole Session,135.0,1351.0,7876.0,58.0,63.0,5.0,4.0,1.0,7.1,89.2,1.0,47.0,62.0
Sho Haggerty,Right Back,,2026-04-17,Training Session,Whole Session,135.0,1022.0,7300.0,54.0,97.0,12.0,0.0,0.0,6.9,76.3,0.9,70.0,43.0
Caleb Borneo,,,2026-04-17,Training Session,Whole Session,135.0,1207.0,7701.0,57.0,168.0,15.0,22.0,2.0,7.6,89.8,0.9,89.0,68.0
Jack Shannon,,,2026-04-17,Training Session,Whole Session,135.0,1494.0,6468.0,48.0,26.0,4.0,0.0,0.0,6.4,80.2,0.8,107.0,79.0
Ben,Centre Back,"Defense, UNCG",2026-04-20,Training Session,Whole Session,60.0,347.0,2764.0,46.0,0.0,0.0,0.0,0.0,5.4,67.6,0.8,44.0,16.0
Mason Dancy,Centre Back,"Defense, UNCG",2026-04-20,Training Session,Whole Session,60.0,378.0,3093.0,52.0,12.0,2.0,0.0,0.0,6.0,68.2,0.9,47.0,14.0
Mohammed Sumaila,Centre Back,"Defense, UNCG",2026-04-20,Training Session,Whole Session,60.0,373.0,2993.0,50.0,22.0,3.0,14.0,1.0,7.5,84.0,0.8,75.0,18.0
Téva Lossec,Left Back,"Defense, UNCG",2026-04-20,Training Session,Whole Session,60.0,0.0,32.0,1.0,0.0,0.0,0.0,0.0,0.3,3.6,0.0,0.0,0.0
bautista schmidt,Left Back,"Defense, UNCG",2026-04-20,Training Session,Whole Session,60.0,355.0,2916.0,49.0,0.0,0.0,0.0,0.0,5.0,60.8,0.8,67.0,28.0
Trym Linberg,Right Back,"Defense, UNCG",2026-04-20,Training Session,Whole Session,60.0,368.0,3121.0,52.0,5.0,1.0,0.0,0.0,5.6,63.1,0.9,55.0,19.0
Pablo Torre,Centre Forward,"FORWARDS, UNCG",2026-04-20,Training Session,Whole Session,60.0,0.0,2.0,0.0,0.0,0.0,0.0,0.0,0.1,1.3,0.0,0.0,0.0
Mason Poveromo,Left Winger,"FORWARDS, UNCG",2026-04-20,Training Session,Whole Session,60.0,443.0,3487.0,58.0,133.0,13.0,0.0,0.0,6.4,75.7,1.0,40.0,1.0
Ethan lam,Centre Attacking Midfielder,"MIDS, UNCG",2026-04-20,Training Session,Whole Session,60.0,365.0,2947.0,49.0,0.0,0.0,0.0,0.0,5.4,63.6,0.8,57.0,20.0
Sigurd,Centre Midfielder,"MIDS, UNCG",2026-04-20,Training Session,Whole Session,60.0,577.0,3817.0,64.0,8.0,2.0,0.0,0.0,5.8,70.6,1.1,80.0,41.0
Steven Hernandez,Left Winger,UNCG,2026-04-20,Training Session,Whole Session,60.0,438.0,3437.0,57.0,192.0,21.0,4.0,1.0,7.0,77.1,1.0,63.0,13.0
Tiago Mendes de Campos,Centre Midfielder,,2026-04-20,Training Session,Whole Session,60.0,1135.0,4345.0,72.0,42.0,7.0,0.0,0.0,6.8,78.2,1.2,87.0,49.0
Bendix Bennetzen,Centre Midfielder,,2026-04-20,Training Session,Whole Session,60.0,597.0,3788.0,63.0,4.0,1.0,0.0,0.0,5.5,69.4,1.1,74.0,46.0
Sho Haggerty,Right Back,,2026-04-20,Training Session,Whole Session,60.0,387.0,3163.0,53.0,10.0,1.0,0.0,0.0,6.4,70.8,0.9,66.0,19.0
Caleb Borneo,,,2026-04-20,Training Session,Whole Session,60.0,588.0,3541.0,59.0,17.0,4.0,0.0,0.0,6.0,70.8,1.0,88.0,64.0
Ben,Centre Back,"Defense, UNCG",2026-04-21,Training Session,Whole Session,75.0,367.0,3192.0,43.0,20.0,2.0,0.0,0.0,6.5,80.7,0.7,31.0,17.0
Mason Dancy,Centre Back,"Defense, UNCG",2026-04-21,Training Session,Whole Session,75.0,473.0,3636.0,48.0,72.0,7.0,0.0,0.0,6.9,77.7,0.8,59.0,18.0
Mohammed Sumaila,Centre Back,"Defense, UNCG",2026-04-21,Training Session,Whole Session,75.0,601.0,3943.0,53.0,38.0,5.0,13.0,2.0,7.1,79.9,0.9,82.0,35.0
bautista schmidt,Left Back,"Defense, UNCG",2026-04-21,Training Session,Whole Session,75.0,402.0,3480.0,46.0,40.0,5.0,0.0,0.0,6.6,81.1,0.8,65.0,26.0
Téva Lossec,Left Back,"Defense, UNCG",2026-04-21,Training Session,Whole Session,75.0,0.0,7.0,0.0,0.0,0.0,0.0,0.0,0.2,2.4,0.0,0.0,0.0
Trym Linberg,Right Back,"Defense, UNCG",2026-04-21,Training Session,Whole Session,75.0,379.0,3496.0,47.0,33.0,5.0,0.0,0.0,6.1,68.4,0.8,60.0,26.0
Pablo Torre,Centre Forward,"FORWARDS, UNCG",2026-04-21,Training Session,Whole Session,75.0,266.0,2469.0,33.0,70.0,6.0,0.0,0.0,6.8,75.4,0.5,32.0,20.0
Mason Poveromo,Left Winger,"FORWARDS, UNCG",2026-04-21,Training Session,Whole Session,75.0,366.0,2856.0,38.0,109.0,13.0,0.0,0.0,6.6,78.2,0.6,34.0,22.0
Ethan lam,Centre Attacking Midfielder,"MIDS, UNCG",2026-04-21,Training Session,Whole Session,75.0,425.0,3670.0,49.0,36.0,4.0,0.0,0.0,6.5,76.4,0.8,58.0,22.0
Sigurd,Centre Midfielder,"MIDS, UNCG",2026-04-21,Training Session,Whole Session,75.0,606.0,4120.0,55.0,55.0,7.0,0.0,0.0,6.6,81.2,0.9,81.0,35.0
Steven Hernandez,Left Winger,UNCG,2026-04-21,Training Session,Whole Session,75.0,450.0,3269.0,44.0,115.0,15.0,6.0,1.0,7.0,77.1,0.7,49.0,22.0
Bendix Bennetzen,Centre Midfielder,,2026-04-21,Training Session,Whole Session,75.0,584.0,4132.0,55.0,71.0,8.0,0.0,0.0,6.4,80.2,0.9,77.0,24.0
Tiago Mendes de Campos,Centre Midfielder,,2026-04-21,Training Session,Whole Session,75.0,1203.0,5210.0,69.0,170.0,16.0,143.0,11.0,9.9,113.7,1.2,79.0,43.0
Sho Haggerty,Right Back,,2026-04-21,Training Session,Whole Session,75.0,500.0,3836.0,51.0,19.0,4.0,0.0,0.0,6.2,68.5,0.9,73.0,21.0
Jack Shannon,,,2026-04-21,Training Session,Whole Session,75.0,453.0,3418.0,46.0,84.0,9.0,0.0,0.0,7.0,86.9,0.8,39.0,25.0
Caleb Borneo,,,2026-04-21,Training Session,Whole Session,75.0,632.0,3901.0,52.0,99.0,14.0,0.0,0.0,6.4,75.6,0.9,79.0,29.0
Mason Dancy,Centre Back,"Defense, UNCG",2026-04-22,Training Session,Whole Session,75.0,0.0,0.0,0.0,0.0,0.0,0.0,0.0,0.0,0.0,0.0,0.0,0.0
Ben,Centre Back,"Defense, UNCG",2026-04-22,Training Session,Whole Session,75.0,320.0,2901.0,39.0,0.0,0.0,0.0,0.0,5.2,64.1,0.6,39.0,28.0
Mohammed Sumaila,Centre Back,"Defense, UNCG",2026-04-22,Training Session,Whole Session,75.0,396.0,3471.0,46.0,42.0,4.0,0.0,0.0,6.7,74.6,0.8,69.0,28.0
bautista schmidt,Left Back,"Defense, UNCG",2026-04-22,Training Session,Whole Session,75.0,0.0,0.0,0.0,0.0,0.0,0.0,0.0,0.0,0.0,0.0,0.0,0.0
Téva Lossec,Left Back,"Defense, UNCG",2026-04-22,Training Session,Whole Session,75.0,0.0,0.0,0.0,0.0,0.0,0.0,0.0,0.0,0.0,0.0,0.0,0.0
Trym Linberg,Right Back,"Defense, UNCG",2026-04-22,Training Session,Whole Session,75.0,436.0,3750.0,50.0,44.0,6.0,0.0,0.0,6.1,68.2,0.8,61.0,30.0
Pablo Torre,Centre Forward,"FORWARDS, UNCG",2026-04-22,Training Session,Whole Session,75.0,0.0,10.0,0.0,0.0,0.0,0.0,0.0,0.2,1.7,0.0,0.0,0.0
Mason Poveromo,Left Winger,"FORWARDS, UNCG",2026-04-22,Training Session,Whole Session,75.0,0.0,0.0,0.0,0.0,0.0,0.0,0.0,0.0,0.0,0.0,0.0,0.0
Ethan lam,Centre Attacking Midfielder,"MIDS, UNCG",2026-04-22,Training Session,Whole Session,75.0,0.0,0.0,0.0,0.0,0.0,0.0,0.0,0.0,0.0,0.0,0.0,0.0
Sigurd,Centre Midfielder,"MIDS, UNCG",2026-04-22,Training Session,Whole Session,75.0,531.0,3729.0,50.0,0.0,0.0,0.0,0.0,4.9,60.7,0.8,55.0,37.0
Steven Hernandez,Left Winger,UNCG,2026-04-22,Training Session,Whole Session,75.0,428.0,3516.0,47.0,7.0,1.0,0.0,0.0,5.9,64.4,0.8,51.0,42.0
Bendix Bennetzen,Centre Midfielder,,2026-04-22,Training Session,Whole Session,75.0,607.0,4094.0,55.0,0.0,0.0,0.0,0.0,5.4,68.4,0.9,60.0,36.0
Tiago Mendes de Campos,Centre Midfielder,,2026-04-22,Training Session,Whole Session,75.0,1083.0,4370.0,58.0,22.0,4.0,0.0,0.0,6.1,61.5,1.0,60.0,62.0
Sho Haggerty,Right Back,,2026-04-22,Training Session,Whole Session,75.0,0.0,0.0,0.0,0.0,0.0,0.0,0.0,0.0,0.0,0.0,0.0,0.0
Jack Shannon,,,2026-04-22,Training Session,Whole Session,75.0,0.0,0.0,0.0,0.0,0.0,0.0,0.0,0.0,0.0,0.0,0.0,0.0
Caleb Borneo,,,2026-04-22,Training Session,Whole Session,75.0,0.0,0.0,0.0,0.0,0.0,0.0,0.0,0.0,0.0,0.0,0.0,0.0
Ben,Centre Back,"Defense, UNCG",2026-04-23,Training Session,Whole Session,135.0,422.0,3646.0,27.0,24.0,3.0,0.0,0.0,6.0,74.6,0.4,29.0,25.0
Mohammed Sumaila,Centre Back,"Defense, UNCG",2026-04-23,Training Session,Whole Session,135.0,713.0,5565.0,41.0,75.0,8.0,8.0,1.0,7.2,80.4,0.7,75.0,40.0
Mason Dancy,Centre Back,"Defense, UNCG",2026-04-23,Training Session,Whole Session,135.0,561.0,5185.0,38.0,52.0,5.0,0.0,0.0,6.9,77.7,0.6,48.0,29.0
bautista schmidt,Left Back,"Defense, UNCG",2026-04-23,Training Session,Whole Session,135.0,509.0,5218.0,39.0,24.0,3.0,0.0,0.0,5.9,71.5,0.6,54.0,28.0
Téva Lossec,Left Back,"Defense, UNCG",2026-04-23,Training Session,Whole Session,135.0,738.0,5523.0,41.0,29.0,4.0,0.0,0.0,6.3,70.7,0.7,68.0,33.0
Trym Linberg,Right Back,"Defense, UNCG",2026-04-23,Training Session,Whole Session,135.0,718.0,6457.0,48.0,64.0,8.0,0.0,0.0,6.9,77.3,0.8,94.0,44.0
Pablo Torre,Centre Forward,"FORWARDS, UNCG",2026-04-23,Training Session,Whole Session,135.0,4.0,63.0,0.0,0.0,0.0,0.0,0.0,1.2,12.9,0.0,0.0,0.0
Mason Poveromo,Left Winger,"FORWARDS, UNCG",2026-04-23,Training Session,Whole Session,135.0,621.0,5210.0,39.0,28.0,4.0,0.0,0.0,6.9,81.4,0.6,59.0,43.0
Ethan lam,Centre Attacking Midfielder,"MIDS, UNCG",2026-04-23,Training Session,Whole Session,135.0,713.0,6520.0,48.0,47.0,7.0,0.0,0.0,6.1,71.5,0.8,77.0,46.0
Sigurd,Centre Midfielder,"MIDS, UNCG",2026-04-23,Training Session,Whole Session,135.0,778.0,5992.0,44.0,26.0,5.0,0.0,0.0,5.8,71.2,0.7,64.0,61.0
Steven Hernandez,Left Winger,UNCG,2026-04-23,Training Session,Whole Session,135.0,769.0,6250.0,46.0,73.0,7.0,0.0,0.0,6.5,71.7,0.8,57.0,38.0
Tiago Mendes de Campos,Centre Midfielder,,2026-04-23,Training Session,Whole Session,135.0,1542.0,6860.0,51.0,24.0,4.0,0.0,0.0,6.5,65.6,0.8,99.0,85.0
Bendix Bennetzen,Centre Midfielder,,2026-04-23,Training Session,Whole Session,135.0,719.0,5693.0,42.0,54.0,8.0,0.0,0.0,6.2,77.6,0.7,46.0,42.0
Sho Haggerty,Right Back,,2026-04-23,Training Session,Whole Session,135.0,806.0,6263.0,46.0,74.0,10.0,0.0,0.0,6.4,71.0,0.8,81.0,63.0
Caleb Borneo,,,2026-04-23,Training Session,Whole Session,135.0,746.0,5437.0,40.0,36.0,6.0,0.0,0.0,6.5,76.8,0.7,76.0,63.0
Jack Shannon,,,2026-04-23,Training Session,Whole Session,135.0,828.0,6173.0,46.0,28.0,4.0,0.0,0.0,6.0,75.1,0.8,72.0,57.0
Ben,Centre Back,"Defense, UNCG",2026-07-21,Training Session,Whole Session,120.0,42.0,424.0,4.0,0.0,0.0,0.0,0.0,1.9,24.0,0.1,0.0,0.0
Mason Dancy,Centre Back,"Defense, UNCG",2026-07-21,Training Session,Whole Session,120.0,501.0,4678.0,39.0,0.0,0.0,0.0,0.0,5.0,57.1,0.6,36.0,23.0
Mohammed Sumaila,Centre Back,"Defense, UNCG",2026-07-21,Training Session,Whole Session,120.0,1239.0,5502.0,46.0,0.0,0.0,0.0,0.0,6.1,68.1,0.8,91.0,40.0
bautista schmidt,Left Back,"Defense, UNCG",2026-07-21,Training Session,Whole Session,120.0,523.0,4707.0,39.0,0.0,0.0,0.0,0.0,6.2,74.5,0.7,55.0,56.0
Pablo Torre,Centre Forward,"FORWARDS, UNCG",2026-07-21,Training Session,Whole Session,120.0,0.0,0.0,0.0,0.0,0.0,0.0,0.0,0.0,0.0,0.0,0.0,0.0
Mason Poveromo,Left Winger,"FORWARDS, UNCG",2026-07-21,Training Session,Whole Session,120.0,756.0,5976.0,50.0,0.0,0.0,0.0,0.0,6.2,73.9,0.8,48.0,56.0
Ethan lam,Centre Attacking Midfielder,"MIDS, UNCG",2026-07-21,Training Session,Whole Session,120.0,569.0,5031.0,42.0,0.0,0.0,0.0,0.0,6.4,75.0,0.7,43.0,35.0
Sigurd,Centre Midfielder,"MIDS, UNCG",2026-07-21,Training Session,Whole Session,120.0,837.0,5846.0,49.0,0.0,0.0,0.0,0.0,6.2,75.8,0.8,63.0,55.0
Steven Hernandez,Left Winger,UNCG,2026-07-21,Training Session,Whole Session,120.0,557.0,5043.0,42.0,0.0,0.0,0.0,0.0,5.6,61.9,0.7,47.0,39.0
Keaviano Francis,Centre Attacking Midfielder,,2026-07-21,Training Session,Whole Session,120.0,529.0,5017.0,42.0,0.0,0.0,0.0,0.0,5.3,64.8,0.7,71.0,44.0
Naej Desravins,Centre Defensive Midfielder,,2026-07-21,Training Session,Whole Session,120.0,530.0,4622.0,39.0,0.0,0.0,0.0,0.0,5.2,66.2,0.6,41.0,39.0
Tiago Mendes de Campos,Centre Midfielder,,2026-07-21,Training Session,Whole Session,120.0,889.0,6695.0,56.0,0.0,0.0,0.0,0.0,6.1,62.2,0.9,44.0,51.0
Bendix Bennetzen,Centre Midfielder,,2026-07-21,Training Session,Whole Session,120.0,0.0,3.0,0.0,0.0,0.0,0.0,0.0,0.0,0.0,0.0,0.0,0.0
Gavin,Left Back,,2026-07-21,Training Session,Whole Session,120.0,661.0,5859.0,49.0,0.0,0.0,0.0,0.0,5.5,62.5,0.8,45.0,45.0
Sho Haggerty,Right Back,,2026-07-21,Training Session,Whole Session,120.0,0.0,0.0,0.0,0.0,0.0,0.0,0.0,0.1,0.7,0.0,0.0,0.0
Caleb Borneo,,,2026-07-21,Training Session,Whole Session,120.0,816.0,5551.0,46.0,0.0,0.0,0.0,0.0,6.2,72.5,0.8,84.0,45.0
Mohammed Sumaila,Centre Back,"Defense, UNCG",2026-07-22,Training Session,Whole Session,120.0,1509.0,6140.0,51.0,0.0,0.0,0.0,0.0,6.0,67.4,0.9,134.0,75.0
Mason Dancy,Centre Back,"Defense, UNCG",2026-07-22,Training Session,Whole Session,120.0,676.0,5288.0,44.0,0.0,0.0,0.0,0.0,5.9,67.1,0.7,54.0,32.0
bautista schmidt,Left Back,"Defense, UNCG",2026-07-22,Training Session,Whole Session,120.0,710.0,5915.0,49.0,0.0,0.0,0.0,0.0,5.6,68.0,0.8,59.0,42.0
Pablo Torre,Centre Forward,"FORWARDS, UNCG",2026-07-22,Training Session,Whole Session,120.0,963.0,6324.0,53.0,0.0,0.0,0.0,0.0,6.4,71.6,0.9,76.0,52.0
Mason Poveromo,Left Winger,"FORWARDS, UNCG",2026-07-22,Training Session,Whole Session,120.0,901.0,6620.0,55.0,0.0,0.0,0.0,0.0,6.6,77.6,0.9,59.0,47.0
Ethan lam,Centre Attacking Midfielder,"MIDS, UNCG",2026-07-22,Training Session,Whole Session,120.0,744.0,5842.0,49.0,0.0,0.0,0.0,0.0,5.3,61.5,0.8,68.0,32.0
Sigurd,Centre Midfielder,"MIDS, UNCG",2026-07-22,Training Session,Whole Session,120.0,1056.0,6990.0,58.0,0.0,0.0,0.0,0.0,6.0,74.0,1.0,113.0,60.0
Steven Hernandez,Left Winger,UNCG,2026-07-22,Training Session,Whole Session,120.0,813.0,6066.0,51.0,0.0,0.0,0.0,0.0,6.1,67.3,0.8,73.0,47.0
Keaviano Francis,Centre Attacking Midfielder,,2026-07-22,Training Session,Whole Session,120.0,802.0,6460.0,54.0,0.0,0.0,0.0,0.0,6.2,75.7,0.9,112.0,54.0
Naej Desravins,Centre Defensive Midfielder,,2026-07-22,Training Session,Whole Session,120.0,849.0,5824.0,49.0,0.0,0.0,0.0,0.0,6.1,78.3,0.8,93.0,48.0
Bendix Bennetzen,Centre Midfielder,,2026-07-22,Training Session,Whole Session,120.0,1129.0,7363.0,61.0,0.0,0.0,0.0,0.0,5.3,66.7,1.0,50.0,51.0
Tiago Mendes de Campos,Centre Midfielder,,2026-07-22,Training Session,Whole Session,120.0,797.0,6103.0,51.0,0.0,0.0,0.0,0.0,5.7,58.1,0.8,53.0,35.0
Gavin,Left Back,,2026-07-22,Training Session,Whole Session,120.0,867.0,6829.0,57.0,0.0,0.0,0.0,0.0,6.9,79.3,0.9,114.0,68.0
Sho Haggerty,Right Back,,2026-07-22,Training Session,Whole Session,120.0,1004.0,7014.0,58.0,0.0,0.0,0.0,0.0,5.6,62.4,1.0,95.0,68.0
Caleb Borneo,,,2026-07-22,Training Session,Whole Session,120.0,1077.0,6468.0,54.0,0.0,0.0,0.0,0.0,6.1,71.4,0.9,115.0,67.0
Mason Dancy,Centre Back,"Defense, UNCG",2026-07-24,Training Session,Whole Session,120.0,486.0,3831.0,32.0,0.0,0.0,0.0,0.0,6.4,72.1,0.5,46.0,33.0
Mohammed Sumaila,Centre Back,"Defense, UNCG",2026-07-24,Training Session,Whole Session,120.0,906.0,4259.0,35.0,0.0,0.0,0.0,0.0,6.5,72.7,0.6,84.0,49.0
Ben,Centre Back,"Defense, UNCG",2026-07-24,Training Session,Whole Session,120.0,0.0,1.0,0.0,0.0,0.0,0.0,0.0,0.1,1.3,0.0,0.0,0.0
bautista schmidt,Left Back,"Defense, UNCG",2026-07-24,Training Session,Whole Session,120.0,552.0,4463.0,37.0,0.0,0.0,0.0,0.0,6.3,76.1,0.6,43.0,30.0
Pablo Torre,Centre Forward,"FORWARDS, UNCG",2026-07-24,Training Session,Whole Session,120.0,567.0,4463.0,37.0,0.0,0.0,0.0,0.0,6.2,69.4,0.6,58.0,30.0
Mason Poveromo,Left Winger,"FORWARDS, UNCG",2026-07-24,Training Session,Whole Session,120.0,684.0,4748.0,40.0,0.0,0.0,0.0,0.0,6.2,73.2,0.7,42.0,40.0
Ethan lam,Centre Attacking Midfielder,"MIDS, UNCG",2026-07-24,Training Session,Whole Session,120.0,576.0,4410.0,37.0,9.0,1.0,0.0,0.0,7.1,83.2,0.6,54.0,24.0
Sigurd,Centre Midfielder,"MIDS, UNCG",2026-07-24,Training Session,Whole Session,120.0,719.0,4854.0,40.0,0.0,0.0,0.0,0.0,6.2,76.3,0.7,75.0,33.0
Steven Hernandez,Left Winger,UNCG,2026-07-24,Training Session,Whole Session,120.0,0.0,2.0,0.0,0.0,0.0,0.0,0.0,0.1,1.1,0.0,0.0,0.0
Keaviano Francis,Centre Attacking Midfielder,,2026-07-24,Training Session,Whole Session,120.0,488.0,3955.0,33.0,12.0,2.0,0.0,0.0,6.9,84.4,0.5,62.0,37.0
Naej Desravins,Centre Defensive Midfielder,,2026-07-24,Training Session,Whole Session,120.0,630.0,4393.0,37.0,0.0,0.0,0.0,0.0,6.2,79.1,0.6,57.0,50.0
Bendix Bennetzen,Centre Midfielder,,2026-07-24,Training Session,Whole Session,120.0,0.0,2.0,0.0,0.0,0.0,0.0,0.0,0.1,1.2,0.0,0.0,0.0
Tiago Mendes de Campos,Centre Midfielder,,2026-07-24,Training Session,Whole Session,120.0,650.0,4673.0,39.0,0.0,0.0,0.0,0.0,5.8,58.4,0.6,56.0,34.0
Gavin,Left Back,,2026-07-24,Training Session,Whole Session,120.0,634.0,4859.0,40.0,0.0,0.0,0.0,0.0,5.7,64.8,0.7,65.0,51.0
Sho Haggerty,Right Back,,2026-07-24,Training Session,Whole Session,120.0,691.0,4705.0,39.0,0.0,0.0,0.0,0.0,6.8,75.5,0.7,64.0,40.0
Caleb Borneo,,,2026-07-24,Training Session,Whole Session,120.0,0.0,2.0,0.0,0.0,0.0,0.0,0.0,0.1,1.2,0.0,0.0,0.0
Ben,Centre Back,"Defense, UNCG",2026-07-27,Training Session,Whole Session,120.0,35.0,413.0,3.0,0.0,0.0,0.0,0.0,2.2,27.5,0.1,0.0,0.0
Mason Dancy,Centre Back,"Defense, UNCG",2026-07-27,Training Session,Whole Session,120.0,538.0,4778.0,40.0,0.0,0.0,0.0,0.0,5.2,59.4,0.7,52.0,42.0
Mohammed Sumaila,Centre Back,"Defense, UNCG",2026-07-27,Training Session,Whole Session,120.0,1162.0,4943.0,41.0,0.0,0.0,0.0,0.0,6.6,73.7,0.7,110.0,62.0
bautista schmidt,Left Back,"Defense, UNCG",2026-07-27,Training Session,Whole Session,120.0,656.0,5404.0,45.0,0.0,0.0,0.0,0.0,6.2,74.4,0.7,69.0,53.0
Lasse Dahl,Right Winger,FORWARDS,2026-07-27,Training Session,Whole Session,,,,,,,,,,,,,
Pablo Torre,Centre Forward,"FORWARDS, UNCG",2026-07-27,Training Session,Whole Session,120.0,759.0,6007.0,50.0,0.0,0.0,0.0,0.0,6.7,75.1,0.8,82.0,49.0
Mason Poveromo,Left Winger,"FORWARDS, UNCG",2026-07-27,Training Session,Whole Session,120.0,767.0,5633.0,47.0,0.0,0.0,0.0,0.0,5.6,66.3,0.8,57.0,48.0
Filipe Gomes de Matos,Centre Attacking Midfielder,MIDS,2026-07-27,Training Session,Whole Session,,,,,,,,,,,,,
Ethan lam,Centre Attacking Midfielder,"MIDS, UNCG",2026-07-27,Training Session,Whole Session,120.0,663.0,5376.0,45.0,0.0,0.0,0.0,0.0,6.3,73.8,0.7,49.0,41.0
Sigurd,Centre Midfielder,"MIDS, UNCG",2026-07-27,Training Session,Whole Session,120.0,827.0,6129.0,51.0,0.0,0.0,0.0,0.0,6.5,79.3,0.8,81.0,54.0
Steven Hernandez,Left Winger,UNCG,2026-07-27,Training Session,Whole Session,120.0,566.0,4343.0,36.0,0.0,0.0,0.0,0.0,6.6,72.1,0.6,65.0,35.0
Keaviano Francis,Centre Attacking Midfielder,,2026-07-27,Training Session,Whole Session,120.0,586.0,5112.0,43.0,0.0,0.0,0.0,0.0,6.2,75.9,0.7,78.0,50.0
Naej Desravins,Centre Defensive Midfielder,,2026-07-27,Training Session,Whole Session,120.0,599.0,4642.0,39.0,0.0,0.0,0.0,0.0,5.1,65.3,0.6,64.0,45.0
Tiago Mendes de Campos,Centre Midfielder,,2026-07-27,Training Session,Whole Session,120.0,32.0,418.0,3.0,0.0,0.0,0.0,0.0,2.9,29.5,0.1,0.0,0.0
Bendix Bennetzen,Centre Midfielder,,2026-07-27,Training Session,Whole Session,120.0,564.0,4110.0,34.0,0.0,0.0,0.0,0.0,4.7,58.6,0.6,34.0,22.0
Gavin,Left Back,,2026-07-27,Training Session,Whole Session,120.0,695.0,6015.0,50.0,0.0,0.0,0.0,0.0,6.1,70.1,0.8,68.0,51.0
Sho Haggerty,Right Back,,2026-07-27,Training Session,Whole Session,120.0,857.0,6282.0,52.0,0.0,0.0,0.0,0.0,6.0,66.7,0.9,78.0,58.0
Caleb Borneo,,,2026-07-27,Training Session,Whole Session,120.0,758.0,4718.0,39.0,0.0,0.0,0.0,0.0,5.9,69.8,0.7,91.0,53.0
Ben,Centre Back,"Defense, UNCG",2026-07-29,Training Session,Whole Session,120.0,37.0,392.0,3.0,0.0,0.0,0.0,0.0,1.8,21.8,0.1,0.0,0.0
Mason Dancy,Centre Back,"Defense, UNCG",2026-07-29,Training Session,Whole Session,120.0,269.0,2738.0,23.0,0.0,0.0,0.0,0.0,3.1,35.2,0.4,15.0,0.0
Mohammed Sumaila,Centre Back,"Defense, UNCG",2026-07-29,Training Session,Whole Session,120.0,1271.0,5576.0,46.0,0.0,0.0,0.0,0.0,6.5,72.7,0.8,98.0,54.0
bautista schmidt,Left Back,"Defense, UNCG",2026-07-29,Training Session,Whole Session,120.0,558.0,4561.0,38.0,0.0,0.0,0.0,0.0,5.9,71.8,0.6,60.0,39.0
Lasse Dahl,Right Winger,FORWARDS,2026-07-29,Training Session,Whole Session,120.0,778.0,6210.0,52.0,11.0,1.0,0.0,0.0,7.1,84.5,0.9,77.0,37.0
Pablo Torre,Centre Forward,"FORWARDS, UNCG",2026-07-29,Training Session,Whole Session,120.0,839.0,6477.0,54.0,0.0,0.0,0.0,0.0,5.5,61.6,0.9,89.0,36.0
Mason Poveromo,Left Winger,"FORWARDS, UNCG",2026-07-29,Training Session,Whole Session,120.0,662.0,5400.0,45.0,0.0,0.0,0.0,0.0,5.9,70.3,0.7,39.0,37.0
Filipe Gomes de Matos,Centre Attacking Midfielder,MIDS,2026-07-29,Training Session,Whole Session,120.0,843.0,5852.0,49.0,0.0,0.0,0.0,0.0,5.9,71.2,0.8,81.0,36.0
Ethan lam,Centre Attacking Midfielder,"MIDS, UNCG",2026-07-29,Training Session,Whole Session,120.0,643.0,5496.0,46.0,0.0,0.0,0.0,0.0,5.7,67.0,0.8,66.0,35.0
Sigurd,Centre Midfielder,"MIDS, UNCG",2026-07-29,Training Session,Whole Session,120.0,864.0,6352.0,53.0,0.0,0.0,0.0,0.0,6.0,73.1,0.9,103.0,54.0
Steven Hernandez,Left Winger,UNCG,2026-07-29,Training Session,Whole Session,120.0,701.0,5858.0,49.0,0.0,0.0,0.0,0.0,6.3,69.3,0.8,64.0,45.0
Keaviano Francis,Centre Attacking Midfielder,,2026-07-29,Training Session,Whole Session,120.0,661.0,5499.0,46.0,0.0,0.0,0.0,0.0,5.6,68.3,0.8,100.0,41.0
Naej Desravins,Centre Defensive Midfielder,,2026-07-29,Training Session,Whole Session,120.0,724.0,5238.0,44.0,5.0,1.0,0.0,0.0,6.4,82.0,0.7,81.0,56.0
Tiago Mendes de Campos,Centre Midfielder,,2026-07-29,Training Session,Whole Session,120.0,888.0,6794.0,57.0,0.0,0.0,0.0,0.0,6.7,67.7,0.9,74.0,42.0
Bendix Bennetzen,Centre Midfielder,,2026-07-29,Training Session,Whole Session,120.0,34.0,392.0,3.0,0.0,0.0,0.0,0.0,1.7,21.4,0.1,0.0,0.0
Gavin,Left Back,,2026-07-29,Training Session,Whole Session,120.0,35.0,398.0,3.0,0.0,0.0,0.0,0.0,3.4,38.9,0.1,0.0,0.0
Sho Haggerty,Right Back,,2026-07-29,Training Session,Whole Session,120.0,771.0,5788.0,48.0,0.0,0.0,0.0,0.0,6.1,67.6,0.8,88.0,51.0
Caleb Borneo,,,2026-07-29,Training Session,Whole Session,120.0,33.0,383.0,3.0,0.0,0.0,0.0,0.0,2.5,29.9,0.1,2.0,0.0
Ben,Centre Back,"Defense, UNCG",2026-07-30,Training Session,Whole Session,120.0,86.0,772.0,6.0,0.0,0.0,0.0,0.0,2.3,28.1,0.1,1.0,4.0
Mason Dancy,Centre Back,"Defense, UNCG",2026-07-30,Training Session,Whole Session,120.0,73.0,763.0,6.0,0.0,0.0,0.0,0.0,1.8,20.0,0.1,3.0,0.0
Mohammed Sumaila,Centre Back,"Defense, UNCG",2026-07-30,Training Session,Whole Session,120.0,1174.0,5789.0,48.0,0.0,0.0,0.0,0.0,6.6,74.0,0.8,88.0,58.0
bautista schmidt,Left Back,"Defense, UNCG",2026-07-30,Training Session,Whole Session,120.0,524.0,4606.0,38.0,0.0,0.0,0.0,0.0,5.4,64.7,0.6,61.0,64.0
Lasse Dahl,Right Winger,FORWARDS,2026-07-30,Training Session,Whole Session,120.0,744.0,6136.0,51.0,0.0,0.0,0.0,0.0,5.7,68.2,0.9,62.0,47.0
Pablo Torre,Centre Forward,"FORWARDS, UNCG",2026-07-30,Training Session,Whole Session,120.0,649.0,5305.0,44.0,0.0,0.0,0.0,0.0,5.6,62.9,0.7,72.0,42.0
Mason Poveromo,Left Winger,"FORWARDS, UNCG",2026-07-30,Training Session,Whole Session,120.0,700.0,5311.0,44.0,0.0,0.0,0.0,0.0,5.8,68.7,0.7,43.0,39.0
Filipe Gomes de Matos,Centre Attacking Midfielder,MIDS,2026-07-30,Training Session,Whole Session,120.0,749.0,5186.0,43.0,0.0,0.0,0.0,0.0,6.3,76.1,0.7,61.0,42.0
Ethan lam,Centre Attacking Midfielder,"MIDS, UNCG",2026-07-30,Training Session,Whole Session,120.0,578.0,5085.0,42.0,0.0,0.0,0.0,0.0,5.7,66.8,0.7,51.0,38.0
Sigurd,Centre Midfielder,"MIDS, UNCG",2026-07-30,Training Session,Whole Session,120.0,739.0,5578.0,46.0,0.0,0.0,0.0,0.0,5.3,65.0,0.8,88.0,47.0
Steven Hernandez,Left Winger,UNCG,2026-07-30,Training Session,Whole Session,120.0,584.0,5378.0,45.0,0.0,0.0,0.0,0.0,6.0,66.0,0.7,57.0,44.0
Keaviano Francis,Centre Attacking Midfielder,,2026-07-30,Training Session,Whole Session,120.0,516.0,4494.0,37.0,0.0,0.0,0.0,0.0,5.4,66.4,0.6,82.0,54.0
Naej Desravins,Centre Defensive Midfielder,,2026-07-30,Training Session,Whole Session,120.0,631.0,4615.0,38.0,0.0,0.0,0.0,0.0,5.5,69.5,0.6,70.0,54.0
Bendix Bennetzen,Centre Midfielder,,2026-07-30,Training Session,Whole Session,120.0,80.0,772.0,6.0,0.0,0.0,0.0,0.0,1.9,24.5,0.1,0.0,4.0
Tiago Mendes de Campos,Centre Midfielder,,2026-07-30,Training Session,Whole Session,120.0,759.0,5794.0,48.0,0.0,0.0,0.0,0.0,5.5,55.7,0.8,62.0,50.0
Gavin,Left Back,,2026-07-30,Training Session,Whole Session,120.0,705.0,6305.0,53.0,0.0,0.0,0.0,0.0,5.5,63.2,0.9,85.0,54.0
Sho Haggerty,Right Back,,2026-07-30,Training Session,Whole Session,120.0,770.0,5979.0,50.0,0.0,0.0,0.0,0.0,5.8,63.7,0.8,69.0,58.0
Caleb Borneo,,,2026-07-30,Training Session,Whole Session,120.0,677.0,4665.0,39.0,0.0,0.0,0.0,0.0,5.7,67.0,0.6,74.0,54.0
Ben,Centre Back,"Defense, UNCG",2026-07-31,Training Session,Whole Session,114.0,43.0,462.0,4.0,0.0,0.0,0.0,0.0,1.6,20.0,0.1,0.0,1.0
Mohammed Sumaila,Centre Back,"Defense, UNCG",2026-07-31,Training Session,Whole Session,114.0,1712.0,6841.0,60.0,0.0,0.0,0.0,0.0,6.3,70.1,1.0,71.0,68.0
Mason Dancy,Centre Back,"Defense, UNCG",2026-07-31,Training Session,Whole Session,114.0,805.0,6103.0,54.0,8.0,1.0,0.0,0.0,7.2,81.9,0.9,45.0,38.0
bautista schmidt,Left Back,"Defense, UNCG",2026-07-31,Training Session,Whole Session,114.0,763.0,6191.0,54.0,67.0,9.0,6.0,1.0,7.5,90.2,0.9,34.0,38.0
Lasse Dahl,Right Winger,FORWARDS,2026-07-31,Training Session,Whole Session,114.0,1049.0,7915.0,69.0,56.0,6.0,14.0,2.0,7.7,91.5,1.2,40.0,40.0
Pablo Torre,Centre Forward,"FORWARDS, UNCG",2026-07-31,Training Session,Whole Session,114.0,935.0,7292.0,64.0,12.0,1.0,0.0,0.0,7.6,84.4,1.1,74.0,58.0
Mason Poveromo,Left Winger,"FORWARDS, UNCG",2026-07-31,Training Session,Whole Session,114.0,39.0,443.0,4.0,0.0,0.0,0.0,0.0,2.8,33.1,0.1,2.0,0.0
Filipe Gomes de Matos,Centre Attacking Midfielder,MIDS,2026-07-31,Training Session,Whole Session,114.0,926.0,6244.0,55.0,77.0,7.0,7.0,1.0,7.7,92.8,0.9,40.0,42.0
Ethan lam,Centre Attacking Midfielder,"MIDS, UNCG",2026-07-31,Training Session,Whole Session,114.0,885.0,7051.0,62.0,22.0,3.0,16.0,2.0,8.2,95.7,1.0,37.0,35.0
Sigurd,Centre Midfielder,"MIDS, UNCG",2026-07-31,Training Session,Whole Session,114.0,1188.0,7808.0,68.0,23.0,3.0,10.0,1.0,7.6,93.2,1.1,48.0,52.0
Steven Hernandez,Left Winger,UNCG,2026-07-31,Training Session,Whole Session,114.0,840.0,6783.0,60.0,8.0,1.0,0.0,0.0,7.8,85.4,1.0,42.0,37.0
Keaviano Francis,Centre Attacking Midfielder,,2026-07-31,Training Session,Whole Session,114.0,923.0,7364.0,65.0,51.0,6.0,35.0,3.0,7.7,94.2,1.1,71.0,69.0
Naej Desravins,Centre Defensive Midfielder,,2026-07-31,Training Session,Whole Session,114.0,1011.0,6620.0,58.0,20.0,1.0,0.0,0.0,6.9,87.2,1.0,51.0,47.0
Tiago Mendes de Campos,Centre Midfielder,,2026-07-31,Training Session,Whole Session,114.0,1312.0,8462.0,74.0,0.0,0.0,0.0,0.0,7.5,76.3,1.2,60.0,54.0
Bendix Bennetzen,Centre Midfielder,,2026-07-31,Training Session,Whole Session,114.0,41.0,425.0,4.0,0.0,0.0,0.0,0.0,1.9,23.4,0.1,1.0,0.0
Gavin,Left Back,,2026-07-31,Training Session,Whole Session,114.0,954.0,7488.0,66.0,49.0,4.0,0.0,0.0,7.9,89.8,1.1,41.0,51.0
Sho Haggerty,Right Back,,2026-07-31,Training Session,Whole Session,114.0,1202.0,8084.0,71.0,16.0,3.0,0.0,0.0,7.3,80.8,1.2,63.0,60.0
Caleb Borneo,,,2026-07-31,Training Session,Whole Session,114.0,35.0,407.0,4.0,0.0,0.0,0.0,0.0,1.9,21.9,0.1,0.0,1.0
Mason Dancy,Centre Back,"Defense, UNCG",2026-08-04,Training Session,Whole Session,120.0,968.0,6423.0,54.0,0.0,0.0,0.0,0.0,7.0,79.0,0.9,76.0,54.0
Mohammed Sumaila,Centre Back,"Defense, UNCG",2026-08-04,Training Session,Whole Session,120.0,1031.0,6730.0,56.0,0.0,0.0,0.0,0.0,6.5,72.9,0.9,118.0,44.0
Ben,Centre Back,"Defense, UNCG",2026-08-04,Training Session,Whole Session,120.0,621.0,4759.0,40.0,0.0,0.0,0.0,0.0,6.2,77.3,0.7,55.0,31.0
Mason Dancy,Centre Back,"Defense, UNCG",2026-08-04,Training Session,Whole Session,120.0,625.0,4468.0,37.0,0.0,0.0,0.0,0.0,5.7,64.8,0.6,58.0,22.0
Mohammed Sumaila,Centre Back,"Defense, UNCG",2026-08-04,Training Session,Whole Session,120.0,726.0,4897.0,41.0,0.0,0.0,0.0,0.0,6.4,72.1,0.7,81.0,27.0
Ben,Centre Back,"Defense, UNCG",2026-08-04,Training Session,Whole Session,120.0,877.0,6405.0,53.0,0.0,0.0,0.0,0.0,5.6,69.7,0.9,86.0,55.0
bautista schmidt,Left Back,"Defense, UNCG",2026-08-04,Training Session,Whole Session,120.0,1062.0,7181.0,60.0,66.0,7.0,12.0,2.0,7.7,92.8,1.0,120.0,89.0
bautista schmidt,Left Back,"Defense, UNCG",2026-08-04,Training Session,Whole Session,120.0,655.0,4966.0,41.0,23.0,2.0,0.0,0.0,7.3,88.4,0.7,72.0,63.0
Trym Linberg,Right Back,"Defense, UNCG",2026-08-04,Training Session,Whole Session,120.0,0.0,2.0,0.0,0.0,0.0,0.0,0.0,0.1,1.0,0.0,0.0,0.0
Trym Linberg,Right Back,"Defense, UNCG",2026-08-04,Training Session,Whole Session,120.0,332.0,2847.0,24.0,0.0,0.0,0.0,0.0,5.7,63.8,0.4,35.0,12.0
Lasse Dahl,Right Winger,FORWARDS,2026-08-04,Training Session,Whole Session,120.0,753.0,5424.0,45.0,0.0,0.0,0.0,0.0,6.5,77.3,0.8,70.0,43.0
Lasse Dahl,Right Winger,FORWARDS,2026-08-04,Training Session,Whole Session,120.0,1064.0,7394.0,62.0,20.0,3.0,0.0,0.0,7.2,85.7,1.0,108.0,54.0
Pablo Torre,Centre Forward,"FORWARDS, UNCG",2026-08-04,Training Session,Whole Session,120.0,1122.0,7419.0,62.0,0.0,0.0,0.0,0.0,6.7,75.0,1.0,108.0,76.0
Pablo Torre,Centre Forward,"FORWARDS, UNCG",2026-08-04,Training Session,Whole Session,120.0,746.0,5447.0,45.0,0.0,0.0,0.0,0.0,7.2,80.0,0.8,74.0,48.0
Mason Poveromo,Left Winger,"FORWARDS, UNCG",2026-08-04,Training Session,Whole Session,120.0,1074.0,7182.0,60.0,26.0,4.0,0.0,0.0,7.1,83.9,1.0,86.0,70.0
Mason Poveromo,Left Winger,"FORWARDS, UNCG",2026-08-04,Training Session,Whole Session,120.0,793.0,5469.0,46.0,0.0,0.0,0.0,0.0,6.3,74.5,0.8,52.0,52.0
Filipe Gomes de Matos,Centre Attacking Midfielder,MIDS,2026-08-04,Training Session,Whole Session,120.0,1215.0,6933.0,58.0,0.0,0.0,0.0,0.0,6.4,77.5,1.0,105.0,68.0
Filipe Gomes de Matos,Centre Attacking Midfielder,MIDS,2026-08-04,Training Session,Whole Session,120.0,871.0,5364.0,45.0,7.0,1.0,0.0,0.0,6.9,83.2,0.7,71.0,38.0
Ethan lam,Centre Attacking Midfielder,"MIDS, UNCG",2026-08-04,Training Session,Whole Session,120.0,1057.0,7492.0,62.0,22.0,3.0,0.0,0.0,7.2,84.6,1.0,88.0,82.0
Ethan lam,Centre Attacking Midfielder,"MIDS, UNCG",2026-08-04,Training Session,Whole Session,120.0,615.0,5062.0,42.0,32.0,4.0,6.0,1.0,7.8,91.2,0.7,68.0,18.0
Sigurd,Centre Midfielder,"MIDS, UNCG",2026-08-04,Training Session,Whole Session,120.0,945.0,5607.0,47.0,22.0,1.0,0.0,0.0,7.0,86.1,0.8,86.0,56.0
Sigurd,Centre Midfielder,"MIDS, UNCG",2026-08-04,Training Session,Whole Session,120.0,1264.0,7703.0,64.0,26.0,3.0,0.0,0.0,7.2,87.9,1.1,89.0,72.0
Steven Hernandez,Left Winger,UNCG,2026-08-04,Training Session,Whole Session,120.0,931.0,6266.0,52.0,13.0,2.0,0.0,0.0,7.9,86.1,0.9,109.0,60.0
Steven Hernandez,Left Winger,UNCG,2026-08-04,Training Session,Whole Session,120.0,713.0,5025.0,42.0,0.0,0.0,0.0,0.0,7.2,78.5,0.7,80.0,33.0
Keaviano Francis,Centre Attacking Midfielder,,2026-08-04,Training Session,Whole Session,120.0,920.0,6468.0,54.0,44.0,5.0,0.0,0.0,7.2,88.5,0.9,101.0,62.0
Keaviano Francis,Centre Attacking Midfielder,,2026-08-04,Training Session,Whole Session,120.0,708.0,5003.0,42.0,8.0,1.0,0.0,0.0,6.7,82.4,0.7,70.0,48.0
Naej Desravins,Centre Defensive Midfielder,,2026-08-04,Training Session,Whole Session,120.0,921.0,6411.0,53.0,17.0,2.0,13.0,1.0,7.9,103.7,0.9,114.0,60.0
Naej Desravins,Centre Defensive Midfielder,,2026-08-04,Training Session,Whole Session,120.0,643.0,4757.0,40.0,0.0,0.0,0.0,0.0,6.1,77.4,0.7,72.0,40.0
Tiago Mendes de Campos,Centre Midfielder,,2026-08-04,Training Session,Whole Session,120.0,1439.0,8562.0,71.0,0.0,0.0,0.0,0.0,6.6,66.6,1.2,99.0,73.0
Bendix Bennetzen,Centre Midfielder,,2026-08-04,Training Session,Whole Session,120.0,491.0,3437.0,29.0,0.0,0.0,0.0,0.0,5.7,71.4,0.5,50.0,20.0
Tiago Mendes de Campos,Centre Midfielder,,2026-08-04,Training Session,Whole Session,120.0,979.0,6084.0,51.0,19.0,1.0,0.0,0.0,8.6,86.9,0.8,61.0,57.0
Bendix Bennetzen,Centre Midfielder,,2026-08-04,Training Session,Whole Session,120.0,817.0,5611.0,47.0,0.0,0.0,0.0,0.0,5.7,72.1,0.8,59.0,32.0
Gavin,Left Back,,2026-08-04,Training Session,Whole Session,120.0,718.0,5394.0,45.0,17.0,1.0,0.0,0.0,7.5,85.7,0.7,64.0,45.0
Gavin,Left Back,,2026-08-04,Training Session,Whole Session,120.0,908.0,6435.0,54.0,15.0,2.0,0.0,0.0,7.1,81.4,0.9,102.0,62.0
Peter Guessan,Left Wing Back,,2026-08-04,Training Session,Whole Session,120.0,850.0,5206.0,43.0,37.0,5.0,12.0,2.0,8.2,94.2,0.7,67.0,43.0
Peter Guessan,Left Wing Back,,2026-08-04,Training Session,Whole Session,120.0,1100.0,6265.0,52.0,33.0,3.0,0.0,0.0,7.8,89.9,0.9,83.0,63.0
Sho Haggerty,Right Back,,2026-08-04,Training Session,Whole Session,120.0,876.0,5570.0,46.0,10.0,1.0,0.0,0.0,7.8,86.2,0.8,75.0,56.0
Sho Haggerty,Right Back,,2026-08-04,Training Session,Whole Session,120.0,1078.0,6868.0,57.0,0.0,0.0,0.0,0.0,6.8,75.5,1.0,123.0,77.0
Caleb Borneo,,,2026-08-04,Training Session,Whole Session,120.0,970.0,5379.0,45.0,0.0,0.0,0.0,0.0,6.6,77.9,0.7,106.0,66.0
Caleb Borneo,,,2026-08-04,Training Session,Whole Session,120.0,1394.0,7441.0,62.0,23.0,2.0,0.0,0.0,7.6,90.0,1.0,134.0,94.0
Mohammed Sumaila,Centre Back,"Defense, UNCG",2026-08-05,Training Session,Whole Session,120.0,314.0,2697.0,22.0,0.0,0.0,0.0,0.0,5.4,60.9,0.4,25.0,16.0
Mohammed Sumaila,Centre Back,"Defense, UNCG",2026-08-05,Training Session,Whole Session,120.0,851.0,6085.0,51.0,34.0,2.0,8.0,1.0,8.1,91.1,0.8,75.0,51.0
Ben,Centre Back,"Defense, UNCG",2026-08-05,Training Session,Whole Session,120.0,292.0,2684.0,22.0,0.0,0.0,0.0,0.0,5.1,63.8,0.4,21.0,11.0
Mason Dancy,Centre Back,"Defense, UNCG",2026-08-05,Training Session,Whole Session,120.0,812.0,5712.0,48.0,33.0,3.0,0.0,0.0,7.8,88.7,0.8,77.0,52.0
Mason Dancy,Centre Back,"Defense, UNCG",2026-08-05,Training Session,Whole Session,120.0,315.0,2611.0,22.0,7.0,1.0,0.0,0.0,7.2,81.1,0.4,22.0,9.0
Ben,Centre Back,"Defense, UNCG",2026-08-05,Training Session,Whole Session,120.0,695.0,5637.0,47.0,22.0,3.0,21.0,2.0,7.6,94.5,0.8,52.0,46.0
bautista schmidt,Left Back,"Defense, UNCG",2026-08-05,Training Session,Whole Session,120.0,771.0,5989.0,50.0,36.0,5.0,26.0,3.0,8.1,97.4,0.8,71.0,71.0
bautista schmidt,Left Back,"Defense, UNCG",2026-08-05,Training Session,Whole Session,120.0,270.0,2546.0,21.0,0.0,0.0,0.0,0.0,4.6,55.6,0.4,21.0,22.0
Trym Linberg,Right Back,"Defense, UNCG",2026-08-05,Training Session,Whole Session,120.0,332.0,2759.0,23.0,0.0,0.0,0.0,0.0,5.4,60.6,0.4,28.0,24.0
Lasse Dahl,Right Winger,FORWARDS,2026-08-05,Training Session,Whole Session,120.0,832.0,6428.0,54.0,25.0,4.0,41.0,3.0,8.4,99.8,0.9,84.0,46.0
Lasse Dahl,Right Winger,FORWARDS,2026-08-05,Training Session,Whole Session,120.0,371.0,3355.0,28.0,0.0,0.0,0.0,0.0,5.5,65.4,0.5,34.0,20.0
Pablo Torre,Centre Forward,"FORWARDS, UNCG",2026-08-05,Training Session,Whole Session,120.0,354.0,3119.0,26.0,0.0,0.0,0.0,0.0,5.4,60.2,0.4,35.0,29.0
Pablo Torre,Centre Forward,"FORWARDS, UNCG",2026-08-05,Training Session,Whole Session,120.0,825.0,6158.0,51.0,43.0,3.0,0.0,0.0,8.1,89.7,0.9,86.0,66.0
Mason Poveromo,Left Winger,"FORWARDS, UNCG",2026-08-05,Training Session,Whole Session,120.0,909.0,6387.0,53.0,26.0,6.0,50.0,4.0,8.3,98.3,0.9,55.0,65.0
Mason Poveromo,Left Winger,"FORWARDS, UNCG",2026-08-05,Training Session,Whole Session,120.0,0.0,2.0,0.0,0.0,0.0,0.0,0.0,0.5,5.4,0.0,0.0,0.0
Filipe Gomes de Matos,Centre Attacking Midfielder,MIDS,2026-08-05,Training Session,Whole Session,120.0,1015.0,6500.0,54.0,29.0,3.0,37.0,2.0,8.3,106.7,0.9,73.0,61.0
Filipe Gomes de Matos,Centre Attacking Midfielder,MIDS,2026-08-05,Training Session,Whole Session,120.0,415.0,3271.0,27.0,0.0,0.0,0.0,0.0,6.3,76.0,0.5,28.0,22.0
Ethan lam,Centre Attacking Midfielder,"MIDS, UNCG",2026-08-05,Training Session,Whole Session,120.0,282.0,2754.0,23.0,0.0,0.0,0.0,0.0,4.2,49.2,0.4,20.0,10.0
Ethan lam,Centre Attacking Midfielder,"MIDS, UNCG",2026-08-05,Training Session,Whole Session,120.0,777.0,6376.0,53.0,18.0,2.0,5.0,1.0,7.9,91.7,0.9,85.0,50.0
Sigurd,Centre Midfielder,"MIDS, UNCG",2026-08-05,Training Session,Whole Session,120.0,459.0,3487.0,29.0,0.0,0.0,0.0,0.0,5.3,64.9,0.5,49.0,35.0
Sigurd,Centre Midfielder,"MIDS, UNCG",2026-08-05,Training Session,Whole Session,120.0,1071.0,6913.0,58.0,20.0,3.0,40.0,2.0,8.0,98.7,1.0,76.0,61.0
Steven Hernandez,Left Winger,UNCG,2026-08-05,Training Session,Whole Session,120.0,324.0,2821.0,24.0,0.0,0.0,0.0,0.0,5.8,63.6,0.4,37.0,25.0
Steven Hernandez,Left Winger,UNCG,2026-08-05,Training Session,Whole Session,120.0,911.0,6659.0,55.0,16.0,1.0,0.0,0.0,8.0,87.9,0.9,82.0,62.0
Keaviano Francis,Centre Attacking Midfielder,,2026-08-05,Training Session,Whole Session,120.0,356.0,3096.0,26.0,4.0,1.0,0.0,0.0,6.6,81.2,0.4,42.0,19.0
Keaviano Francis,Centre Attacking Midfielder,,2026-08-05,Training Session,Whole Session,120.0,769.0,6027.0,50.0,22.0,4.0,31.0,2.0,8.0,97.5,0.8,92.0,63.0
Naej Desravins,Centre Defensive Midfielder,,2026-08-05,Training Session,Whole Session,120.0,880.0,6044.0,50.0,27.0,4.0,19.0,2.0,7.6,96.5,0.8,67.0,59.0
Naej Desravins,Centre Defensive Midfielder,,2026-08-05,Training Session,Whole Session,120.0,404.0,3222.0,27.0,0.0,0.0,0.0,0.0,5.4,68.7,0.4,41.0,35.0
Bendix Bennetzen,Centre Midfielder,,2026-08-05,Training Session,Whole Session,120.0,591.0,4596.0,38.0,26.0,2.0,0.0,0.0,6.9,86.9,0.6,47.0,26.0
Tiago Mendes de Campos,Centre Midfielder,,2026-08-05,Training Session,Whole Session,120.0,389.0,3333.0,28.0,0.0,0.0,0.0,0.0,5.9,60.2,0.5,32.0,16.0
Tiago Mendes de Campos,Centre Midfielder,,2026-08-05,Training Session,Whole Session,120.0,1070.0,7166.0,60.0,24.0,2.0,0.0,0.0,8.4,85.4,1.0,66.0,64.0
Gavin,Left Back,,2026-08-05,Training Session,Whole Session,120.0,827.0,6529.0,54.0,41.0,6.0,32.0,2.0,8.7,99.3,0.9,73.0,69.0
Gavin,Left Back,,2026-08-05,Training Session,Whole Session,120.0,388.0,3472.0,29.0,0.0,0.0,0.0,0.0,5.7,65.4,0.5,26.0,31.0
Peter Guessan,Left Wing Back,,2026-08-05,Training Session,Whole Session,120.0,357.0,2867.0,24.0,9.0,1.0,0.0,0.0,7.3,83.8,0.4,25.0,26.0
Peter Guessan,Left Wing Back,,2026-08-05,Training Session,Whole Session,120.0,999.0,6099.0,51.0,54.0,5.0,12.0,2.0,8.0,92.0,0.8,71.0,67.0
Sho Haggerty,Right Back,,2026-08-05,Training Session,Whole Session,120.0,293.0,2669.0,22.0,0.0,0.0,0.0,0.0,5.8,64.2,0.4,13.0,15.0
Sho Haggerty,Right Back,,2026-08-05,Training Session,Whole Session,120.0,955.0,6374.0,53.0,22.0,3.0,16.0,2.0,8.3,91.8,0.9,96.0,65.0
Caleb Borneo,,,2026-08-05,Training Session,Whole Session,120.0,435.0,3026.0,25.0,0.0,0.0,0.0,0.0,6.3,74.2,0.4,47.0,34.0
Caleb Borneo,,,2026-08-05,Training Session,Whole Session,120.0,1044.0,6319.0,53.0,28.0,4.0,30.0,2.0,8.2,96.8,0.9,103.0,73.0
Mason Dancy,Centre Back,"Defense, UNCG",2026-08-06,Training Session,Whole Session,160.0,1194.0,7860.0,49.0,8.0,1.0,0.0,0.0,7.3,83.2,0.8,54.0,32.0
Ben,Centre Back,"Defense, UNCG",2026-08-06,Training Session,Whole Session,160.0,1079.0,8201.0,51.0,107.0,9.0,21.0,3.0,7.4,91.9,0.9,40.0,35.0
Mohammed Sumaila,Centre Back,"Defense, UNCG",2026-08-06,Training Session,Whole Session,160.0,1243.0,8442.0,53.0,11.0,2.0,15.0,1.0,8.4,94.5,0.9,79.0,35.0
bautista schmidt,Left Back,"Defense, UNCG",2026-08-06,Training Session,Whole Session,160.0,1064.0,8222.0,51.0,84.0,8.0,0.0,0.0,7.4,88.9,0.9,52.0,39.0
Trym Linberg,Right Back,"Defense, UNCG",2026-08-06,Training Session,Whole Session,160.0,1116.0,8992.0,56.0,139.0,12.0,64.0,5.0,8.7,96.7,0.9,67.0,59.0
Lasse Dahl,Right Winger,FORWARDS,2026-08-06,Training Session,Whole Session,160.0,1531.0,10086.0,63.0,59.0,7.0,23.0,1.0,8.4,100.3,1.0,78.0,62.0
Pablo Torre,Centre Forward,"FORWARDS, UNCG",2026-08-06,Training Session,Whole Session,160.0,1434.0,9856.0,62.0,91.0,5.0,0.0,0.0,8.0,89.2,1.0,88.0,62.0
Mason Poveromo,Left Winger,"FORWARDS, UNCG",2026-08-06,Training Session,Whole Session,160.0,1409.0,9628.0,60.0,35.0,4.0,26.0,1.0,8.2,96.5,1.0,49.0,52.0
Filipe Gomes de Matos,Centre Attacking Midfielder,MIDS,2026-08-06,Training Session,Whole Session,160.0,1746.0,9981.0,62.0,86.0,8.0,11.0,2.0,7.7,93.0,1.0,60.0,45.0
Ethan lam,Centre Attacking Midfielder,"MIDS, UNCG",2026-08-06,Training Session,Whole Session,160.0,1139.0,8560.0,54.0,60.0,8.0,8.0,1.0,7.8,91.1,0.9,58.0,55.0
Sigurd,Centre Midfielder,"MIDS, UNCG",2026-08-06,Training Session,Whole Session,160.0,1917.0,10991.0,69.0,64.0,9.0,32.0,4.0,7.6,93.7,1.1,97.0,70.0
Steven Hernandez,Left Winger,UNCG,2026-08-06,Training Session,Whole Session,160.0,1371.0,9213.0,58.0,53.0,5.0,15.0,2.0,8.7,95.2,1.0,62.0,71.0
Keaviano Francis,Centre Attacking Midfielder,,2026-08-06,Training Session,Whole Session,160.0,1354.0,10035.0,63.0,77.0,9.0,34.0,2.0,8.2,102.6,1.0,110.0,83.0
Naej Desravins,Centre Defensive Midfielder,,2026-08-06,Training Session,Whole Session,160.0,1604.0,9515.0,59.0,61.0,5.0,18.0,2.0,7.3,93.0,1.0,74.0,71.0
Bendix Bennetzen,Centre Midfielder,,2026-08-06,Training Session,Whole Session,160.0,1904.0,11119.0,69.0,14.0,1.0,0.0,0.0,6.9,86.8,1.2,57.0,69.0
Tiago Mendes de Campos,Centre Midfielder,,2026-08-06,Training Session,Whole Session,160.0,1871.0,10889.0,68.0,0.0,0.0,0.0,0.0,7.7,77.8,1.1,76.0,62.0
Gavin,Left Back,,2026-08-06,Training Session,Whole Session,160.0,1368.0,9467.0,59.0,64.0,7.0,38.0,3.0,8.2,93.4,1.0,67.0,59.0
Peter Guessan,Left Wing Back,,2026-08-06,Training Session,Whole Session,160.0,1714.0,9507.0,59.0,138.0,13.0,23.0,2.0,8.3,95.6,1.0,74.0,73.0
Sho Haggerty,Right Back,,2026-08-06,Training Session,Whole Session,160.0,1619.0,10012.0,63.0,118.0,9.0,23.0,2.0,8.5,93.5,1.0,104.0,64.0
Caleb Borneo,,,2026-08-06,Training Session,Whole Session,160.0,1943.0,10276.0,64.0,20.0,3.0,0.0,0.0,7.5,89.0,1.1,100.0,74.0
Mohammed Sumaila,Centre Back,"Defense, UNCG",2026-08-07,Training Session,Whole Session,120.0,657.0,5617.0,47.0,0.0,0.0,0.0,0.0,5.9,65.9,0.8,75.0,43.0
Ben,Centre Back,"Defense, UNCG",2026-08-07,Training Session,Whole Session,120.0,368.0,3301.0,28.0,0.0,0.0,0.0,0.0,6.0,75.0,0.5,42.0,37.0
Mason Dancy,Centre Back,"Defense, UNCG",2026-08-07,Training Session,Whole Session,120.0,350.0,3151.0,26.0,7.0,1.0,0.0,0.0,7.2,81.7,0.4,27.0,19.0
Mason Dancy,Centre Back,"Defense, UNCG",2026-08-07,Training Session,Whole Session,120.0,647.0,5407.0,45.0,0.0,0.0,0.0,0.0,5.6,63.6,0.7,82.0,25.0
Mohammed Sumaila,Centre Back,"Defense, UNCG",2026-08-07,Training Session,Whole Session,120.0,282.0,2796.0,23.0,0.0,0.0,0.0,0.0,5.9,66.4,0.4,36.0,27.0
Ben,Centre Back,"Defense, UNCG",2026-08-07,Training Session,Whole Session,120.0,489.0,4872.0,41.0,0.0,0.0,0.0,0.0,5.3,65.8,0.7,49.0,26.0
bautista schmidt,Left Back,"Defense, UNCG",2026-08-07,Training Session,Whole Session,120.0,608.0,5489.0,46.0,45.0,5.0,12.0,2.0,7.6,91.6,0.8,50.0,52.0
bautista schmidt,Left Back,"Defense, UNCG",2026-08-07,Training Session,Whole Session,120.0,242.0,2601.0,22.0,0.0,0.0,0.0,0.0,5.4,64.8,0.4,26.0,13.0
Trym Linberg,Right Back,"Defense, UNCG",2026-08-07,Training Session,Whole Session,120.0,210.0,2347.0,20.0,0.0,0.0,0.0,0.0,4.6,51.7,0.3,18.0,9.0
Trym Linberg,Right Back,"Defense, UNCG",2026-08-07,Training Session,Whole Session,120.0,649.0,5532.0,46.0,6.0,1.0,0.0,0.0,7.5,84.0,0.8,86.0,59.0
Lasse Dahl,Right Winger,FORWARDS,2026-08-07,Training Session,Whole Session,120.0,501.0,4365.0,36.0,0.0,0.0,0.0,0.0,6.1,72.8,0.6,53.0,27.0
Lasse Dahl,Right Winger,FORWARDS,2026-08-07,Training Session,Whole Session,120.0,869.0,6510.0,54.0,21.0,2.0,0.0,0.0,7.3,87.1,0.9,87.0,56.0
Pablo Torre,Centre Forward,"FORWARDS, UNCG",2026-08-07,Training Session,Whole Session,120.0,776.0,6345.0,53.0,0.0,0.0,0.0,0.0,6.2,68.5,0.9,85.0,71.0
Pablo Torre,Centre Forward,"FORWARDS, UNCG",2026-08-07,Training Session,Whole Session,120.0,425.0,3870.0,32.0,0.0,0.0,0.0,0.0,5.5,61.7,0.5,54.0,24.0
Mason Poveromo,Left Winger,"FORWARDS, UNCG",2026-08-07,Training Session,Whole Session,120.0,460.0,3913.0,33.0,0.0,0.0,0.0,0.0,6.2,73.7,0.5,34.0,23.0
Mason Poveromo,Left Winger,"FORWARDS, UNCG",2026-08-07,Training Session,Whole Session,120.0,864.0,6241.0,52.0,10.0,1.0,0.0,0.0,7.2,85.5,0.9,71.0,51.0
Filipe Gomes de Matos,Centre Attacking Midfielder,MIDS,2026-08-07,Training Session,Whole Session,120.0,544.0,4011.0,33.0,0.0,0.0,0.0,0.0,6.5,77.8,0.6,47.0,22.0
Filipe Gomes de Matos,Centre Attacking Midfielder,MIDS,2026-08-07,Training Session,Whole Session,120.0,908.0,6280.0,52.0,22.0,3.0,0.0,0.0,7.2,86.0,0.9,83.0,48.0
Ethan lam,Centre Attacking Midfielder,"MIDS, UNCG",2026-08-07,Training Session,Whole Session,120.0,676.0,5753.0,48.0,15.0,1.0,0.0,0.0,7.1,83.0,0.8,73.0,43.0
Ethan lam,Centre Attacking Midfielder,"MIDS, UNCG",2026-08-07,Training Session,Whole Session,120.0,251.0,2686.0,22.0,0.0,0.0,0.0,0.0,5.4,62.7,0.4,18.0,6.0
Sigurd,Centre Midfielder,"MIDS, UNCG",2026-08-07,Training Session,Whole Session,120.0,935.0,6527.0,54.0,0.0,0.0,0.0,0.0,6.2,76.5,0.9,82.0,52.0
Sigurd,Centre Midfielder,"MIDS, UNCG",2026-08-07,Training Session,Whole Session,120.0,437.0,3766.0,31.0,0.0,0.0,0.0,0.0,6.1,74.7,0.5,29.0,26.0
Steven Hernandez,Left Winger,UNCG,2026-08-07,Training Session,Whole Session,120.0,820.0,6569.0,55.0,0.0,0.0,0.0,0.0,7.1,77.3,0.9,86.0,53.0
Steven Hernandez,Left Winger,UNCG,2026-08-07,Training Session,Whole Session,120.0,633.0,4986.0,42.0,0.0,0.0,0.0,0.0,5.4,59.7,0.7,66.0,24.0
Keaviano Francis,Centre Attacking Midfielder,,2026-08-07,Training Session,Whole Session,120.0,416.0,3598.0,30.0,8.0,1.0,0.0,0.0,7.0,85.5,0.5,37.0,21.0
Keaviano Francis,Centre Attacking Midfielder,,2026-08-07,Training Session,Whole Session,120.0,726.0,5780.0,48.0,10.0,2.0,0.0,0.0,6.8,83.7,0.8,75.0,53.0
Naej Desravins,Centre Defensive Midfielder,,2026-08-07,Training Session,Whole Session,120.0,690.0,5409.0,45.0,0.0,0.0,0.0,0.0,6.1,77.3,0.7,66.0,46.0
Naej Desravins,Centre Defensive Midfielder,,2026-08-07,Training Session,Whole Session,120.0,373.0,3575.0,30.0,0.0,0.0,0.0,0.0,5.2,66.2,0.5,45.0,31.0
Bendix Bennetzen,Centre Midfielder,,2026-08-07,Training Session,Whole Session,120.0,792.0,5942.0,50.0,0.0,0.0,0.0,0.0,5.8,72.9,0.8,61.0,34.0
Bendix Bennetzen,Centre Midfielder,,2026-08-07,Training Session,Whole Session,120.0,402.0,3599.0,30.0,0.0,0.0,0.0,0.0,5.5,69.7,0.5,36.0,12.0
Tiago Mendes de Campos,Centre Midfielder,,2026-08-07,Training Session,Whole Session,120.0,730.0,5407.0,45.0,0.0,0.0,0.0,0.0,5.6,57.2,0.7,62.0,28.0
Tiago Mendes de Campos,Centre Midfielder,,2026-08-07,Training Session,Whole Session,120.0,939.0,6761.0,56.0,0.0,0.0,0.0,0.0,6.8,69.3,0.9,70.0,56.0
Gavin,Left Back,,2026-08-07,Training Session,Whole Session,120.0,426.0,4363.0,36.0,0.0,0.0,0.0,0.0,5.6,64.6,0.6,35.0,8.0
Gavin,Left Back,,2026-08-07,Training Session,Whole Session,120.0,684.0,6042.0,50.0,9.0,1.0,0.0,0.0,7.3,84.0,0.8,76.0,49.0
Peter Guessan,Left Wing Back,,2026-08-07,Training Session,Whole Session,120.0,818.0,5763.0,48.0,0.0,0.0,0.0,0.0,6.4,74.3,0.8,75.0,66.0
Peter Guessan,Left Wing Back,,2026-08-07,Training Session,Whole Session,120.0,391.0,3572.0,30.0,0.0,0.0,0.0,0.0,6.0,69.3,0.5,34.0,21.0
Sho Haggerty,Right Back,,2026-08-07,Training Session,Whole Session,120.0,758.0,5755.0,48.0,0.0,0.0,0.0,0.0,6.6,73.1,0.8,90.0,45.0
Sho Haggerty,Right Back,,2026-08-07,Training Session,Whole Session,120.0,276.0,2959.0,25.0,0.0,0.0,0.0,0.0,5.3,58.7,0.4,22.0,8.0
Orane Watson,Striker,,2026-08-07,Training Session,Whole Session,120.0,0.0,0.0,0.0,0.0,0.0,0.0,0.0,0.0,0.0,0.0,0.0,0.0
Caleb Borneo,,,2026-08-07,Training Session,Whole Session,120.0,1117.0,6850.0,57.0,8.0,1.0,0.0,0.0,7.3,85.5,1.0,93.0,77.0
Caleb Borneo,,,2026-08-07,Training Session,Whole Session,120.0,676.0,4874.0,41.0,27.0,2.0,0.0,0.0,7.5,88.7,0.7,97.0,31.0
Mason Dancy,Centre Back,"Defense, UNCG",2026-08-08,Match Session,Whole Session,91.0,929.0,5816.0,64.0,31.0,2.0,0.0,0.0,7.4,83.9,1.1,42.0,25.0
Ben,Centre Back,"Defense, UNCG",2026-08-08,Match Session,Whole Session,91.0,207.0,1754.0,19.0,0.0,0.0,0.0,0.0,5.4,66.8,0.3,12.0,10.0
Mohammed Sumaila,Centre Back,"Defense, UNCG",2026-08-08,Match Session,Whole Session,91.0,243.0,1709.0,19.0,0.0,0.0,0.0,0.0,6.1,68.8,0.3,23.0,5.0
bautista schmidt,Left Back,"Defense, UNCG",2026-08-08,Match Session,Whole Session,91.0,967.0,6511.0,72.0,29.0,2.0,18.0,1.0,8.3,101.1,1.2,47.0,50.0
Trym Linberg,Right Back,"Defense, UNCG",2026-08-08,Match Session,Whole Session,91.0,930.0,6145.0,68.0,53.0,4.0,14.0,1.0,9.0,100.3,1.1,54.0,44.0
Lasse Dahl,Right Winger,FORWARDS,2026-08-08,Match Session,Whole Session,91.0,1034.0,6362.0,70.0,77.0,9.0,5.0,1.0,7.6,90.5,1.2,74.0,43.0
Pablo Torre,Centre Forward,"FORWARDS, UNCG",2026-08-08,Match Session,Whole Session,91.0,893.0,5944.0,65.0,17.0,1.0,0.0,0.0,7.9,88.4,1.1,62.0,39.0
Mason Poveromo,Left Winger,"FORWARDS, UNCG",2026-08-08,Match Session,Whole Session,91.0,360.0,2334.0,26.0,14.0,1.0,0.0,0.0,7.6,89.7,0.4,22.0,9.0
Filipe Gomes de Matos,Centre Attacking Midfielder,MIDS,2026-08-08,Match Session,Whole Session,91.0,303.0,1919.0,21.0,35.0,5.0,17.0,2.0,7.8,93.7,0.4,19.0,5.0
Ethan lam,Centre Attacking Midfielder,"MIDS, UNCG",2026-08-08,Match Session,Whole Session,91.0,199.0,1641.0,18.0,0.0,0.0,0.0,0.0,5.9,69.2,0.3,9.0,1.0
Sigurd,Centre Midfielder,"MIDS, UNCG",2026-08-08,Match Session,Whole Session,91.0,1272.0,7134.0,78.0,73.0,8.0,7.0,1.0,7.4,90.4,1.3,63.0,38.0
Steven Hernandez,Left Winger,UNCG,2026-08-08,Match Session,Whole Session,91.0,96.0,822.0,9.0,0.0,0.0,0.0,0.0,5.7,62.4,0.1,7.0,0.0
Keaviano Francis,Centre Attacking Midfielder,,2026-08-08,Match Session,Whole Session,91.0,177.0,1554.0,17.0,0.0,0.0,0.0,0.0,5.1,62.8,0.3,8.0,3.0
Naej Desravins,Centre Defensive Midfielder,,2026-08-08,Match Session,Whole Session,91.0,266.0,1830.0,20.0,0.0,0.0,0.0,0.0,5.3,68.1,0.3,24.0,10.0
Tiago Mendes de Campos,Centre Midfielder,,2026-08-08,Match Session,Whole Session,91.0,310.0,2093.0,23.0,0.0,0.0,0.0,0.0,5.7,57.5,0.4,17.0,6.0
Bendix Bennetzen,Centre Midfielder,,2026-08-08,Match Session,Whole Session,91.0,1305.0,7040.0,77.0,15.0,2.0,0.0,0.0,6.9,86.1,1.3,46.0,56.0
Gavin,Left Back,,2026-08-08,Match Session,Whole Session,91.0,1115.0,6885.0,76.0,61.0,4.0,21.0,1.0,8.7,100.7,1.3,52.0,46.0
Peter Guessan,Left Wing Back,,2026-08-08,Match Session,Whole Session,91.0,1134.0,6304.0,69.0,67.0,6.0,22.0,2.0,8.7,104.6,1.2,59.0,56.0
Sho Haggerty,Right Back,,2026-08-08,Match Session,Whole Session,91.0,268.0,2159.0,24.0,0.0,0.0,0.0,0.0,6.6,73.5,0.4,17.0,9.0
Caleb Borneo,,,2026-08-08,Match Session,Whole Session,91.0,1362.0,6945.0,76.0,4.0,1.0,0.0,0.0,6.9,81.3,1.3,67.0,50.0
Ben,Centre Back,"Defense, UNCG",2026-08-09,Match Session,Whole Session,91.0,535.0,3797.0,42.0,23.0,1.0,0.0,0.0,7.0,86.6,0.7,13.0,12.0
Mason Dancy,Centre Back,"Defense, UNCG",2026-08-09,Match Session,Whole Session,91.0,87.0,807.0,9.0,0.0,0.0,0.0,0.0,3.9,43.8,0.1,4.0,0.0
Mohammed Sumaila,Centre Back,"Defense, UNCG",2026-08-09,Match Session,Whole Session,91.0,679.0,4400.0,48.0,18.0,2.0,22.0,1.0,8.8,98.3,0.8,43.0,15.0
bautista schmidt,Left Back,"Defense, UNCG",2026-08-09,Match Session,Whole Session,91.0,98.0,1073.0,12.0,0.0,0.0,0.0,0.0,3.4,41.0,0.2,5.0,6.0
Trym Linberg,Right Back,"Defense, UNCG",2026-08-09,Match Session,Whole Session,91.0,150.0,1177.0,13.0,0.0,0.0,0.0,0.0,4.8,53.6,0.2,11.0,2.0
Lasse Dahl,Right Winger,FORWARDS,2026-08-09,Match Session,Whole Session,91.0,103.0,874.0,10.0,0.0,0.0,0.0,0.0,4.3,51.1,0.2,10.0,0.0
Pablo Torre,Centre Forward,"FORWARDS, UNCG",2026-08-09,Match Session,Whole Session,91.0,5.0,116.0,1.0,0.0,0.0,0.0,0.0,2.1,23.0,0.0,0.0,0.0
Mason Poveromo,Left Winger,"FORWARDS, UNCG",2026-08-09,Match Session,Whole Session,91.0,719.0,4485.0,49.0,84.0,8.0,27.0,3.0,8.1,95.3,0.8,34.0,37.0
Filipe Gomes de Matos,Centre Attacking Midfielder,MIDS,2026-08-09,Match Session,Whole Session,91.0,868.0,4765.0,52.0,26.0,2.0,0.0,0.0,7.2,86.0,0.9,28.0,24.0
Ethan lam,Centre Attacking Midfielder,"MIDS, UNCG",2026-08-09,Match Session,Whole Session,91.0,665.0,4343.0,48.0,30.0,2.0,0.0,0.0,7.6,88.8,0.8,27.0,25.0
Sigurd,Centre Midfielder,"MIDS, UNCG",2026-08-09,Match Session,Whole Session,91.0,124.0,873.0,10.0,0.0,0.0,0.0,0.0,5.3,64.8,0.2,10.0,0.0
Steven Hernandez,Left Winger,UNCG,2026-08-09,Match Session,Whole Session,91.0,0.0,9.0,0.0,0.0,0.0,0.0,0.0,0.4,4.3,0.0,0.0,0.0
Keaviano Francis,Centre Attacking Midfielder,,2026-08-09,Match Session,Whole Session,91.0,626.0,4292.0,47.0,29.0,3.0,5.0,1.0,7.4,90.4,0.8,51.0,35.0
Naej Desravins,Centre Defensive Midfielder,,2026-08-09,Match Session,Whole Session,91.0,743.0,4388.0,48.0,38.0,6.0,10.0,1.0,7.5,95.2,0.8,30.0,33.0
Bendix Bennetzen,Centre Midfielder,,2026-08-09,Match Session,Whole Session,91.0,116.0,893.0,10.0,0.0,0.0,0.0,0.0,5.3,66.4,0.2,3.0,0.0
Tiago Mendes de Campos,Centre Midfielder,,2026-08-09,Match Session,Whole Session,91.0,854.0,4983.0,55.0,0.0,0.0,0.0,0.0,7.7,78.5,0.9,23.0,28.0
Gavin,Left Back,,2026-08-09,Match Session,Whole Session,91.0,0.0,4.0,0.0,0.0,0.0,0.0,0.0,0.3,3.0,0.0,0.0,0.0
Peter Guessan,Left Wing Back,,2026-08-09,Match Session,Whole Session,91.0,886.0,4649.0,51.0,32.0,2.0,0.0,0.0,7.3,84.4,0.9,29.0,32.0
Sho Haggerty,Right Back,,2026-08-09,Match Session,Whole Session,91.0,754.0,4712.0,52.0,60.0,6.0,0.0,0.0,7.9,86.9,0.9,30.0,17.0
Orane Watson,Striker,,2026-08-09,Match Session,Whole Session,91.0,0.0,0.0,0.0,0.0,0.0,0.0,0.0,0.0,0.0,0.0,0.0,0.0
Caleb Borneo,,,2026-08-09,Match Session,Whole Session,91.0,95.0,763.0,8.0,0.0,0.0,0.0,0.0,6.0,70.6,0.1,6.0,0.0
Mohammed Sumaila,Centre Back,"Defense, UNCG",2026-08-10,Training Session,Whole Session,120.0,340.0,3076.0,26.0,0.0,0.0,0.0,0.0,6.0,67.4,0.4,44.0,14.0
Mason Dancy,Centre Back,"Defense, UNCG",2026-08-10,Training Session,Whole Session,120.0,312.0,2870.0,24.0,0.0,0.0,0.0,0.0,5.8,65.3,0.4,31.0,8.0
Ben,Centre Back,"Defense, UNCG",2026-08-10,Training Session,Whole Session,120.0,317.0,3046.0,25.0,0.0,0.0,0.0,0.0,5.7,71.4,0.4,35.0,18.0
bautista schmidt,Left Back,"Defense, UNCG",2026-08-10,Training Session,Whole Session,120.0,342.0,3144.0,26.0,0.0,0.0,0.0,0.0,5.7,69.2,0.4,43.0,25.0
Trym Linberg,Right Back,"Defense, UNCG",2026-08-10,Training Session,Whole Session,120.0,337.0,3161.0,26.0,0.0,0.0,0.0,0.0,6.1,67.8,0.4,42.0,17.0
Lasse Dahl,Right Winger,FORWARDS,2026-08-10,Training Session,Whole Session,120.0,404.0,4068.0,34.0,0.0,0.0,0.0,0.0,5.6,67.0,0.6,37.0,18.0
Mason Poveromo,Left Winger,"FORWARDS, UNCG",2026-08-10,Training Session,Whole Session,120.0,412.0,3306.0,28.0,0.0,0.0,0.0,0.0,6.0,70.6,0.5,45.0,21.0
Filipe Gomes de Matos,Centre Attacking Midfielder,MIDS,2026-08-10,Training Session,Whole Session,120.0,456.0,3496.0,29.0,0.0,0.0,0.0,0.0,6.1,73.8,0.5,52.0,26.0
Ethan lam,Centre Attacking Midfielder,"MIDS, UNCG",2026-08-10,Training Session,Whole Session,120.0,317.0,3187.0,27.0,0.0,0.0,0.0,0.0,6.4,75.0,0.4,30.0,19.0
Sigurd,Centre Midfielder,"MIDS, UNCG",2026-08-10,Training Session,Whole Session,120.0,503.0,3576.0,30.0,0.0,0.0,0.0,0.0,6.2,76.4,0.5,60.0,28.0
Keaviano Francis,Centre Attacking Midfielder,,2026-08-10,Training Session,Whole Session,120.0,325.0,3221.0,27.0,0.0,0.0,0.0,0.0,5.7,70.3,0.4,32.0,14.0
Naej Desravins,Centre Defensive Midfielder,,2026-08-10,Training Session,Whole Session,120.0,320.0,2848.0,24.0,0.0,0.0,0.0,0.0,5.0,63.5,0.4,45.0,14.0
Tiago Mendes de Campos,Centre Midfielder,,2026-08-10,Training Session,Whole Session,120.0,472.0,3777.0,31.0,0.0,0.0,0.0,0.0,5.7,58.0,0.5,63.0,26.0
Bendix Bennetzen,Centre Midfielder,,2026-08-10,Training Session,Whole Session,120.0,415.0,3334.0,28.0,0.0,0.0,0.0,0.0,6.0,75.0,0.5,39.0,19.0
Gavin,Left Back,,2026-08-10,Training Session,Whole Session,120.0,415.0,3819.0,32.0,0.0,0.0,0.0,0.0,5.4,61.3,0.5,45.0,28.0
Sho Haggerty,Right Back,,2026-08-10,Training Session,Whole Session,120.0,478.0,4018.0,33.0,0.0,0.0,0.0,0.0,6.2,68.5,0.6,53.0,31.0
Orane Watson,Striker,,2026-08-10,Training Session,Whole Session,120.0,472.0,4176.0,35.0,33.0,6.0,26.0,4.0,6.2,0.0,0.6,51.0,28.0
Caleb Borneo,,,2026-08-10,Training Session,Whole Session,120.0,420.0,3154.0,26.0,5.0,1.0,0.0,0.0,6.8,80.8,0.4,53.0,27.0
Mohammed Sumaila,Centre Back,"Defense, UNCG",2026-08-11,Training Session,Whole Session,120.0,687.0,5167.0,43.0,0.0,0.0,0.0,0.0,6.7,74.5,0.7,100.0,39.0
Mason Dancy,Centre Back,"Defense, UNCG",2026-08-11,Training Session,Whole Session,120.0,596.0,4595.0,38.0,0.0,0.0,0.0,0.0,5.9,66.9,0.6,60.0,26.0
Ben,Centre Back,"Defense, UNCG",2026-08-11,Training Session,Whole Session,120.0,555.0,4380.0,37.0,0.0,0.0,0.0,0.0,6.3,77.8,0.6,50.0,35.0
Ben,Centre Back,"Defense, UNCG",2026-08-11,Training Session,Whole Session,100.0,423.0,4160.0,42.0,30.0,4.0,10.0,1.0,7.4,92.6,0.7,39.0,19.0
Mohammed Sumaila,Centre Back,"Defense, UNCG",2026-08-11,Training Session,Whole Session,100.0,588.0,4811.0,48.0,16.0,3.0,14.0,1.0,8.3,92.8,0.8,59.0,30.0
Mason Dancy,Centre Back,"Defense, UNCG",2026-08-11,Training Session,Whole Session,100.0,539.0,4740.0,47.0,25.0,2.0,0.0,0.0,7.9,89.9,0.8,40.0,15.0
bautista schmidt,Left Back,"Defense, UNCG",2026-08-11,Training Session,Whole Session,120.0,602.0,4976.0,41.0,0.0,0.0,0.0,0.0,6.0,72.0,0.7,75.0,37.0
bautista schmidt,Left Back,"Defense, UNCG",2026-08-11,Training Session,Whole Session,100.0,667.0,5585.0,56.0,67.0,7.0,31.0,3.0,7.9,95.2,0.9,43.0,46.0
Trym Linberg,Right Back,"Defense, UNCG",2026-08-11,Training Session,Whole Session,120.0,609.0,4753.0,40.0,0.0,0.0,0.0,0.0,6.5,72.6,0.7,74.0,38.0
Trym Linberg,Right Back,"Defense, UNCG",2026-08-11,Training Session,Whole Session,100.0,653.0,5778.0,58.0,35.0,3.0,0.0,0.0,8.0,89.6,1.0,41.0,40.0
Lasse Dahl,Right Winger,FORWARDS,2026-08-11,Training Session,Whole Session,120.0,672.0,5118.0,43.0,0.0,0.0,0.0,0.0,6.3,75.2,0.7,83.0,39.0
Lasse Dahl,Right Winger,FORWARDS,2026-08-11,Training Session,Whole Session,100.0,817.0,5816.0,58.0,74.0,12.0,27.0,3.0,8.2,97.0,1.0,65.0,50.0
Mason Poveromo,Left Winger,"FORWARDS, UNCG",2026-08-11,Training Session,Whole Session,120.0,705.0,4952.0,41.0,13.0,2.0,0.0,0.0,7.1,84.1,0.7,49.0,28.0
Mason Poveromo,Left Winger,"FORWARDS, UNCG",2026-08-11,Training Session,Whole Session,100.0,754.0,5740.0,57.0,35.0,4.0,17.0,1.0,8.3,98.2,1.0,51.0,37.0
Filipe Gomes de Matos,Centre Attacking Midfielder,MIDS,2026-08-11,Training Session,Whole Session,120.0,842.0,5376.0,45.0,0.0,0.0,0.0,0.0,6.5,77.8,0.7,79.0,33.0
Filipe Gomes de Matos,Centre Attacking Midfielder,MIDS,2026-08-11,Training Session,Whole Session,100.0,984.0,6079.0,61.0,134.0,14.0,18.0,2.0,8.1,97.4,1.0,56.0,42.0
Ethan lam,Centre Attacking Midfielder,"MIDS, UNCG",2026-08-11,Training Session,Whole Session,120.0,689.0,5300.0,44.0,0.0,0.0,0.0,0.0,6.7,78.7,0.7,73.0,31.0
Ethan lam,Centre Attacking Midfielder,"MIDS, UNCG",2026-08-11,Training Session,Whole Session,100.0,727.0,5807.0,58.0,37.0,4.0,0.0,0.0,7.7,89.6,1.0,82.0,56.0
Sigurd,Centre Midfielder,"MIDS, UNCG",2026-08-11,Training Session,Whole Session,120.0,878.0,5397.0,45.0,0.0,0.0,0.0,0.0,6.2,75.5,0.7,83.0,43.0
Sigurd,Centre Midfielder,"MIDS, UNCG",2026-08-11,Training Session,Whole Session,100.0,821.0,5947.0,59.0,62.0,7.0,32.0,1.0,8.2,100.3,1.0,59.0,36.0
Keaviano Francis,Centre Attacking Midfielder,,2026-08-11,Training Session,Whole Session,120.0,704.0,4962.0,41.0,5.0,1.0,11.0,2.0,7.4,90.2,0.7,88.0,39.0
Keaviano Francis,Centre Attacking Midfielder,,2026-08-11,Training Session,Whole Session,100.0,732.0,5365.0,54.0,95.0,10.0,34.0,2.0,8.2,100.4,0.9,82.0,69.0
Naej Desravins,Centre Defensive Midfielder,,2026-08-11,Training Session,Whole Session,120.0,701.0,4996.0,42.0,0.0,0.0,0.0,0.0,6.1,78.2,0.7,93.0,45.0
Naej Desravins,Centre Defensive Midfielder,,2026-08-11,Training Session,Whole Session,100.0,617.0,4819.0,48.0,25.0,3.0,13.0,1.0,7.5,95.9,0.8,47.0,46.0
Tiago Mendes de Campos,Centre Midfielder,,2026-08-11,Training Session,Whole Session,120.0,931.0,5954.0,50.0,0.0,0.0,0.0,0.0,7.2,73.1,0.8,95.0,49.0
Bendix Bennetzen,Centre Midfielder,,2026-08-11,Training Session,Whole Session,120.0,812.0,5114.0,43.0,0.0,0.0,0.0,0.0,6.3,78.8,0.7,63.0,27.0
Tiago Mendes de Campos,Centre Midfielder,,2026-08-11,Training Session,Whole Session,100.0,879.0,6020.0,60.0,25.0,1.0,0.0,0.0,8.3,84.3,1.0,44.0,41.0
Bendix Bennetzen,Centre Midfielder,,2026-08-11,Training Session,Whole Session,100.0,715.0,5136.0,51.0,26.0,4.0,24.0,2.0,7.9,99.1,0.9,45.0,23.0
Gavin,Left Back,,2026-08-11,Training Session,Whole Session,120.0,665.0,5450.0,45.0,0.0,0.0,0.0,0.0,6.4,73.2,0.8,75.0,30.0
Gavin,Left Back,,2026-08-11,Training Session,Whole Session,100.0,609.0,5631.0,56.0,28.0,4.0,21.0,1.0,8.6,98.1,0.9,41.0,32.0
Peter Guessan,Left Wing Back,,2026-08-11,Training Session,Whole Session,120.0,794.0,5327.0,44.0,0.0,0.0,0.0,0.0,6.9,79.6,0.7,59.0,54.0
Peter Guessan,Left Wing Back,,2026-08-11,Training Session,Whole Session,100.0,838.0,5127.0,51.0,41.0,5.0,9.0,1.0,7.9,91.3,0.9,74.0,55.0
Sho Haggerty,Right Back,,2026-08-11,Training Session,Whole Session,120.0,591.0,4726.0,39.0,0.0,0.0,0.0,0.0,5.7,63.5,0.7,62.0,31.0
Sho Haggerty,Right Back,,2026-08-11,Training Session,Whole Session,100.0,727.0,5628.0,56.0,39.0,4.0,0.0,0.0,8.1,89.8,0.9,48.0,35.0
Orane Watson,Striker,,2026-08-11,Training Session,Whole Session,120.0,732.0,4978.0,41.0,9.0,1.0,0.0,0.0,6.5,81.0,0.7,61.0,35.0
Orane Watson,Striker,,2026-08-11,Training Session,Whole Session,100.0,806.0,5260.0,53.0,137.0,23.0,418.0,30.0,8.1,130.5,0.9,66.0,60.0
Caleb Borneo,,,2026-08-11,Training Session,Whole Session,120.0,925.0,5408.0,45.0,10.0,2.0,0.0,0.0,6.9,81.7,0.7,87.0,52.0
Caleb Borneo,,,2026-08-11,Training Session,Whole Session,100.0,964.0,5511.0,55.0,55.0,8.0,6.0,1.0,7.7,91.0,0.9,79.0,55.0
Mohammed Sumaila,Centre Back,"Defense, UNCG",2026-08-12,Training Session,Whole Session,150.0,610.0,4945.0,33.0,9.0,1.0,0.0,0.0,7.3,81.5,0.5,52.0,47.0
Ben,Centre Back,"Defense, UNCG",2026-08-12,Training Session,Whole Session,150.0,664.0,5282.0,35.0,12.0,2.0,0.0,0.0,6.6,82.6,0.6,53.0,52.0
Mason Dancy,Centre Back,"Defense, UNCG",2026-08-12,Training Session,Whole Session,150.0,670.0,5265.0,35.0,0.0,0.0,0.0,0.0,6.2,70.6,0.6,61.0,38.0
bautista schmidt,Left Back,"Defense, UNCG",2026-08-12,Training Session,Whole Session,150.0,662.0,5608.0,37.0,11.0,1.0,0.0,0.0,7.0,84.5,0.6,65.0,54.0
Trym Linberg,Right Back,"Defense, UNCG",2026-08-12,Training Session,Whole Session,150.0,715.0,5855.0,39.0,6.0,1.0,0.0,0.0,7.5,83.6,0.6,70.0,58.0
Lasse Dahl,Right Winger,FORWARDS,2026-08-12,Training Session,Whole Session,150.0,1028.0,7322.0,49.0,10.0,1.0,0.0,0.0,7.2,85.0,0.8,68.0,53.0
Pablo Torre,Centre Forward,"FORWARDS, UNCG",2026-08-12,Training Session,Whole Session,150.0,319.0,3487.0,23.0,0.0,0.0,0.0,0.0,5.3,58.7,0.4,30.0,5.0
Mason Poveromo,Left Winger,"FORWARDS, UNCG",2026-08-12,Training Session,Whole Session,150.0,854.0,6284.0,42.0,5.0,1.0,0.0,0.0,6.8,80.3,0.7,49.0,43.0
Filipe Gomes de Matos,Centre Attacking Midfielder,MIDS,2026-08-12,Training Session,Whole Session,150.0,785.0,5296.0,35.0,6.0,1.0,0.0,0.0,6.8,81.8,0.6,43.0,41.0
Ethan lam,Centre Attacking Midfielder,"MIDS, UNCG",2026-08-12,Training Session,Whole Session,150.0,781.0,6018.0,40.0,0.0,0.0,0.0,0.0,6.5,75.9,0.7,59.0,47.0
Sigurd,Centre Midfielder,"MIDS, UNCG",2026-08-12,Training Session,Whole Session,150.0,1083.0,7245.0,48.0,42.0,5.0,0.0,0.0,7.2,87.7,0.8,76.0,57.0
Keaviano Francis,Centre Attacking Midfielder,,2026-08-12,Training Session,Whole Session,150.0,903.0,6550.0,44.0,41.0,4.0,16.0,2.0,7.6,93.3,0.7,96.0,64.0
Naej Desravins,Centre Defensive Midfielder,,2026-08-12,Training Session,Whole Session,150.0,824.0,6012.0,40.0,7.0,1.0,0.0,0.0,6.4,82.1,0.7,81.0,59.0
Bendix Bennetzen,Centre Midfielder,,2026-08-12,Training Session,Whole Session,150.0,1015.0,6861.0,46.0,11.0,2.0,0.0,0.0,6.7,83.7,0.8,61.0,56.0
Tiago Mendes de Campos,Centre Midfielder,,2026-08-12,Training Session,Whole Session,150.0,1068.0,7325.0,49.0,0.0,0.0,0.0,0.0,7.6,76.9,0.8,85.0,68.0
Gavin,Left Back,,2026-08-12,Training Session,Whole Session,150.0,695.0,6128.0,41.0,0.0,0.0,0.0,0.0,6.5,74.8,0.7,54.0,39.0
Peter Guessan,Left Wing Back,,2026-08-12,Training Session,Whole Session,150.0,996.0,5942.0,40.0,4.0,1.0,0.0,0.0,7.0,80.6,0.7,63.0,76.0
Sho Haggerty,Right Back,,2026-08-12,Training Session,Whole Session,150.0,844.0,6096.0,41.0,0.0,0.0,0.0,0.0,7.2,79.1,0.7,71.0,55.0
Orane Watson,Striker,,2026-08-12,Training Session,Whole Session,150.0,939.0,6149.0,41.0,49.0,7.0,0.0,0.0,7.1,87.8,0.7,79.0,58.0
Caleb Borneo,,,2026-08-12,Training Session,Whole Session,150.0,1167.0,6772.0,45.0,33.0,6.0,5.0,1.0,7.7,90.4,0.8,84.0,65.0
Mohammed Sumaila,Centre Back,"Defense, UNCG",2026-08-13,Training Session,Whole Session,120.0,383.0,3820.0,32.0,0.0,0.0,0.0,0.0,6.9,76.9,0.5,50.0,22.0
Mason Dancy,Centre Back,"Defense, UNCG",2026-08-13,Training Session,Whole Session,120.0,373.0,4230.0,35.0,0.0,0.0,0.0,0.0,6.1,69.4,0.6,38.0,36.0
Ben,Centre Back,"Defense, UNCG",2026-08-13,Training Session,Whole Session,120.0,375.0,4063.0,34.0,0.0,0.0,0.0,0.0,5.9,73.2,0.6,39.0,37.0
bautista schmidt,Left Back,"Defense, UNCG",2026-08-13,Training Session,Whole Session,120.0,431.0,4547.0,38.0,50.0,3.0,0.0,0.0,7.3,87.9,0.6,36.0,27.0
Trym Linberg,Right Back,"Defense, UNCG",2026-08-13,Training Session,Whole Session,120.0,430.0,4455.0,37.0,38.0,4.0,0.0,0.0,7.9,88.6,0.6,56.0,24.0
Lasse Dahl,Right Winger,FORWARDS,2026-08-13,Training Session,Whole Session,120.0,511.0,5007.0,42.0,22.0,1.0,0.0,0.0,7.3,86.8,0.7,32.0,26.0
Pablo Torre,Centre Forward,"FORWARDS, UNCG",2026-08-13,Training Session,Whole Session,120.0,448.0,4125.0,34.0,0.0,0.0,0.0,0.0,7.1,78.5,0.6,43.0,23.0
Mason Poveromo,Left Winger,"FORWARDS, UNCG",2026-08-13,Training Session,Whole Session,120.0,418.0,4055.0,34.0,0.0,0.0,0.0,0.0,6.7,79.6,0.6,37.0,24.0
Filipe Gomes de Matos,Centre Attacking Midfielder,MIDS,2026-08-13,Training Session,Whole Session,120.0,583.0,4711.0,39.0,26.0,2.0,0.0,0.0,7.0,84.2,0.7,41.0,33.0
Ethan lam,Centre Attacking Midfielder,"MIDS, UNCG",2026-08-13,Training Session,Whole Session,120.0,474.0,4352.0,36.0,0.0,0.0,0.0,0.0,6.2,72.2,0.6,45.0,16.0
Sigurd,Centre Midfielder,"MIDS, UNCG",2026-08-13,Training Session,Whole Session,120.0,580.0,4494.0,37.0,0.0,0.0,0.0,0.0,6.0,73.8,0.6,44.0,33.0
Keaviano Francis,Centre Attacking Midfielder,,2026-08-13,Training Session,Whole Session,120.0,494.0,4472.0,37.0,22.0,3.0,6.0,1.0,7.4,90.0,0.6,64.0,41.0
Naej Desravins,Centre Defensive Midfielder,,2026-08-13,Training Session,Whole Session,120.0,400.0,3774.0,31.0,0.0,0.0,0.0,0.0,5.5,69.7,0.5,61.0,23.0
Bendix Bennetzen,Centre Midfielder,,2026-08-13,Training Session,Whole Session,120.0,479.0,4249.0,35.0,0.0,0.0,0.0,0.0,5.6,70.2,0.6,41.0,29.0
Tiago Mendes de Campos,Centre Midfielder,,2026-08-13,Training Session,Whole Session,120.0,638.0,5190.0,43.0,0.0,0.0,0.0,0.0,5.7,58.2,0.7,47.0,42.0
Gavin,Left Back,,2026-08-13,Training Session,Whole Session,120.0,529.0,5011.0,42.0,15.0,2.0,0.0,0.0,7.4,84.3,0.7,34.0,18.0
Peter Guessan,Left Wing Back,,2026-08-13,Training Session,Whole Session,120.0,406.0,3786.0,32.0,0.0,0.0,0.0,0.0,6.6,75.6,0.5,40.0,30.0
Sho Haggerty,Right Back,,2026-08-13,Training Session,Whole Session,120.0,550.0,5115.0,43.0,7.0,1.0,0.0,0.0,7.4,81.3,0.7,48.0,20.0
Orane Watson,Striker,,2026-08-13,Training Session,Whole Session,120.0,607.0,4248.0,35.0,34.0,4.0,0.0,0.0,7.0,86.1,0.6,61.0,48.0
Caleb Borneo,,,2026-08-13,Training Session,Whole Session,120.0,585.0,4038.0,34.0,15.0,1.0,0.0,0.0,7.0,83.0,0.6,61.0,44.0
Mohammed Sumaila,Centre Back,"Defense, UNCG",2026-08-14,Match Session,Whole Session,91.0,638.0,4766.0,52.0,45.0,3.0,0.0,0.0,7.8,88.0,0.9,38.0,20.0
Mason Dancy,Centre Back,"Defense, UNCG",2026-08-14,Match Session,Whole Session,91.0,659.0,4359.0,48.0,24.0,2.0,15.0,1.0,8.5,96.7,0.8,26.0,23.0
Ben,Centre Back,"Defense, UNCG",2026-08-14,Match Session,Whole Session,91.0,116.0,1190.0,13.0,0.0,0.0,0.0,0.0,3.4,42.9,0.2,1.0,1.0
bautista schmidt,Left Back,"Defense, UNCG",2026-08-14,Match Session,Whole Session,91.0,682.0,4769.0,52.0,42.0,6.0,60.0,4.0,8.5,102.8,0.9,30.0,33.0
Trym Linberg,Right Back,"Defense, UNCG",2026-08-14,Match Session,Whole Session,91.0,607.0,4595.0,51.0,34.0,5.0,6.0,1.0,8.3,92.0,0.8,36.0,27.0
Lasse Dahl,Right Winger,FORWARDS,2026-08-14,Match Session,Whole Session,91.0,473.0,3361.0,37.0,0.0,0.0,0.0,0.0,6.6,78.8,0.6,26.0,17.0
Pablo Torre,Centre Forward,"FORWARDS, UNCG",2026-08-14,Match Session,Whole Session,91.0,0.0,2.0,0.0,0.0,0.0,0.0,0.0,0.1,1.6,0.0,0.0,0.0
Mason Poveromo,Left Winger,"FORWARDS, UNCG",2026-08-14,Match Session,Whole Session,91.0,470.0,2930.0,32.0,0.0,0.0,0.0,0.0,6.4,76.1,0.5,14.0,17.0
Filipe Gomes de Matos,Centre Attacking Midfielder,MIDS,2026-08-14,Match Session,Whole Session,91.0,732.0,3857.0,42.0,31.0,3.0,13.0,2.0,7.6,91.1,0.7,31.0,14.0
Ethan lam,Centre Attacking Midfielder,"MIDS, UNCG",2026-08-14,Match Session,Whole Session,91.0,459.0,2918.0,32.0,9.0,1.0,0.0,0.0,7.2,83.7,0.5,16.0,20.0
Sigurd,Centre Midfielder,"MIDS, UNCG",2026-08-14,Match Session,Whole Session,91.0,611.0,3260.0,36.0,7.0,1.0,0.0,0.0,6.6,80.5,0.6,32.0,17.0
Steven Hernandez,Left Winger,UNCG,2026-08-14,Match Session,Whole Session,91.0,85.0,648.0,7.0,0.0,0.0,0.0,0.0,3.2,35.1,0.1,3.0,1.0
Keaviano Francis,Centre Attacking Midfielder,,2026-08-14,Match Session,Whole Session,91.0,530.0,3454.0,38.0,13.0,2.0,18.0,1.0,7.9,96.9,0.6,25.0,18.0
Naej Desravins,Centre Defensive Midfielder,,2026-08-14,Match Session,Whole Session,91.0,471.0,2863.0,31.0,14.0,3.0,19.0,1.0,7.7,97.7,0.5,22.0,15.0
Tiago Mendes de Campos,Centre Midfielder,,2026-08-14,Match Session,Whole Session,91.0,650.0,3787.0,42.0,0.0,0.0,0.0,0.0,7.7,77.7,0.7,28.0,22.0
Bendix Bennetzen,Centre Midfielder,,2026-08-14,Match Session,Whole Session,91.0,724.0,3873.0,43.0,14.0,2.0,5.0,1.0,7.2,90.4,0.7,13.0,21.0
Gavin,Left Back,,2026-08-14,Match Session,Whole Session,91.0,118.0,1346.0,15.0,0.0,0.0,0.0,0.0,4.1,47.1,0.2,3.0,0.0
Peter Guessan,Left Wing Back,,2026-08-14,Match Session,Whole Session,91.0,511.0,2872.0,32.0,18.0,3.0,17.0,1.0,8.2,94.1,0.5,12.0,17.0
Sho Haggerty,Right Back,,2026-08-14,Match Session,Whole Session,91.0,175.0,1534.0,17.0,0.0,0.0,0.0,0.0,3.7,41.2,0.3,13.0,4.0
Orane Watson,Striker,,2026-08-14,Match Session,Whole Session,91.0,559.0,3408.0,37.0,11.0,2.0,6.0,1.0,7.4,91.1,0.6,24.0,12.0
Caleb Borneo,,,2026-08-14,Match Session,Whole Session,91.0,593.0,3161.0,35.0,0.0,0.0,0.0,0.0,6.4,75.1,0.6,20.0,17.0
Mason Dancy,Centre Back,"Defense, UNCG",2026-08-17,Training Session,Whole Session,120.0,847.0,5791.0,48.0,39.0,4.0,12.0,1.0,8.3,93.8,0.8,81.0,63.0
Mohammed Sumaila,Centre Back,"Defense, UNCG",2026-08-17,Training Session,Whole Session,120.0,834.0,5614.0,47.0,25.0,2.0,12.0,2.0,8.2,92.3,0.8,103.0,71.0
Ben,Centre Back,"Defense, UNCG",2026-08-17,Training Session,Whole Session,120.0,675.0,5602.0,47.0,13.0,2.0,19.0,1.0,8.1,100.6,0.8,66.0,46.0
bautista schmidt,Left Back,"Defense, UNCG",2026-08-17,Training Session,Whole Session,120.0,773.0,5791.0,48.0,28.0,4.0,15.0,1.0,7.8,92.2,0.8,82.0,72.0
Trym Linberg,Right Back,"Defense, UNCG",2026-08-17,Training Session,Whole Session,120.0,819.0,6184.0,52.0,41.0,6.0,20.0,1.0,8.7,96.7,0.9,68.0,62.0
Lasse Dahl,Right Winger,FORWARDS,2026-08-17,Training Session,Whole Session,120.0,908.0,6583.0,55.0,14.0,2.0,21.0,1.0,8.7,103.0,0.9,67.0,54.0
Pablo Torre,Centre Forward,"FORWARDS, UNCG",2026-08-17,Training Session,Whole Session,120.0,924.0,6678.0,56.0,50.0,6.0,15.0,2.0,8.3,92.6,0.9,67.0,52.0
Mason Poveromo,Left Winger,"FORWARDS, UNCG",2026-08-17,Training Session,Whole Session,120.0,840.0,6289.0,52.0,30.0,4.0,14.0,1.0,8.0,94.2,0.9,51.0,43.0
Filipe Gomes de Matos,Centre Attacking Midfielder,MIDS,2026-08-17,Training Session,Whole Session,120.0,1157.0,7174.0,60.0,56.0,6.0,19.0,1.0,8.4,100.9,1.0,65.0,66.0
Ethan lam,Centre Attacking Midfielder,"MIDS, UNCG",2026-08-17,Training Session,Whole Session,120.0,844.0,6725.0,56.0,20.0,2.0,0.0,0.0,7.6,89.2,0.9,53.0,42.0
Sigurd,Centre Midfielder,"MIDS, UNCG",2026-08-17,Training Session,Whole Session,120.0,1081.0,6900.0,58.0,41.0,5.0,39.0,2.0,8.5,103.4,1.0,57.0,57.0
Steven Hernandez,Left Winger,UNCG,2026-08-17,Training Session,Whole Session,120.0,292.0,2786.0,23.0,0.0,0.0,0.0,0.0,5.1,55.8,0.4,9.0,2.0
Keaviano Francis,Centre Attacking Midfielder,,2026-08-17,Training Session,Whole Session,120.0,805.0,6141.0,51.0,42.0,4.0,21.0,1.0,8.3,101.5,0.9,75.0,58.0
Naej Desravins,Centre Defensive Midfielder,,2026-08-17,Training Session,Whole Session,120.0,789.0,5683.0,47.0,29.0,5.0,19.0,2.0,7.4,94.5,0.8,54.0,37.0
Tiago Mendes de Campos,Centre Midfielder,,2026-08-17,Training Session,Whole Session,120.0,1038.0,7356.0,61.0,15.0,1.0,0.0,0.0,8.5,86.4,1.0,72.0,50.0
Bendix Bennetzen,Centre Midfielder,,2026-08-17,Training Session,Whole Session,120.0,1132.0,6807.0,57.0,42.0,7.0,26.0,3.0,7.9,99.0,0.9,46.0,43.0
Aiden William Thomas Jordan,Goalkeeper,,2026-08-17,Training Session,Whole Session,,,,,,,,,,,,,
Gavin,Left Back,,2026-08-17,Training Session,Whole Session,120.0,818.0,6351.0,53.0,64.0,5.0,0.0,0.0,7.8,88.9,0.9,66.0,64.0
Peter Guessan,Left Wing Back,,2026-08-17,Training Session,Whole Session,120.0,726.0,5188.0,43.0,34.0,4.0,8.0,1.0,8.2,94.5,0.7,43.0,40.0
Sho Haggerty,Right Back,,2026-08-17,Training Session,Whole Session,120.0,885.0,6405.0,53.0,18.0,2.0,19.0,1.0,8.7,95.9,0.9,73.0,64.0
Orane Watson,Striker,,2026-08-17,Training Session,Whole Session,120.0,933.0,6816.0,57.0,26.0,4.0,0.0,0.0,7.0,87.0,0.9,44.0,41.0
Caleb Borneo,,,2026-08-17,Training Session,Whole Session,120.0,1094.0,6290.0,52.0,46.0,6.0,18.0,1.0,8.5,100.5,0.9,81.0,71.0
Mohammed Sumaila,Centre Back,"Defense, UNCG",2026-08-18,Training Session,Whole Session,120.0,940.0,6701.0,56.0,8.0,1.0,0.0,0.0,7.4,82.9,0.9,99.0,26.0
Mason Dancy,Centre Back,"Defense, UNCG",2026-08-18,Training Session,Whole Session,120.0,846.0,5794.0,48.0,0.0,0.0,0.0,0.0,6.0,68.4,0.8,56.0,16.0
Ben,Centre Back,"Defense, UNCG",2026-08-18,Training Session,Whole Session,120.0,627.0,5320.0,44.0,39.0,3.0,0.0,0.0,7.3,89.7,0.7,41.0,25.0
bautista schmidt,Left Back,"Defense, UNCG",2026-08-18,Training Session,Whole Session,120.0,775.0,6159.0,51.0,8.0,1.0,5.0,1.0,7.7,90.3,0.9,56.0,30.0
Trym Linberg,Right Back,"Defense, UNCG",2026-08-18,Training Session,Whole Session,120.0,983.0,7594.0,63.0,74.0,7.0,22.0,1.0,8.6,96.3,1.1,71.0,38.0
Lasse Dahl,Right Winger,FORWARDS,2026-08-18,Training Session,Whole Session,120.0,921.0,7045.0,59.0,99.0,10.0,33.0,4.0,8.3,95.8,1.0,63.0,38.0
Pablo Torre,Centre Forward,"FORWARDS, UNCG",2026-08-18,Training Session,Whole Session,120.0,926.0,7143.0,60.0,37.0,3.0,7.0,1.0,8.2,91.8,1.0,82.0,39.0
Mason Poveromo,Left Winger,"FORWARDS, UNCG",2026-08-18,Training Session,Whole Session,120.0,971.0,7353.0,61.0,107.0,8.0,25.0,3.0,7.9,93.7,1.0,61.0,34.0
Filipe Gomes de Matos,Centre Attacking Midfielder,MIDS,2026-08-18,Training Session,Whole Session,120.0,1374.0,7651.0,64.0,104.0,8.0,10.0,1.0,7.9,93.6,1.1,74.0,59.0
Ethan lam,Centre Attacking Midfielder,"MIDS, UNCG",2026-08-18,Training Session,Whole Session,120.0,995.0,6918.0,58.0,33.0,4.0,10.0,2.0,7.8,90.8,1.0,69.0,42.0
Sigurd,Centre Midfielder,"MIDS, UNCG",2026-08-18,Training Session,Whole Session,120.0,1098.0,7263.0,61.0,0.0,0.0,0.0,0.0,6.6,78.6,1.0,83.0,34.0
Steven Hernandez,Left Winger,UNCG,2026-08-18,Training Session,Whole Session,120.0,236.0,1885.0,16.0,0.0,0.0,0.0,0.0,4.6,49.9,0.3,26.0,3.0
Keaviano Francis,Centre Attacking Midfielder,,2026-08-18,Training Session,Whole Session,120.0,1000.0,6822.0,57.0,50.0,5.0,0.0,0.0,7.2,87.0,0.9,94.0,57.0
Naej Desravins,Centre Defensive Midfielder,,2026-08-18,Training Session,Whole Session,120.0,871.0,5745.0,48.0,0.0,0.0,0.0,0.0,5.8,74.3,0.8,84.0,44.0
Tiago Mendes de Campos,Centre Midfielder,,2026-08-18,Training Session,Whole Session,120.0,894.0,6528.0,54.0,0.0,0.0,0.0,0.0,7.0,71.2,0.9,79.0,31.0
Bendix Bennetzen,Centre Midfielder,,2026-08-18,Training Session,Whole Session,120.0,1108.0,6619.0,55.0,9.0,1.0,0.0,0.0,6.5,82.1,0.9,90.0,39.0
Gavin,Left Back,,2026-08-18,Training Session,Whole Session,120.0,881.0,7194.0,60.0,22.0,3.0,11.0,2.0,8.0,91.6,1.0,64.0,30.0
Peter Guessan,Left Wing Back,,2026-08-18,Training Session,Whole Session,120.0,788.0,5104.0,43.0,73.0,7.0,20.0,2.0,8.3,95.3,0.7,67.0,37.0
Sho Haggerty,Right Back,,2026-08-18,Training Session,Whole Session,120.0,1105.0,7548.0,63.0,74.0,7.0,0.0,0.0,8.0,88.1,1.0,61.0,44.0
Orane Watson,Striker,,2026-08-18,Training Session,Whole Session,120.0,1089.0,6745.0,56.0,94.0,9.0,22.0,2.0,8.0,98.5,0.9,80.0,46.0
Caleb Borneo,,,2026-08-18,Training Session,Whole Session,120.0,1022.0,5823.0,49.0,67.0,8.0,10.0,2.0,7.9,92.7,0.8,81.0,39.0
Ben,Centre Back,"Defense, UNCG",2026-08-19,Training Session,Whole Session,120.0,396.0,4027.0,34.0,0.0,0.0,0.0,0.0,4.7,57.9,0.6,38.0,23.0
Mohammed Sumaila,Centre Back,"Defense, UNCG",2026-08-19,Training Session,Whole Session,120.0,492.0,4434.0,37.0,0.0,0.0,0.0,0.0,7.0,78.7,0.6,77.0,50.0
Mason Dancy,Centre Back,"Defense, UNCG",2026-08-19,Training Session,Whole Session,120.0,559.0,4835.0,40.0,0.0,0.0,0.0,0.0,6.7,76.1,0.7,54.0,24.0
bautista schmidt,Left Back,"Defense, UNCG",2026-08-19,Training Session,Whole Session,120.0,465.0,4773.0,40.0,0.0,0.0,0.0,0.0,5.6,66.3,0.7,50.0,31.0
Trym Linberg,Right Back,"Defense, UNCG",2026-08-19,Training Session,Whole Session,120.0,592.0,4924.0,41.0,16.0,1.0,0.0,0.0,7.7,85.4,0.7,62.0,35.0
Lasse Dahl,Right Winger,FORWARDS,2026-08-19,Training Session,Whole Session,120.0,615.0,5685.0,47.0,0.0,0.0,0.0,0.0,6.8,78.9,0.8,49.0,27.0
Pablo Torre,Centre Forward,"FORWARDS, UNCG",2026-08-19,Training Session,Whole Session,120.0,757.0,6004.0,50.0,8.0,1.0,0.0,0.0,7.3,81.7,0.8,65.0,39.0
Mason Poveromo,Left Winger,"FORWARDS, UNCG",2026-08-19,Training Session,Whole Session,120.0,526.0,4472.0,37.0,8.0,1.0,0.0,0.0,6.9,81.7,0.6,28.0,12.0
Filipe Gomes de Matos,Centre Attacking Midfielder,MIDS,2026-08-19,Training Session,Whole Session,120.0,885.0,5895.0,49.0,49.0,5.0,14.0,1.0,8.0,95.2,0.8,74.0,37.0
Ethan lam,Centre Attacking Midfielder,"MIDS, UNCG",2026-08-19,Training Session,Whole Session,120.0,562.0,4976.0,41.0,9.0,1.0,0.0,0.0,7.0,81.6,0.7,27.0,13.0
Sigurd,Centre Midfielder,"MIDS, UNCG",2026-08-19,Training Session,Whole Session,120.0,674.0,5001.0,42.0,11.0,2.0,0.0,0.0,6.9,81.8,0.7,45.0,26.0
Steven Hernandez,Left Winger,UNCG,2026-08-19,Training Session,Whole Session,120.0,238.0,1930.0,16.0,8.0,1.0,0.0,0.0,7.5,81.8,0.3,11.0,6.0
Keaviano Francis,Centre Attacking Midfielder,,2026-08-19,Training Session,Whole Session,120.0,630.0,5026.0,42.0,48.0,5.0,0.0,0.0,7.4,88.8,0.7,71.0,43.0
Naej Desravins,Centre Defensive Midfielder,,2026-08-19,Training Session,Whole Session,,,,,,,,,,,,,
Tiago Mendes de Campos,Centre Midfielder,,2026-08-19,Training Session,Whole Session,120.0,663.0,5499.0,46.0,0.0,0.0,0.0,0.0,6.4,65.2,0.8,35.0,29.0
Bendix Bennetzen,Centre Midfielder,,2026-08-19,Training Session,Whole Session,120.0,592.0,4879.0,41.0,14.0,2.0,0.0,0.0,6.9,86.6,0.7,30.0,19.0
Gavin,Left Back,,2026-08-19,Training Session,Whole Session,120.0,555.0,5193.0,43.0,0.0,0.0,0.0,0.0,6.4,73.4,0.7,57.0,39.0
Peter Guessan,Left Wing Back,,2026-08-19,Training Session,Whole Session,120.0,464.0,3988.0,33.0,5.0,1.0,0.0,0.0,7.1,82.2,0.6,31.0,20.0
Sho Haggerty,Right Back,,2026-08-19,Training Session,Whole Session,120.0,500.0,4496.0,37.0,0.0,0.0,0.0,0.0,6.4,70.9,0.6,39.0,26.0
Orane Watson,Striker,,2026-08-19,Training Session,Whole Session,120.0,694.0,5776.0,48.0,33.0,4.0,27.0,2.0,8.1,100.4,0.8,39.0,22.0
Caleb Borneo,,,2026-08-19,Training Session,Whole Session,120.0,657.0,4312.0,36.0,0.0,0.0,0.0,0.0,6.8,79.6,0.6,55.0,32.0
Ben,Centre Back,"Defense, UNCG",2026-08-20,Match Session,Whole Session,90.0,23.0,265.0,3.0,0.0,0.0,0.0,0.0,3.0,36.9,0.0,0.0,0.0
Mason Dancy,Centre Back,"Defense, UNCG",2026-08-20,Match Session,Whole Session,90.0,1195.0,7265.0,81.0,29.0,4.0,20.0,2.0,8.5,96.1,1.3,39.0,32.0
Mohammed Sumaila,Centre Back,"Defense, UNCG",2026-08-20,Match Session,Whole Session,90.0,1269.0,7877.0,88.0,35.0,3.0,0.0,0.0,7.6,85.6,1.5,57.0,34.0
bautista schmidt,Left Back,"Defense, UNCG",2026-08-20,Match Session,Whole Session,90.0,1140.0,8010.0,89.0,22.0,3.0,16.0,1.0,8.4,98.7,1.5,47.0,68.0
Trym Linberg,Right Back,"Defense, UNCG",2026-08-20,Match Session,Whole Session,90.0,1219.0,8060.0,90.0,61.0,6.0,7.0,1.0,8.2,90.9,1.5,52.0,65.0
Lasse Dahl,Right Winger,FORWARDS,2026-08-20,Match Session,Whole Session,90.0,1160.0,7469.0,83.0,102.0,8.0,27.0,2.0,8.5,98.3,1.4,53.0,38.0
Pablo Torre,Centre Forward,"FORWARDS, UNCG",2026-08-20,Match Session,Whole Session,90.0,1212.0,7732.0,86.0,46.0,5.0,0.0,0.0,7.9,88.2,1.4,82.0,47.0
Mason Poveromo,Left Winger,"FORWARDS, UNCG",2026-08-20,Match Session,Whole Session,90.0,6.0,143.0,2.0,0.0,0.0,0.0,0.0,1.3,15.7,0.0,0.0,0.0
Filipe Gomes de Matos,Centre Attacking Midfielder,MIDS,2026-08-20,Match Session,Whole Session,90.0,1860.0,8561.0,95.0,47.0,7.0,6.0,1.0,7.6,90.3,1.6,57.0,61.0
Ethan lam,Centre Attacking Midfielder,"MIDS, UNCG",2026-08-20,Match Session,Whole Session,90.0,13.0,235.0,3.0,0.0,0.0,0.0,0.0,2.2,25.6,0.0,0.0,0.0
Sigurd,Centre Midfielder,"MIDS, UNCG",2026-08-20,Match Session,Whole Session,90.0,138.0,830.0,9.0,0.0,0.0,0.0,0.0,6.4,75.8,0.2,3.0,2.0
Steven Hernandez,Left Winger,UNCG,2026-08-20,Match Session,Whole Session,90.0,0.0,0.0,0.0,0.0,0.0,0.0,0.0,0.1,0.9,0.0,0.0,0.0
Keaviano Francis,Centre Attacking Midfielder,,2026-08-20,Match Session,Whole Session,90.0,1195.0,7779.0,86.0,82.0,10.0,0.0,0.0,7.3,87.9,1.4,79.0,85.0
Naej Desravins,Centre Defensive Midfielder,,2026-08-20,Match Session,Whole Session,90.0,9.0,244.0,3.0,0.0,0.0,0.0,0.0,1.2,15.4,0.0,0.0,0.0
Bendix Bennetzen,Centre Midfielder,,2026-08-20,Match Session,Whole Session,90.0,1947.0,9300.0,103.0,54.0,5.0,5.0,1.0,7.2,90.8,1.7,59.0,69.0
Tiago Mendes de Campos,Centre Midfielder,,2026-08-20,Match Session,Whole Session,90.0,1509.0,8941.0,99.0,0.0,0.0,0.0,0.0,7.3,73.7,1.7,52.0,79.0
Gavin,Left Back,,2026-08-20,Match Session,Whole Session,90.0,9.0,262.0,3.0,0.0,0.0,0.0,0.0,1.4,15.6,0.0,0.0,0.0
Peter Guessan,Left Wing Back,,2026-08-20,Match Session,Whole Session,90.0,17.0,342.0,4.0,0.0,0.0,0.0,0.0,2.1,24.6,0.1,0.0,0.0
Sho Haggerty,Right Back,,2026-08-20,Match Session,Whole Session,90.0,7.0,204.0,2.0,0.0,0.0,0.0,0.0,1.4,15.3,0.0,0.0,0.0
Orane Watson,Striker,,2026-08-20,Match Session,Whole Session,90.0,131.0,759.0,8.0,0.0,0.0,0.0,0.0,6.1,75.1,0.1,5.0,6.0
Caleb Borneo,,,2026-08-20,Match Session,Whole Session,90.0,133.0,811.0,9.0,0.0,0.0,0.0,0.0,6.2,72.8,0.1,7.0,4.0
Ben,Centre Back,"Defense, UNCG",2026-08-21,Training Session,Whole Session,120.0,503.0,3586.0,30.0,0.0,0.0,0.0,0.0,5.5,67.7,0.5,36.0,34.0
Mason Poveromo,Left Winger,"FORWARDS, UNCG",2026-08-21,Training Session,Whole Session,120.0,907.0,5542.0,46.0,68.0,8.0,109.0,4.0,8.8,104.3,0.8,50.0,34.0
Ethan lam,Centre Attacking Midfielder,"MIDS, UNCG",2026-08-21,Training Session,Whole Session,120.0,660.0,4367.0,36.0,0.0,0.0,0.0,0.0,6.5,75.4,0.6,49.0,37.0
Sigurd,Centre Midfielder,"MIDS, UNCG",2026-08-21,Training Session,Whole Session,120.0,973.0,5575.0,46.0,73.0,9.0,126.0,7.0,8.2,97.2,0.8,85.0,31.0
Steven Hernandez,Left Winger,UNCG,2026-08-21,Training Session,Whole Session,120.0,477.0,3395.0,28.0,23.0,2.0,0.0,0.0,7.4,81.2,0.5,31.0,6.0
Naej Desravins,Centre Defensive Midfielder,,2026-08-21,Training Session,Whole Session,120.0,709.0,4335.0,36.0,0.0,0.0,0.0,0.0,6.1,78.2,0.6,71.0,36.0
Gavin,Left Back,,2026-08-21,Training Session,Whole Session,120.0,691.0,5032.0,42.0,0.0,0.0,0.0,0.0,6.0,69.2,0.7,54.0,39.0
Peter Guessan,Left Wing Back,,2026-08-21,Training Session,Whole Session,120.0,680.0,4128.0,34.0,0.0,0.0,0.0,0.0,6.0,69.7,0.6,48.0,39.0
Sho Haggerty,Right Back,,2026-08-21,Training Session,Whole Session,120.0,728.0,4674.0,39.0,0.0,0.0,0.0,0.0,6.3,69.7,0.6,60.0,49.0
Orane Watson,Striker,,2026-08-21,Training Session,Whole Session,120.0,659.0,4297.0,36.0,0.0,0.0,0.0,0.0,6.0,74.3,0.6,50.0,36.0
Caleb Borneo,,,2026-08-21,Training Session,Whole Session,120.0,692.0,3919.0,33.0,0.0,0.0,0.0,0.0,6.0,69.9,0.5,71.0,35.0
Ben,Centre Back,"Defense, UNCG",2026-08-22,Training Session,Whole Session,120.0,275.0,2525.0,21.0,0.0,0.0,0.0,0.0,3.7,46.1,0.3,17.0,4.0
Mohammed Sumaila,Centre Back,"Defense, UNCG",2026-08-22,Training Session,Whole Session,120.0,407.0,2970.0,25.0,0.0,0.0,0.0,0.0,5.0,56.2,0.4,26.0,11.0
Mason Dancy,Centre Back,"Defense, UNCG",2026-08-22,Training Session,Whole Session,120.0,327.0,2771.0,23.0,0.0,0.0,0.0,0.0,6.8,77.0,0.4,14.0,8.0
bautista schmidt,Left Back,"Defense, UNCG",2026-08-22,Training Session,Whole Session,120.0,285.0,2717.0,23.0,0.0,0.0,0.0,0.0,4.9,57.1,0.4,15.0,5.0
Trym Linberg,Right Back,"Defense, UNCG",2026-08-22,Training Session,Whole Session,120.0,414.0,3358.0,28.0,7.0,1.0,0.0,0.0,7.2,80.3,0.5,19.0,11.0
Lasse Dahl,Right Winger,FORWARDS,2026-08-22,Training Session,Whole Session,120.0,225.0,2614.0,22.0,0.0,0.0,0.0,0.0,3.3,38.5,0.4,7.0,0.0
Pablo Torre,Centre Forward,"FORWARDS, UNCG",2026-08-22,Training Session,Whole Session,120.0,517.0,3982.0,33.0,0.0,0.0,0.0,0.0,6.3,70.1,0.6,29.0,13.0
Mason Poveromo,Left Winger,"FORWARDS, UNCG",2026-08-22,Training Session,Whole Session,120.0,486.0,3839.0,32.0,24.0,3.0,0.0,0.0,7.5,85.4,0.5,22.0,13.0
Filipe Gomes de Matos,Centre Attacking Midfielder,MIDS,2026-08-22,Training Session,Whole Session,120.0,386.0,2841.0,24.0,13.0,2.0,0.0,0.0,6.9,82.0,0.4,15.0,5.0
Ethan lam,Centre Attacking Midfielder,"MIDS, UNCG",2026-08-22,Training Session,Whole Session,120.0,452.0,4179.0,35.0,0.0,0.0,0.0,0.0,5.7,66.1,0.6,27.0,12.0
Sigurd,Centre Midfielder,"MIDS, UNCG",2026-08-22,Training Session,Whole Session,120.0,640.0,4380.0,37.0,0.0,0.0,0.0,0.0,5.2,61.0,0.6,53.0,22.0
Steven Hernandez,Left Winger,UNCG,2026-08-22,Training Session,Whole Session,120.0,572.0,4549.0,38.0,0.0,0.0,0.0,0.0,7.3,79.6,0.6,57.0,38.0
Keaviano Francis,Centre Attacking Midfielder,,2026-08-22,Training Session,Whole Session,120.0,381.0,3575.0,30.0,12.0,1.0,0.0,0.0,7.0,84.5,0.5,21.0,18.0
Naej Desravins,Centre Defensive Midfielder,,2026-08-22,Training Session,Whole Session,120.0,448.0,3752.0,31.0,0.0,0.0,0.0,0.0,4.9,62.0,0.5,33.0,14.0
Bendix Bennetzen,Centre Midfielder,,2026-08-22,Training Session,Whole Session,120.0,383.0,3023.0,25.0,0.0,0.0,0.0,0.0,6.4,79.9,0.4,24.0,13.0
Tiago Mendes de Campos,Centre Midfielder,,2026-08-22,Training Session,Whole Session,120.0,414.0,3263.0,27.0,0.0,0.0,0.0,0.0,4.8,48.6,0.5,19.0,13.0
Seth Wilson,Goalkeeper,,2026-08-22,Training Session,Whole Session,,,,,,,,,,,,,
Aiden William Thomas Jordan,Goalkeeper,,2026-08-22,Training Session,Whole Session,,,,,,,,,,,,,
Gavin,Left Back,,2026-08-22,Training Session,Whole Session,120.0,531.0,4840.0,40.0,0.0,0.0,0.0,0.0,5.9,67.0,0.7,29.0,15.0
Peter Guessan,Left Wing Back,,2026-08-22,Training Session,Whole Session,120.0,358.0,2898.0,24.0,6.0,1.0,0.0,0.0,7.1,81.3,0.4,21.0,14.0
Sho Haggerty,Right Back,,2026-08-22,Training Session,Whole Session,120.0,644.0,5390.0,45.0,15.0,1.0,0.0,0.0,7.9,87.6,0.7,38.0,18.0
Orane Watson,Striker,,2026-08-22,Training Session,Whole Session,120.0,492.0,3885.0,32.0,12.0,2.0,0.0,0.0,6.8,84.1,0.5,28.0,15.0
Caleb Borneo,,,2026-08-22,Training Session,Whole Session,120.0,500.0,3440.0,29.0,17.0,1.0,0.0,0.0,7.5,88.1,0.5,39.0,18.0
JUNGLING malo,,,2026-08-22,Training Session,Whole Session,,,,,,,,,,,,,
Luke Holdstock,,,2026-08-22,Training Session,Whole Session,,,,,,,,,,,,,
Mathis Robinand,,,2026-08-22,Training Session,Whole Session,,,,,,,,,,,,,
Mason Dancy,Centre Back,"Defense, UNCG",2026-08-23,Match Session,Whole Session,90.0,1140.0,6840.0,76.0,30.0,5.0,32.0,1.0,8.4,95.1,1.3,41.0,37.0
Mohammed Sumaila,Centre Back,"Defense, UNCG",2026-08-23,Match Session,Whole Session,90.0,1289.0,7683.0,85.0,46.0,5.0,12.0,1.0,8.3,92.6,1.4,72.0,39.0
Ben,Centre Back,"Defense, UNCG",2026-08-23,Match Session,Whole Session,90.0,8.0,202.0,2.0,0.0,0.0,0.0,0.0,1.3,16.4,0.0,0.0,0.0
bautista schmidt,Left Back,"Defense, UNCG",2026-08-23,Match Session,Whole Session,90.0,1189.0,7503.0,83.0,102.0,9.0,31.0,3.0,7.9,92.9,1.4,48.0,67.0
Trym Linberg,Right Back,"Defense, UNCG",2026-08-23,Match Session,Whole Session,90.0,1141.0,7496.0,83.0,55.0,5.0,0.0,0.0,7.9,88.0,1.4,66.0,67.0
Lasse Dahl,Right Winger,FORWARDS,2026-08-23,Match Session,Whole Session,90.0,1250.0,7608.0,85.0,45.0,7.0,26.0,2.0,8.4,97.5,1.4,54.0,48.0
Pablo Torre,Centre Forward,"FORWARDS, UNCG",2026-08-23,Match Session,Whole Session,90.0,1182.0,7820.0,87.0,59.0,7.0,0.0,0.0,7.7,85.9,1.4,89.0,67.0
Mason Poveromo,Left Winger,"FORWARDS, UNCG",2026-08-23,Match Session,Whole Session,90.0,6.0,139.0,2.0,0.0,0.0,0.0,0.0,1.2,13.4,0.0,0.0,0.0
Filipe Gomes de Matos,Centre Attacking Midfielder,MIDS,2026-08-23,Match Session,Whole Session,90.0,771.0,3556.0,40.0,36.0,5.0,33.0,1.0,8.0,95.8,0.7,23.0,32.0
Ethan lam,Centre Attacking Midfielder,"MIDS, UNCG",2026-08-23,Match Session,Whole Session,90.0,11.0,271.0,3.0,0.0,0.0,0.0,0.0,1.4,16.7,0.0,0.0,0.0
Sigurd,Centre Midfielder,"MIDS, UNCG",2026-08-23,Match Session,Whole Session,90.0,83.0,624.0,7.0,0.0,0.0,0.0,0.0,5.7,67.2,0.1,2.0,3.0
Steven Hernandez,Left Winger,UNCG,2026-08-23,Match Session,Whole Session,90.0,0.0,0.0,0.0,0.0,0.0,0.0,0.0,0.1,1.0,0.0,0.0,0.0
Keaviano Francis,Centre Attacking Midfielder,,2026-08-23,Match Session,Whole Session,90.0,1156.0,7846.0,87.0,145.0,14.0,41.0,4.0,8.2,98.5,1.5,69.0,60.0
Naej Desravins,Centre Defensive Midfielder,,2026-08-23,Match Session,Whole Session,90.0,12.0,282.0,3.0,0.0,0.0,0.0,0.0,2.0,25.2,0.1,0.0,1.0
Bendix Bennetzen,Centre Midfielder,,2026-08-23,Match Session,Whole Session,90.0,1711.0,8207.0,91.0,21.0,2.0,32.0,2.0,7.9,99.4,1.5,61.0,75.0
Tiago Mendes de Campos,Centre Midfielder,,2026-08-23,Match Session,Whole Session,90.0,1584.0,9000.0,100.0,0.0,0.0,0.0,0.0,7.6,77.6,1.7,74.0,86.0
Gavin,Left Back,,2026-08-23,Match Session,Whole Session,90.0,15.0,317.0,4.0,0.0,0.0,0.0,0.0,3.1,35.6,0.1,0.0,0.0
Peter Guessan,Left Wing Back,,2026-08-23,Match Session,Whole Session,90.0,14.0,283.0,3.0,0.0,0.0,0.0,0.0,1.9,21.7,0.1,0.0,0.0
Sho Haggerty,Right Back,,2026-08-23,Match Session,Whole Session,90.0,9.0,224.0,2.0,0.0,0.0,0.0,0.0,2.8,30.7,0.0,0.0,0.0
Orane Watson,Striker,,2026-08-23,Match Session,Whole Session,90.0,8.0,191.0,2.0,0.0,0.0,0.0,0.0,1.5,18.2,0.0,0.0,0.0
Caleb Borneo,,,2026-08-23,Match Session,Whole Session,90.0,1048.0,5246.0,58.0,151.0,12.0,5.0,1.0,7.7,90.6,1.0,57.0,46.0
Mason Dancy,Centre Back,"Defense, UNCG",2026-08-25,Training Session,Whole Session,120.0,0.0,3.0,0.0,0.0,0.0,0.0,0.0,0.1,1.1,0.0,0.0,0.0
Ben,Centre Back,"Defense, UNCG",2026-08-25,Training Session,Whole Session,120.0,673.0,5360.0,45.0,50.0,5.0,11.0,1.0,7.7,95.0,0.7,63.0,57.0
Mohammed Sumaila,Centre Back,"Defense, UNCG",2026-08-25,Training Session,Whole Session,120.0,0.0,3.0,0.0,0.0,0.0,0.0,0.0,0.2,1.8,0.0,0.0,0.0
bautista schmidt,Left Back,"Defense, UNCG",2026-08-25,Training Session,Whole Session,120.0,0.0,0.0,0.0,0.0,0.0,0.0,0.0,0.2,2.1,0.0,0.0,0.0
Trym Linberg,Right Back,"Defense, UNCG",2026-08-25,Training Session,Whole Session,120.0,0.0,4.0,0.0,0.0,0.0,0.0,0.0,0.2,2.0,0.0,0.0,0.0
Lasse Dahl,Right Winger,FORWARDS,2026-08-25,Training Session,Whole Session,120.0,0.0,0.0,0.0,0.0,0.0,0.0,0.0,0.2,2.4,0.0,0.0,0.0
Pablo Torre,Centre Forward,"FORWARDS, UNCG",2026-08-25,Training Session,Whole Session,120.0,0.0,2.0,0.0,0.0,0.0,0.0,0.0,0.1,1.3,0.0,0.0,0.0
Mason Poveromo,Left Winger,"FORWARDS, UNCG",2026-08-25,Training Session,Whole Session,120.0,1124.0,7244.0,60.0,15.0,1.0,0.0,0.0,7.8,88.4,1.0,97.0,93.0
Filipe Gomes de Matos,Centre Attacking Midfielder,MIDS,2026-08-25,Training Session,Whole Session,120.0,1180.0,6617.0,55.0,27.0,3.0,0.0,0.0,7.4,88.2,0.9,65.0,62.0
Ethan lam,Centre Attacking Midfielder,"MIDS, UNCG",2026-08-25,Training Session,Whole Session,120.0,1056.0,6868.0,57.0,21.0,2.0,0.0,0.0,7.6,89.3,1.0,92.0,74.0
Sigurd,Centre Midfielder,"MIDS, UNCG",2026-08-25,Training Session,Whole Session,120.0,1333.0,7572.0,63.0,64.0,6.0,21.0,1.0,8.1,95.5,1.1,108.0,87.0
Steven Hernandez,Left Winger,UNCG,2026-08-25,Training Session,Whole Session,120.0,563.0,4190.0,35.0,11.0,1.0,0.0,0.0,7.6,83.2,0.6,55.0,29.0
Keaviano Francis,Centre Attacking Midfielder,,2026-08-25,Training Session,Whole Session,120.0,0.0,2.0,0.0,0.0,0.0,0.0,0.0,0.2,2.6,0.0,0.0,0.0
Naej Desravins,Centre Defensive Midfielder,,2026-08-25,Training Session,Whole Session,120.0,945.0,6066.0,51.0,39.0,5.0,21.0,2.0,7.9,100.4,0.8,91.0,87.0
Bendix Bennetzen,Centre Midfielder,,2026-08-25,Training Session,Whole Session,120.0,679.0,4726.0,39.0,13.0,2.0,17.0,1.0,7.8,98.2,0.7,45.0,37.0
Tiago Mendes de Campos,Centre Midfielder,,2026-08-25,Training Session,Whole Session,120.0,151.0,1151.0,10.0,0.0,0.0,0.0,0.0,7.6,77.6,0.2,10.0,7.0
Gavin,Left Back,,2026-08-25,Training Session,Whole Session,120.0,920.0,6783.0,57.0,37.0,3.0,0.0,0.0,7.8,89.0,0.9,81.0,73.0
Peter Guessan,Left Wing Back,,2026-08-25,Training Session,Whole Session,120.0,1092.0,6576.0,55.0,52.0,5.0,7.0,1.0,7.9,91.7,0.9,77.0,93.0
Sho Haggerty,Right Back,,2026-08-25,Training Session,Whole Session,120.0,1074.0,7153.0,60.0,28.0,4.0,6.0,1.0,8.2,90.2,1.0,96.0,76.0
Orane Watson,Striker,,2026-08-25,Training Session,Whole Session,120.0,1047.0,6857.0,57.0,11.0,2.0,0.0,0.0,6.7,82.4,1.0,82.0,69.0
Mathis Robinand,,,2026-08-25,Training Session,Whole Session,120.0,0.0,1.0,0.0,0.0,0.0,0.0,0.0,0.1,0.0,0.0,0.0,0.0
Caleb Borneo,,,2026-08-25,Training Session,Whole Session,120.0,576.0,3776.0,31.0,36.0,4.0,15.0,1.0,8.3,97.2,0.5,68.0,49.0
JUNGLING malo,,,2026-08-25,Training Session,Whole Session,120.0,0.0,5.0,0.0,0.0,0.0,0.0,0.0,0.2,0.0,0.0,0.0,0.0
